time,rpm
14.055804988662132,8459.545951836311
14.056804988662131,8492.376285327608
14.05780498866213,8525.120184331288
14.05880498866213,8557.852426138177
14.05980498866213,8591.134640049842
14.06080498866213,8624.476608998271
14.061804988662129,8657.805583007988
14.062804988662128,8690.945899455068
14.063804988662127,8723.755786150332
14.064804988662127,8756.28283105298
14.065804988662126,8788.401120369528
14.066804988662126,8849.005435508192
14.067804988662125,8914.731760830638
14.068804988662125,8980.062856855717
14.069804988662124,9042.870963449925
14.070804988662124,9104.39560960315
14.071804988662123,9164.673634716943
14.072804988662122,9223.08016070206
14.073804988662122,9280.589026548641
14.074804988662121,9337.58200282927
14.07580498866212,9395.357255918878
14.07680498866212,9454.414436155992
14.07780498866212,9514.720614864935
14.07880498866212,9577.196238321694
14.079804988662119,9641.416703221827
14.080804988662118,9706.690883637299
14.081804988662117,9773.111728870557
14.082804988662117,9841.290768351497
14.083804988662116,9910.68359813721
14.084804988662116,9981.379728993921
14.085804988662115,10054.561747886313
14.086804988662115,10129.277567547677
14.087804988662114,10205.548914401188
14.088804988662114,10284.619025330107
14.089804988662113,10366.145965016249
14.090804988662113,10449.99993162024
14.091804988662112,10537.902427670913
14.092804988662111,10629.381796029948
14.09380498866211,10723.61308585934
14.09480498866211,10821.547287028543
14.09580498866211,10923.588374640976
14.09680498866211,11027.624569474652
14.097804988662109,11133.523473476125
14.098804988662108,11241.344337652505
14.099804988662108,11349.927670611045
14.100804988662107,11459.197200232307
14.101804988662106,11569.419868662011
14.102804988662106,11680.02145915965
14.103804988662105,11790.993691239197
14.104804988662105,11902.563829247607
14.105804988662104,12013.760022294728
14.106804988662104,12124.382138269517
14.107804988662103,12233.545147323439
14.108804988662103,12341.298972117133
14.109804988662102,12448.032779973477
14.110804988662101,12553.476765809502
14.1118049886621,12656.71198518813
14.1128049886621,12758.228420305104
14.1138049886621,12857.750761051546
14.1148049886621,12954.099682793183
14.115804988662099,13048.639253390795
14.116804988662098,13141.345149537945
14.117804988662098,13230.381449794055
14.118804988662097,13316.756207565008
14.119804988662096,13400.703559609045
14.120804988662096,13480.963041215104
14.121804988662095,13558.413982837466
14.122804988662095,13633.746997950553
14.123804988662094,13706.33664084799
14.124804988662094,13776.312311201391
14.125804988662093,13844.659344528793
14.126804988662093,13911.183618070621
14.127804988662092,13976.351248393283
14.128804988662091,14041.221797064449
14.129804988662091,14105.928509933727
14.13080498866209,14170.82619017669
14.13180498866209,14235.797595299871
14.13280498866209,14300.827886150773
14.133804988662089,14365.826873386823
14.134804988662088,14430.802651066837
14.135804988662088,14495.637389125022
14.136804988662087,14559.896498669843
14.137804988662086,14623.291743243832
14.138804988662086,14686.257732692255
14.139804988662085,14748.939330139307
14.140804988662085,14812.017181668805
14.141804988662084,14875.463159717261
14.142804988662084,14939.382301472931
14.143804988662083,15003.943978869293
14.144804988662083,15068.825059419627
14.145804988662082,15134.01494068315
14.146804988662081,15199.719301832003
14.147804988662081,15265.84681126303
14.14880498866208,15332.384801167562
14.14980498866208,15399.604494347557
14.15080498866208,15466.871124622594
14.151804988662079,15534.06534327197
14.152804988662078,15600.915850244704
14.153804988662078,15667.465232262095
14.154804988662077,15733.853098555885
14.155804988662076,15800.08941561507
14.156804988662076,15866.140662876402
14.157804988662075,15932.357844369935
14.158804988662075,15998.852638403694
14.159804988662074,16066.218685975637
14.160804988662074,16133.95510313654
14.161804988662073,16202.034194230533
14.162804988662073,16270.442957645939
14.163804988662072,16338.897266384898
14.164804988662071,16407.391063024646
14.165804988662071,16475.939243771816
14.16680498866207,16544.532220506786
14.16780498866207,16613.160434606147
14.16880498866207,16681.83715374367
14.169804988662069,16749.96411239986
14.170804988662068,16817.706553272204
14.171804988662068,16884.988797712747
14.172804988662067,16952.28453287365
14.173804988662067,17019.71382604504
14.174804988662066,17087.305196310426
14.175804988662065,17155.260835459205
14.176804988662065,17223.45001578866
14.177804988662064,17291.872440749106
14.178804988662064,17360.67602055864
14.179804988662063,17429.73961723941
14.180804988662063,17499.00550096623
14.181804988662062,17568.516586289326
14.182804988662062,17638.164834707724
14.183804988662061,17707.915822162933
14.18480498866206,17777.801107916843
14.18580498866206,17847.428700282595
14.18680498866206,17916.889436127887
14.187804988662059,17986.16479210683
14.188804988662058,18055.17532847829
14.189804988662058,18123.76495748499
14.190804988662057,18191.897897958654
14.191804988662057,18259.199952221657
14.192804988662056,18325.988972850126
14.193804988662055,18392.291165257935
14.194804988662055,18457.804112912516
14.195804988662054,18522.51514371052
14.196804988662054,18586.510512431418
14.197804988662053,18649.365497067756
14.198804988662053,18710.84428479553
14.199804988662052,18771.40607121401
14.200804988662052,18830.887515610295
14.201804988662051,18888.7459362734
14.20280498866205,18945.622357551158
14.20380498866205,19001.47905776006
14.20480498866205,19055.718735393166
14.205804988662049,19109.06308687259
14.206804988662048,19161.500112778755
14.207804988662048,19212.251429781194
14.208804988662047,19261.425898864614
14.209804988662047,19309.194715830905
14.210804988662046,19354.8047586182
14.211804988662045,19398.95351993049
14.212804988662045,19441.99035063107
14.213804988662044,19483.54871102953
14.214804988662044,19523.485462296034
14.215804988662043,19562.33708446776
14.216804988662043,19599.933455589002
14.217804988662042,19635.70429526364
14.218804988662042,19670.480082251972
14.219804988662041,19704.28261965503
14.22080498866204,19736.52561052318
14.22180498866204,19767.806570451485
14.22280498866204,19798.168312884776
14.223804988662039,19827.217012646735
14.224804988662038,19855.33035770697
14.225804988662038,19882.690750703514
14.226804988662037,19909.033240572884
14.227804988662037,19934.537047873127
14.228804988662036,19959.662783647094
14.229804988662035,19984.550639387297
14.230804988662035,20009.74724687587
14.231804988662034,20035.150117232435
14.232804988662034,20060.78173462581
14.233804988662033,20086.525406533354
14.234804988662033,20112.460922885188
14.235804988662032,20138.597640505144
14.236804988662032,20165.007565192853
14.237804988662031,20191.577913453915
14.23880498866203,20218.30378856648
14.23980498866203,20245.305210598035
14.24080498866203,20272.611082150775
14.241804988662029,20300.201766625352
14.242804988662028,20328.26353183316
14.243804988662028,20356.95335417401
14.244804988662027,20386.076873751277
14.245804988662027,20415.7213965468
14.246804988662026,20446.12919341031
14.247804988662025,20476.998872569086
14.248804988662025,20508.340973353013
14.249804988662024,20540.340118018983
14.250804988662024,20572.663550759713
14.251804988662023,20605.311517003993
14.252804988662023,20638.516961976995
14.253804988662022,20672.107730117994
14.254804988662022,20706.084777348628
14.255804988662021,20740.796602997205
14.25680498866202,20775.968083224543
14.25780498866202,20811.510211029512
14.25880498866202,20847.57218879179
14.259804988662019,20883.919850195634
14.260804988662018,20920.451626992173
14.261804988662018,20957.190290569637
14.262804988662017,20994.384666692884
14.263804988662017,21031.808670240876
14.264804988662016,21069.454531615356
14.265804988662016,21107.449638480946
14.266804988662015,21145.65423755401
14.267804988662014,21184.043104235585
14.268804988662014,21222.62413579379
14.269804988662013,21261.29223657297
14.270804988662013,21300.038093369807
14.271804988662012,21338.908588133818
14.272804988662012,21377.904704995388
14.273804988662011,21416.981526965385
14.27480498866201,21456.150429006513
14.27580498866201,21495.475217740146
14.27680498866201,21534.936384780787
14.277804988662009,21574.557508404632
14.278804988662008,21614.505972883144
14.279804988662008,21654.64148615921
14.280804988662007,21694.98790115843
14.281804988662007,21736.05303611222
14.282804988662006,21777.611466563525
14.283804988662006,21819.56593713775
14.284804988662005,21861.929427732484
14.285804988662004,21904.53345597491
14.286804988662004,21947.2761372662
14.287804988662003,21990.128837865403
14.288804988662003,22033.072947276167
14.289804988662002,22076.104944819803
14.290804988662002,22119.258266333964
14.291804988662001,22162.57028783015
14.292804988662,22205.994557366244
14.293804988662,22249.535518293516
14.294804988662,22292.960467874902
14.295804988661999,22336.32139946632
14.296804988661998,22379.62465081585
14.297804988661998,22422.883923478716
14.298804988661997,22466.129063412907
14.299804988661997,22509.343342841312
14.300804988661996,22552.45999913879
14.301804988661996,22595.391449715626
14.302804988661995,22638.119683775716
14.303804988661994,22680.507009740722
14.304804988661994,22722.430364087602
14.305804988661993,22764.030232718505
14.306804988661993,22805.25874420125
14.307804988661992,22845.88357363077
14.308804988661992,22886.176111362318
14.309804988661991,22926.14003129486
14.31080498866199,22965.54245025665
14.31180498866199,23004.595251974217
14.31280498866199,23043.32005176863
14.313804988661989,23081.537238349003
14.314804988661988,23119.422446260134
14.315804988661988,23157.147951264757
14.316804988661987,23194.866497155268
14.317804988661987,23232.59294069073
14.318804988661986,23270.273277231674
14.319804988661986,23307.85276649869
14.320804988661985,23345.171682636177
14.321804988661984,23382.22786088594
14.322804988661984,23418.975795764025
14.323804988661983,23455.283384522696
14.324804988661983,23491.385039726105
14.325804988661982,23527.281755610504
14.326804988661982,23562.81301710772
14.327804988661981,23598.166388622885
14.32880498866198,23633.382405819753
14.32980498866198,23668.463185099794
14.33080498866198,23703.444145404654
14.331804988661979,23738.353958310287
14.332804988661978,23773.176301923046
14.333804988661978,23807.94381444499
14.334804988661977,23842.665393142863
14.335804988661977,23877.328050533823
14.336804988661976,23911.746939571007
14.337804988661976,23945.944426004477
14.338804988661975,23979.905863921034
14.339804988661975,24013.449457830196
14.340804988661974,24046.755160411663
14.341804988661973,24079.81998218732
14.342804988661973,24112.45058094714
14.343804988661972,24144.942820378328
14.344804988661972,24177.317088697455
14.345804988661971,24209.515484690855
14.34680498866197,24241.543692489053
14.34780498866197,24273.438801524146
14.34880498866197,24305.154735615593
14.349804988661969,24336.62964440121
14.350804988661968,24367.949365716016
14.351804988661968,24399.09883313704
14.352804988661967,24429.911063788684
14.353804988661967,24460.502620433694
14.354804988661966,24490.869075291765
14.355804988661966,24520.808623222347
14.356804988661965,24550.420781248176
14.357804988661965,24579.712931497532
14.358804988661964,24608.42911400886
14.359804988661963,24636.62395936035
14.360804988661963,24664.39432531977
14.361804988661962,24691.55818028665
14.362804988661962,24718.137457352324
14.363804988661961,24744.330173039925
14.36480498866196,24770.071108267282
14.36580498866196,24795.19481800295
14.36680498866196,24819.955428580113
14.367804988661959,24844.346425209897
14.368804988661958,24868.222781569402
14.369804988661958,24891.87198400724
14.370804988661957,24915.297614304964
14.371804988661957,24938.363186025043
14.372804988661956,24961.158575262765
14.373804988661956,24983.696961639685
14.374804988661955,25005.783742392392
14.375804988661955,25027.37707839634
14.376804988661954,25048.592121772115
14.377804988661953,25069.300166582456
14.378804988661953,25089.54947463035
14.379804988661952,25109.56979854638
14.380804988661952,25129.369852406795
14.381804988661951,25149.09970168051
14.38280498866195,25168.871930140085
14.38380498866195,25188.6996432585
14.38480498866195,25208.567204641076
14.385804988661949,25228.43832801745
14.386804988661948,25248.315012854295
14.387804988661948,25268.2134160816
14.388804988661947,25288.117668966996
14.389804988661947,25308.01379301667
14.390804988661946,25327.869002031148
14.391804988661946,25347.659834400296
14.392804988661945,25367.4045570103
14.393804988661945,25387.091603813922
14.394804988661944,25406.677304944846
14.395804988661943,25426.231992741046
14.396804988661943,25445.76575071636
14.397804988661942,25465.348863831146
14.398804988661942,25484.95024234608
14.399804988661941,25504.5666899376
14.40080498866194,25524.172461310616
14.40180498866194,25543.749253962924
14.40280498866194,25563.27367454401
14.403804988661939,25582.612171779445
14.404804988661938,25601.69736569081
14.405804988661938,25620.59598761925
14.406804988661937,25639.258802927998
14.407804988661937,25657.678978890133
14.408804988661936,25675.930065014098
14.409804988661936,25693.978345142365
14.410804988661935,25711.732263809245
14.411804988661935,25729.326343807417
14.412804988661934,25746.76347555582
14.413804988661933,25763.891825408908
14.414804988661933,25780.853317891037
14.415804988661932,25797.653526816834
14.416804988661932,25814.23273273786
14.417804988661931,25830.713927739664
14.41880498866193,25847.1249792944
14.41980498866193,25863.471841141578
14.42080498866193,25879.820151662883
14.421804988661929,25896.17160658662
14.422804988661929,25912.529629853372
14.423804988661928,25928.869144116354
14.424804988661927,25945.187743703027
14.425804988661927,25961.4785911566
14.426804988661926,25977.76868754261
14.427804988661926,25994.077037735875
14.428804988661925,26010.405699094285
14.429804988661925,26026.751954235377
14.430804988661924,26043.111714235893
14.431804988661924,26059.48940709059
14.432804988661923,26075.92266541989
14.433804988661922,26092.396051200492
14.434804988661922,26108.906721665622
14.435804988661921,26125.47967376504
14.43680498866192,26142.112016122373
14.43780498866192,26158.773780849595
14.43880498866192,26175.460825546645
14.439804988661919,26192.13777924279
14.440804988661919,26208.722153030394
14.441804988661918,26225.18048898789
14.442804988661917,26241.263846237925
14.443804988661917,26257.17629820929
14.444804988661916,26272.922062010897
14.445804988661916,26288.404824870144
14.446804988661915,26303.70369873078
14.447804988661915,26318.830380357897
14.448804988661914,26333.665769740455
14.449804988661914,26348.26105220612
14.450804988661913,26362.6735580615
14.451804988661912,26376.843227074976
14.452804988661912,26390.712347198376
14.453804988661911,26404.373961505742
14.45480498866191,26417.79056868819
14.45580498866191,26430.862017421383
14.45680498866191,26443.727520537464
14.457804988661909,26456.387676369995
14.458804988661909,26468.67789963505
14.459804988661908,26480.78374678371
14.460804988661907,26492.70945717823
14.461804988661907,26504.359941331113
14.462804988661906,26515.920851255454
14.463804988661906,26527.42728058504
14.464804988661905,26538.907971503217
14.465804988661905,26550.313198237
14.466804988661904,26561.66314411411
14.467804988661904,26572.94234030226
14.468804988661903,26584.174196572396
14.469804988661902,26595.37795925689
14.470804988661902,26606.55185591667
14.471804988661901,26617.656213871924
14.4728049886619,26628.74259138502
14.4738049886619,26639.813807140294
14.4748049886619,26650.86351765015
14.4758049886619,26661.92185952889
14.476804988661899,26672.986300314155
14.477804988661898,26684.051302663833
14.478804988661897,26695.12615370179
14.479804988661897,26706.19738250214
14.480804988661896,26717.242338980745
14.481804988661896,26728.26131825177
14.482804988661895,26739.26855486507
14.483804988661895,26750.266571103486
14.484804988661894,26761.27549084545
14.485804988661894,26772.270183113513
14.486804988661893,26783.244154655622
14.487804988661892,26794.121097158535
14.488804988661892,26804.932484506266
14.489804988661891,26815.675064121988
14.49080498866189,26826.272908102845
14.49180498866189,26836.765139902956
14.49280498866189,26847.16679478447
14.49380498866189,26857.43873707552
14.494804988661889,26867.585356307187
14.495804988661888,26877.65159741001
14.496804988661887,26887.631037615196
14.497804988661887,26897.49729905036
14.498804988661886,26907.288442593774
14.499804988661886,26916.993596034357
14.500804988661885,26926.542244845652
14.501804988661885,26935.984036122427
14.502804988661884,26945.315246137354
14.503804988661884,26954.364317885684
14.504804988661883,26963.244183469014
14.505804988661883,26971.958818788145
14.506804988661882,26980.401646230228
14.507804988661881,26988.677979409313
14.50880498866188,26996.822574028873
14.50980498866188,27004.792117649118
14.51080498866188,27012.599176454132
14.51180498866188,27020.290580322097
14.512804988661879,27027.83791243596
14.513804988661878,27035.210813779224
14.514804988661878,27042.460714061544
14.515804988661877,27049.573131284316
14.516804988661876,27056.46205728388
14.517804988661876,27063.213981483277
14.518804988661875,27069.827136371183
14.519804988661875,27076.184174078717
14.520804988661874,27082.380251011895
14.521804988661874,27088.435717590797
14.522804988661873,27094.29966085099
14.523804988661873,27100.07851979136
14.524804988661872,27105.81097628409
14.525804988661871,27111.51400511516
14.52680498866187,27117.209327717523
14.52780498866187,27122.910084876465
14.52880498866187,27128.62493176015
14.52980498866187,27134.39327020585
14.530804988661869,27140.21566383522
14.531804988661868,27146.09820031486
14.532804988661868,27152.067573325472
14.533804988661867,27158.092917094677
14.534804988661866,27164.17139754101
14.535804988661866,27170.312495839327
14.536804988661865,27176.516918875277
14.537804988661865,27182.77360395364
14.538804988661864,27189.101236417056
14.539804988661864,27195.47739182132
14.540804988661863,27201.888785540545
14.541804988661863,27208.34496566644
14.542804988661862,27214.87409163224
14.543804988661861,27221.44449204921
14.544804988661861,27228.058062257933
14.54580498866186,27234.741530242572
14.54680498866186,27241.481719075142
14.54780498866186,27248.281409941035
14.548804988661859,27255.20388314474
14.549804988661858,27262.208808265845
14.550804988661858,27269.289517220375
14.551804988661857,27276.476067682364
14.552804988661856,27283.751868610092
14.553804988661856,27291.10758241805
14.554804988661855,27298.59153597105
14.555804988661855,27306.171122236596
14.556804988661854,27313.821969893364
14.557804988661854,27321.563993827054
14.558804988661853,27329.382397275487
14.559804988661853,27337.25759712828
14.560804988661852,27345.19597120392
14.561804988661851,27353.258563799598
14.562804988661851,27361.397561720052
14.56380498866185,27369.612038712352
14.56480498866185,27377.93821430949
14.56580498866185,27386.32718383875
14.566804988661849,27394.76280564127
14.567804988661848,27403.234295467224
14.568804988661848,27411.698952481478
14.569804988661847,27420.140738499893
14.570804988661846,27428.524935954563
14.571804988661846,27436.83990342827
14.572804988661845,27445.105677845888
14.573804988661845,27453.312366830833
14.574804988661844,27461.416940406743
14.575804988661844,27469.453455285042
14.576804988661843,27477.420707106816
14.577804988661843,27485.29782080999
14.578804988661842,27493.141488698508
14.579804988661841,27500.953785367463
14.580804988661841,27508.72891675263
14.58180498866184,27516.460338291516
14.58280498866184,27524.148746719777
14.58380498866184,27531.758525612306
14.584804988661839,27539.295000862778
14.585804988661838,27546.77402710464
14.586804988661838,27554.175316319317
14.587804988661837,27561.454192127036
14.588804988661837,27568.647441037097
14.589804988661836,27575.743216666186
14.590804988661835,27582.66552852158
14.591804988661835,27589.50164329232
14.592804988661834,27596.251883874687
14.593804988661834,27602.817410464668
14.594804988661833,27609.261751017664
14.595804988661833,27615.588617823032
14.596804988661832,27621.710278079867
14.597804988661832,27627.66879181694
14.598804988661831,27632.76920234434
14.59980498866183,27635.30011523263
14.60080498866183,27637.831028120916
14.60180498866183,27640.361941009203
14.602804988661829,27642.89285389749
14.603804988661828,27645.423766785774
14.604804988661828,27647.95467967406
14.605804988661827,27650.48559256235
14.606804988661827,27653.016505450636
14.607804988661826,27655.547418338923
14.608804988661825,27658.07833122721
14.609804988661825,27660.609244115498
14.610804988661824,27663.140157003785
14.611804988661824,27665.671069892072
14.612804988661823,27668.20198278036
14.613804988661823,27670.732895668643
14.614804988661822,27673.26380855693
14.615804988661822,27675.794721445218
14.616804988661821,27678.325634333505
14.61780498866182,27680.856547221792
14.61880498866182,27683.38746011008
14.61980498866182,27685.918372998367
14.620804988661819,27688.449285886654
14.621804988661818,27690.98019877494
14.622804988661818,27693.511111663225
14.623804988661817,27696.042024551512
14.624804988661817,27698.5729374398
14.625804988661816,27701.103850328087
14.626804988661815,27703.634763216374
14.627804988661815,27706.16567610466
14.628804988661814,27709.15749549723
14.629804988661814,27713.66180419779
14.630804988661813,27718.166112898347
14.631804988661813,27722.67042159891
14.632804988661812,27727.174730299466
14.633804988661812,27731.679039000024
14.634804988661811,27736.183347700586
14.63580498866181,27740.687656401144
14.63680498866181,27745.1919651017
14.63780498866181,27749.69627380226
14.638804988661809,27754.20058250282
14.639804988661808,27758.70489120338
14.640804988661808,27763.209199903937
14.641804988661807,27767.7135086045
14.642804988661807,27772.217817305056
14.643804988661806,27776.722126005614
14.644804988661805,27781.226434706172
14.645804988661805,27785.730743406733
14.646804988661804,27790.23505210729
14.647804988661804,27794.73936080785
14.648804988661803,27799.24366950841
14.649804988661803,27803.74797820897
14.650804988661802,27808.252286909526
14.651804988661802,27812.756595610084
14.652804988661801,27817.260904310646
14.6538049886618,27821.765213011204
14.6548049886618,27826.26952171176
14.6558049886618,27830.773830412323
14.656804988661799,27835.27813911288
14.657804988661798,27839.78244781344
14.658804988661798,27844.286756513997
14.659804988661797,27848.79106521456
14.660804988661797,27853.295373915116
14.661804988661796,27857.799682615674
14.662804988661795,27862.303991316236
14.663804988661795,27866.808300016794
14.664804988661794,27871.31260871735
14.665804988661794,27875.816917417913
14.666804988661793,27880.32122611847
14.667804988661793,27884.82553481903
14.668804988661792,27889.329843519587
14.669804988661792,27893.834152220148
14.670804988661791,27898.338460920706
14.67180498866179,27902.842769621264
14.67280498866179,27907.347078321825
14.67380498866179,27911.851387022383
14.674804988661789,27916.35569572294
14.675804988661788,27920.229148863473
14.676804988661788,27923.93857955805
14.677804988661787,27927.648010252626
14.678804988661787,27931.357440947206
14.679804988661786,27935.066871641782
14.680804988661786,27938.776302336362
14.681804988661785,27942.48573303094
14.682804988661784,27946.19516372552
14.683804988661784,27949.904594420095
14.684804988661783,27953.614025114675
14.685804988661783,27957.32345580925
14.686804988661782,27961.032886503832
14.687804988661782,27964.74231719841
14.688804988661781,27968.451747892985
14.68980498866178,27972.161178587565
14.69080498866178,27975.87060928214
14.69180498866178,27979.58003997672
14.692804988661779,27983.289470671298
14.693804988661778,27986.998901365878
14.694804988661778,27990.708332060454
14.695804988661777,27994.417762755034
14.696804988661777,27998.12719344961
14.697804988661776,28001.83662414419
14.698804988661776,28005.546054838767
14.699804988661775,28009.255485533344
14.700804988661774,28012.964916227924
14.701804988661774,28016.6743469225
14.702804988661773,28020.38377761708
14.703804988661773,28024.093208311657
14.704804988661772,28027.802639006237
14.705804988661772,28031.512069700813
14.706804988661771,28035.221500395393
14.70780498866177,28038.93093108997
14.70880498866177,28042.640361784546
14.70980498866177,28046.349792479126
14.710804988661769,28050.059223173703
14.711804988661768,28053.768653868283
14.712804988661768,28057.47808456286
14.713804988661767,28061.18751525744
14.714804988661767,28064.896945952016
14.715804988661766,28068.606376646596
14.716804988661766,28072.315807341172
14.717804988661765,28076.025238035752
14.718804988661764,28079.73466873033
14.719804988661764,28083.444099424905
14.720804988661763,28087.153530119485
14.721804988661763,28090.160007476174
14.722804988661762,28091.882243155796
14.723804988661762,28093.604478835423
14.724804988661761,28095.32671451505
14.72580498866176,28097.048950194676
14.72680498866176,28098.7711858743
14.72780498866176,28100.493421553925
14.728804988661759,28102.21565723355
14.729804988661758,28103.937892913174
14.730804988661758,28105.6601285928
14.731804988661757,28107.382364272427
14.732804988661757,28109.104599952054
14.733804988661756,28110.826835631677
14.734804988661756,28112.549071311303
14.735804988661755,28114.27130699093
14.736804988661754,28115.993542670556
14.737804988661754,28117.71577835018
14.738804988661753,28119.438014029805
14.739804988661753,28121.16024970943
14.740804988661752,28122.882485389055
14.741804988661752,28124.60472106868
14.742804988661751,28126.326956748308
14.74380498866175,28128.049192427934
14.74480498866175,28129.771428107557
14.74580498866175,28131.493663787183
14.746804988661749,28133.21589946681
14.747804988661748,28134.938135146436
14.748804988661748,28136.66037082606
14.749804988661747,28138.382606505686
14.750804988661747,28140.104842185312
14.751804988661746,28141.827077864935
14.752804988661746,28143.54931354456
14.753804988661745,28145.271549224188
14.754804988661745,28146.993784903814
14.755804988661744,28148.716020583437
14.756804988661743,28150.438256263064
14.757804988661743,28152.16049194269
14.758804988661742,28153.882727622316
14.759804988661742,28155.60496330194
14.760804988661741,28157.327198981566
14.76180498866174,28159.049434661192
14.76280498866174,28160.771670340815
14.76380498866174,28162.49390602044
14.764804988661739,28164.216141700068
14.765804988661738,28165.938377379694
14.766804988661738,28167.660613059317
14.767804988661737,28169.382848738944
14.768804988661737,28171.10508441857
14.769804988661736,28172.827320098197
14.770804988661736,28174.54955577782
14.771804988661735,28176.271791457446
14.772804988661735,28177.994027137072
14.773804988661734,28179.7162628167
14.774804988661733,28181.43849849632
14.775804988661733,28183.160734175948
14.776804988661732,28184.882969855575
14.777804988661732,28186.6052055352
14.778804988661731,28188.327441214824
14.77980498866173,28190.04967689445
14.78080498866173,28191.771912574077
14.78180498866173,28193.494148253703
14.782804988661729,28195.216383933326
14.783804988661728,28196.938619612953
14.784804988661728,28198.66085529258
14.785804988661727,28200.383090972206
14.786804988661727,28202.10532665183
14.787804988661726,28203.827562331455
14.788804988661726,28205.54979801108
14.789804988661725,28207.272033690704
14.790804988661725,28208.99426937033
14.791804988661724,28210.716505049957
14.792804988661723,28212.438740729584
14.793804988661723,28214.160976409206
14.794804988661722,28215.883212088833
14.795804988661722,28217.60544776846
14.796804988661721,28219.327683448086
14.79780498866172,28221.04991912771
14.79880498866172,28222.772154807335
14.79980498866172,28224.49439048696
14.800804988661719,28226.216626166588
14.801804988661718,28227.93886184621
14.802804988661718,28229.661097525837
14.803804988661717,28231.383333205464
14.804804988661717,28233.10556888509
14.805804988661716,28234.827804564713
14.806804988661716,28236.55004024434
14.807804988661715,28238.272275923966
14.808804988661715,28239.994511603592
14.809804988661714,28241.716747283215
14.810804988661713,28243.43898296284
14.811804988661713,28245.161218642468
14.812804988661712,28246.883454322095
14.813804988661712,28248.605690001717
14.814804988661711,28250.22328376707
14.81580498866171,28251.724720000588
14.81680498866171,28253.22615623411
14.81780498866171,28254.72759246763
14.818804988661709,28256.22902870115
14.819804988661708,28257.730464934666
14.820804988661708,28259.231901168187
14.821804988661707,28260.733337401707
14.822804988661707,28262.234773635228
14.823804988661706,28263.736209868744
14.824804988661706,28265.237646102265
14.825804988661705,28266.739082335785
14.826804988661705,28268.240518569306
14.827804988661704,28269.741954802827
14.828804988661703,28271.243391036343
14.829804988661703,28272.744827269864
14.830804988661702,28274.246263503384
14.831804988661702,28275.747699736905
14.832804988661701,28277.24913597042
14.8338049886617,28278.750572203942
14.8348049886617,28280.252008437463
14.8358049886617,28281.753444670983
14.836804988661699,28283.2548809045
14.837804988661699,28284.75631713802
14.838804988661698,28286.25775337154
14.839804988661697,28287.75918960506
14.840804988661697,28289.26062583858
14.841804988661696,28290.7620620721
14.842804988661696,28292.26349830562
14.843804988661695,28293.76493453914
14.844804988661695,28295.26637077266
14.845804988661694,28296.767807006177
14.846804988661694,28298.269243239698
14.847804988661693,28299.77067947322
14.848804988661692,28301.27211570674
14.849804988661692,28302.773551940256
14.850804988661691,28304.274988173776
14.85180498866169,28305.776424407297
14.85280498866169,28307.277860640817
14.85380498866169,28308.779296874334
14.854804988661689,28310.280733107855
14.855804988661689,28311.782169341375
14.856804988661688,28313.283605574896
14.857804988661687,28314.785041808413
14.858804988661687,28316.286478041933
14.859804988661686,28317.787914275454
14.860804988661686,28319.274330138687
14.861804988661685,28320.334167479996
14.862804988661685,28321.394004821304
14.863804988661684,28322.45384216261
14.864804988661684,28323.513679503918
14.865804988661683,28324.573516845227
14.866804988661682,28325.633354186535
14.867804988661682,28326.693191527844
14.868804988661681,28327.753028869152
14.86980498866168,28328.81286621046
14.87080498866168,28329.872703551766
14.87180498866168,28330.932540893074
14.872804988661679,28331.992378234383
14.873804988661679,28333.05221557569
14.874804988661678,28334.112052917
14.875804988661677,28335.17189025831
14.876804988661677,28336.231727599614
14.877804988661676,28337.291564940922
14.878804988661676,28338.35140228223
14.879804988661675,28339.41123962354
14.880804988661675,28340.471076964848
14.881804988661674,28341.530914306157
14.882804988661674,28342.59075164746
14.883804988661673,28343.65058898877
14.884804988661672,28344.71042633008
14.885804988661672,28345.770263671388
14.886804988661671,28346.830101012696
14.88780498866167,28347.889938354005
14.88880498866167,28348.949775695313
14.88980498866167,28350.00961303662
14.89080498866167,28351.069450377927
14.891804988661669,28352.129287719235
14.892804988661668,28353.189125060544
14.893804988661667,28354.248962401853
14.894804988661667,28355.30879974316
14.895804988661666,28356.368637084466
14.896804988661666,28357.428474425775
14.897804988661665,28358.488311767083
14.898804988661665,28359.548149108392
14.899804988661664,28360.6079864497
14.900804988661664,28361.66782379101
14.901804988661663,28362.727661132318
14.902804988661662,28363.787498473623
14.903804988661662,28364.84733581493
14.904804988661661,28365.90717315624
14.90580498866166,28366.96701049755
14.90680498866166,28368.026847838857
14.90780498866166,28369.06044959974
14.90880498866166,28370.076127051827
14.909804988661659,28371.091804503914
14.910804988661658,28372.107481956
14.911804988661657,28373.12315940809
14.912804988661657,28374.138836860173
14.913804988661656,28375.15451431226
14.914804988661656,28376.170191764348
14.915804988661655,28377.185869216435
14.916804988661655,28378.201546668522
14.917804988661654,28379.21722412061
14.918804988661654,28380.232901572697
14.919804988661653,28381.24857902478
14.920804988661653,28382.26425647687
14.921804988661652,28383.279933928956
14.922804988661651,28384.295611381043
14.92380498866165,28385.31128883313
14.92480498866165,28386.326966285218
14.92580498866165,28387.342643737302
14.92680498866165,28388.35832118939
14.927804988661649,28389.373998641477
14.928804988661648,28390.389676093564
14.929804988661648,28391.40535354565
14.930804988661647,28392.42103099774
14.931804988661646,28393.436708449823
14.932804988661646,28394.45238590191
14.933804988661645,28395.468063353997
14.934804988661645,28396.483740806085
14.935804988661644,28397.499418258172
14.936804988661644,28398.51509571026
14.937804988661643,28399.530773162343
14.938804988661643,28400.54645061443
14.939804988661642,28401.56212806652
14.940804988661641,28402.577805518606
14.94180498866164,28403.593482970693
14.94280498866164,28404.60916042278
14.94380498866164,28405.624837874868
14.94480498866164,28406.64051532695
14.945804988661639,28407.65619277904
14.946804988661638,28408.671870231126
14.947804988661638,28409.687547683214
14.948804988661637,28410.7032251353
14.949804988661636,28411.71890258739
14.950804988661636,28412.734580039472
14.951804988661635,28413.75025749156
14.952804988661635,28414.765934943647
14.953804988661634,28415.781612395735
14.954804988661634,28416.797289847822
14.955804988661633,28417.81296729991
14.956804988661633,28418.828644751993
14.957804988661632,28419.84432220408
14.958804988661631,28420.859999656168
14.95980498866163,28421.875677108255
14.96080498866163,28422.891354560343
14.96180498866163,28423.90703201243
14.96280498866163,28424.922709464518
14.963804988661629,28425.9383869166
14.964804988661628,28426.95406436869
14.965804988661628,28427.969741820776
14.966804988661627,28428.985419272864
14.967804988661626,28430.00109672495
14.968804988661626,28431.01677417704
14.969804988661625,28432.032451629126
14.970804988661625,28433.04812908121
14.971804988661624,28434.063806533297
14.972804988661624,28435.079483985384
14.973804988661623,28436.09516143747
14.974804988661623,28437.11083888956
14.975804988661622,28438.126516341646
14.976804988661621,28439.14219379373
14.977804988661621,28440.157871245818
14.97880498866162,28441.173548697905
14.97980498866162,28442.189226149992
14.98080498866162,28443.20490360208
14.981804988661619,28444.220581054167
14.982804988661618,28445.236258506255
14.983804988661618,28446.25193595834
14.984804988661617,28447.267613410426
14.985804988661616,28448.283290862513
14.986804988661616,28449.2989683146
14.987804988661615,28450.314645766688
14.988804988661615,28451.330323218775
14.989804988661614,28452.346000670863
14.990804988661614,28453.361678122947
14.991804988661613,28454.377355575034
14.992804988661613,28455.39303302712
14.993804988661612,28456.40871047921
14.994804988661611,28457.424387931296
14.995804988661611,28458.440065383384
14.99680498866161,28459.455742835467
14.99780498866161,28460.471420287555
14.99880498866161,28461.487097739642
14.999804988661609,28462.50277519173
15.000804988661608,28463.29765319787
15.001804988661608,28464.00421142541
15.002804988661607,28464.71076965295
15.003804988661607,28465.41732788049
15.004804988661606,28466.123886108027
15.005804988661605,28466.830444335566
15.006804988661605,28467.537002563105
15.007804988661604,28468.243560790645
15.008804988661604,28468.950119018184
15.009804988661603,28469.65667724572
15.010804988661603,28470.363235473258
15.011804988661602,28471.069793700797
15.012804988661602,28471.776351928336
15.013804988661601,28472.482910155875
15.0148049886616,28473.189468383414
15.0158049886616,28473.896026610953
15.0168049886616,28474.602584838492
15.017804988661599,28475.30914306603
15.018804988661598,28476.015701293567
15.019804988661598,28476.722259521106
15.020804988661597,28477.428817748645
15.021804988661597,28478.135375976184
15.022804988661596,28478.841934203723
15.023804988661595,28479.548492431262
15.024804988661595,28480.2550506588
15.025804988661594,28480.96160888634
15.026804988661594,28481.66816711388
15.027804988661593,28482.37472534142
15.028804988661593,28483.081283568954
15.029804988661592,28483.787841796493
15.030804988661592,28484.494400024032
15.031804988661591,28485.20095825157
15.03280498866159,28485.90751647911
15.03380498866159,28486.61407470665
15.03480498866159,28487.32063293419
15.035804988661589,28488.027191161727
15.036804988661588,28488.733749389266
15.037804988661588,28489.440307616802
15.038804988661587,28490.14686584434
15.039804988661587,28490.85342407188
15.040804988661586,28491.55998229942
15.041804988661585,28492.266540526958
15.042804988661585,28492.973098754497
15.043804988661584,28493.679656982036
15.044804988661584,28494.386215209575
15.045804988661583,28495.092773437114
15.046804988661583,28495.762982368156
15.047804988661582,28496.33706092803
15.048804988661582,28496.911139487904
15.049804988661581,28497.48521804778
15.05080498866158,28498.059296607655
15.05180498866158,28498.63337516753
15.05280498866158,28499.207453727406
15.053804988661579,28499.78153228728
15.054804988661578,28500.355610847157
15.055804988661578,28500.929689407032
15.056804988661577,28501.503767966908
15.057804988661577,28502.077846526783
15.058804988661576,28502.651925086655
15.059804988661575,28503.22600364653
15.060804988661575,28503.800082206406
15.061804988661574,28504.37416076628
15.062804988661574,28504.948239326157
15.063804988661573,28505.522317886032
15.064804988661573,28506.096396445908
15.065804988661572,28506.670475005783
15.066804988661572,28507.24455356566
15.067804988661571,28507.818632125534
15.06880498866157,28508.39271068541
15.06980498866157,28508.96678924528
15.07080498866157,28509.540867805157
15.071804988661569,28510.114946365033
15.072804988661568,28510.689024924908
15.073804988661568,28511.263103484784
15.074804988661567,28511.83718204466
15.075804988661567,28512.411260604535
15.076804988661566,28512.98533916441
15.077804988661565,28513.559417724286
15.078804988661565,28514.13349628416
15.079804988661564,28514.707574844037
15.080804988661564,28515.28165340391
15.081804988661563,28515.855731963784
15.082804988661563,28516.42981052366
15.083804988661562,28517.003889083535
15.084804988661562,28517.57796764341
15.085804988661561,28518.152046203286
15.08680498866156,28518.72612476316
15.08780498866156,28519.300203323037
15.08880498866156,28519.874281882912
15.089804988661559,28520.448360442788
15.090804988661558,28521.022439002663
15.091804988661558,28521.596517562535
15.092804988661557,28522.17059612241
15.093804988661557,28522.892074584528
15.094804988661556,28523.64279270129
15.095804988661556,28524.39351081805
15.096804988661555,28525.14422893481
15.097804988661554,28525.89494705157
15.098804988661554,28526.64566516833
15.099804988661553,28527.39638328509
15.100804988661553,28528.14710140185
15.101804988661552,28528.897819518606
15.102804988661552,28529.648537635367
15.103804988661551,28530.399255752127
15.10480498866155,28531.149973868887
15.10580498866155,28531.900691985647
15.10680498866155,28532.651410102408
15.107804988661549,28533.402128219168
15.108804988661548,28534.15284633593
15.109804988661548,28534.90356445269
15.110804988661547,28535.654282569445
15.111804988661547,28536.405000686205
15.112804988661546,28537.155718802966
15.113804988661546,28537.906436919726
15.114804988661545,28538.657155036486
15.115804988661544,28539.407873153246
15.116804988661544,28540.158591270007
15.117804988661543,28540.909309386767
15.118804988661543,28541.660027503527
15.119804988661542,28542.410745620284
15.120804988661542,28543.161463737044
15.121804988661541,28543.912181853804
15.12280498866154,28544.662899970564
15.12380498866154,28545.413618087325
15.12480498866154,28546.164336204085
15.125804988661539,28546.915054320845
15.126804988661538,28547.665772437605
15.127804988661538,28548.416490554366
15.128804988661537,28549.167208671122
15.129804988661537,28549.917926787883
15.130804988661536,28550.668644904643
15.131804988661536,28551.419363021403
15.132804988661535,28552.170081138163
15.133804988661534,28552.920799254924
15.134804988661534,28553.671517371684
15.135804988661533,28554.422235488444
15.136804988661533,28555.172953605204
15.137804988661532,28555.92367172196
15.138804988661532,28556.67438983872
15.139804988661531,28557.442531585217
15.14080498866153,28558.2374095912
15.14180498866153,28559.03228759718
15.14280498866153,28559.82716560316
15.143804988661529,28560.62204360914
15.144804988661528,28561.41692161512
15.145804988661528,28562.2117996211
15.146804988661527,28563.006677627083
15.147804988661527,28563.801555633065
15.148804988661526,28564.596433639046
15.149804988661526,28565.391311645028
15.150804988661525,28566.18618965101
15.151804988661524,28566.981067656987
15.152804988661524,28567.77594566297
15.153804988661523,28568.57082366895
15.154804988661523,28569.36570167493
15.155804988661522,28570.160579680913
15.156804988661522,28570.955457686894
15.157804988661521,28571.750335692876
15.15880498866152,28572.545213698857
15.15980498866152,28573.340091704835
15.16080498866152,28574.134969710816
15.161804988661519,28574.929847716798
15.162804988661518,28575.72472572278
15.163804988661518,28576.51960372876
15.164804988661517,28577.314481734742
15.165804988661517,28578.109359740723
15.166804988661516,28578.904237746705
15.167804988661516,28579.699115752683
15.168804988661515,28580.493993758664
15.169804988661514,28581.288871764646
15.170804988661514,28582.083749770627
15.171804988661513,28582.87862777661
15.172804988661513,28583.67350578259
15.173804988661512,28584.46838378857
15.174804988661512,28585.263261794553
15.175804988661511,28586.05813980053
15.17680498866151,28586.853017806512
15.17780498866151,28587.647895812494
15.17880498866151,28588.442773818475
15.179804988661509,28589.237651824456
15.180804988661508,28590.032529830438
15.181804988661508,28590.82740783642
15.182804988661507,28591.6222858424
15.183804988661507,28592.41716384838
15.184804988661506,28593.21204185436
15.185804988661506,28594.00691986034
15.186804988661505,28594.801797866323
15.187804988661505,28595.596675872304
15.188804988661504,28596.391553878286
15.189804988661503,28597.186431884267
15.190804988661503,28597.98130989025
15.191804988661502,28598.776187896226
15.192804988661502,28599.571065902208
15.193804988661501,28600.36594390819
15.1948049886615,28601.16082191417
15.1958049886615,28601.955699920152
15.1968049886615,28602.750577926134
15.197804988661499,28603.545455932115
15.198804988661498,28604.340333938097
15.199804988661498,28605.135211944078
15.200804988661497,28605.930089950056
15.201804988661497,28606.724967956037
15.202804988661496,28607.51984596202
15.203804988661496,28608.314723968
15.204804988661495,28609.10960197398
15.205804988661495,28609.904479979963
15.206804988661494,28610.699357985945
15.207804988661493,28611.494235991926
15.208804988661493,28612.289113997904
15.209804988661492,28613.083992003885
15.210804988661492,28613.878870009867
15.211804988661491,28614.673748015848
15.21280498866149,28615.46862602183
15.21380498866149,28616.26350402781
15.21480498866149,28617.058382033792
15.215804988661489,28617.853260039774
15.216804988661488,28618.648138045755
15.217804988661488,28619.443016051733
15.218804988661487,28620.237894057715
15.219804988661487,28621.032772063696
15.220804988661486,28621.827650069677
15.221804988661486,28622.62252807566
15.222804988661485,28623.41740608164
15.223804988661485,28624.21228408762
15.224804988661484,28625.007162093603
15.225804988661483,28625.80204009958
15.226804988661483,28626.596918105563
15.227804988661482,28627.391796111544
15.228804988661482,28628.186674117525
15.229804988661481,28628.981552123507
15.23080498866148,28629.77643012949
15.23180498866148,28630.57130813547
15.23280498866148,28631.320724486843
15.233804988661479,28632.02728271438
15.234804988661478,28632.73384094192
15.235804988661478,28633.44039916946
15.236804988661477,28634.146957397
15.237804988661477,28634.853515624538
15.238804988661476,28635.560073852077
15.239804988661476,28636.266632079616
15.240804988661475,28636.973190307155
15.241804988661475,28637.67974853469
15.242804988661474,28638.38630676223
15.243804988661473,28639.09286498977
15.244804988661473,28639.799423217308
15.245804988661472,28640.505981444847
15.246804988661472,28641.212539672386
15.247804988661471,28641.919097899925
15.24880498866147,28642.625656127464
15.24980498866147,28643.332214355003
15.25080498866147,28644.03877258254
15.251804988661469,28644.745330810078
15.252804988661468,28645.451889037617
15.253804988661468,28646.158447265156
15.254804988661467,28646.865005492695
15.255804988661467,28647.571563720234
15.256804988661466,28648.278121947773
15.257804988661466,28648.984680175312
15.258804988661465,28649.69123840285
15.259804988661465,28650.397796630386
15.260804988661464,28651.104354857926
15.261804988661464,28651.810913085465
15.262804988661463,28652.517471313004
15.263804988661462,28653.224029540543
15.264804988661462,28653.93058776808
15.265804988661461,28654.63714599562
15.26680498866146,28655.34370422316
15.26780498866146,28656.0502624507
15.26880498866146,28656.756820678234
15.269804988661459,28657.463378905773
15.270804988661459,28658.169937133312
15.271804988661458,28658.87649536085
15.272804988661457,28659.58305358839
15.273804988661457,28660.28961181593
15.274804988661456,28660.99617004347
15.275804988661456,28661.702728271008
15.276804988661455,28662.409286498547
15.277804988661455,28663.115844726082
15.278804988661454,28663.829011916576
15.279804988661454,28664.623889922557
15.280804988661453,28665.41876792854
15.281804988661452,28666.21364593452
15.282804988661452,28667.008523940498
15.283804988661451,28667.80340194648
15.28480498866145,28668.59827995246
15.28580498866145,28669.393157958442
15.28680498866145,28670.188035964424
15.287804988661449,28670.982913970405
15.288804988661449,28671.777791976387
15.289804988661448,28672.572669982368
15.290804988661447,28673.367547988346
15.291804988661447,28674.162425994327
15.292804988661446,28674.95730400031
15.293804988661446,28675.75218200629
15.294804988661445,28676.54706001227
15.295804988661445,28677.341938018253
15.296804988661444,28678.136816024235
15.297804988661444,28678.931694030216
15.298804988661443,28679.726572036197
15.299804988661442,28680.521450042175
15.300804988661442,28681.316328048157
15.301804988661441,28682.111206054138
15.30280498866144,28682.90608406012
15.30380498866144,28683.7009620661
15.30480498866144,28684.495840072083
15.30580498866144,28685.290718078064
15.306804988661439,28686.085596084045
15.307804988661438,28686.880474090023
15.308804988661437,28687.675352096005
15.309804988661437,28688.470230101986
15.310804988661436,28689.265108107968
15.311804988661436,28690.05998611395
15.312804988661435,28690.85486411993
15.313804988661435,28691.649742125912
15.314804988661434,28692.444620131893
15.315804988661434,28693.239498137875
15.316804988661433,28694.034376143853
15.317804988661432,28694.829254149834
15.318804988661432,28695.624132155815
15.319804988661431,28696.419010161797
15.32080498866143,28697.21388816778
15.32180498866143,28698.00876617376
15.32280498866143,28698.80364417974
15.32380498866143,28699.598522185723
15.324804988661429,28700.3934001917
15.325804988661428,28701.13220214794
15.326804988661427,28701.838760375478
15.327804988661427,28702.545318603017
15.328804988661426,28703.251876830556
15.329804988661426,28703.958435058095
15.330804988661425,28704.664993285634
15.331804988661425,28705.371551513173
15.332804988661424,28706.078109740713
15.333804988661424,28706.78466796825
15.334804988661423,28707.491226195787
15.335804988661422,28708.197784423326
15.336804988661422,28708.904342650865
15.337804988661421,28709.610900878404
15.33880498866142,28710.317459105943
15.33980498866142,28711.024017333482
15.34080498866142,28711.73057556102
15.34180498866142,28712.43713378856
15.342804988661419,28713.1436920161
15.343804988661418,28713.850250243635
15.344804988661418,28714.556808471174
15.345804988661417,28715.263366698713
15.346804988661416,28715.969924926252
15.347804988661416,28716.67648315379
15.348804988661415,28717.38304138133
15.349804988661415,28718.08959960887
15.350804988661414,28718.79615783641
15.351804988661414,28719.502716063947
15.352804988661413,28720.209274291483
15.353804988661413,28720.915832519022
15.354804988661412,28721.62239074656
15.355804988661411,28722.3289489741
15.35680498866141,28723.03550720164
15.35780498866141,28723.74206542918
15.35880498866141,28724.448623656717
15.35980498866141,28725.155181884256
15.360804988661409,28725.861740111795
15.361804988661408,28726.56829833933
15.362804988661408,28727.27485656687
15.363804988661407,28727.98141479441
15.364804988661406,28728.687973021948
15.365804988661406,28729.394531249487
15.366804988661405,28730.101089477026
15.367804988661405,28730.807647704565
15.368804988661404,28731.514205932104
15.369804988661404,28732.220764159643
15.370804988661403,28732.92732238718
15.371804988661403,28733.65110397281
15.372804988661402,28734.445981978788
15.373804988661401,28735.24085998477
15.3748049886614,28736.03573799075
15.3758049886614,28736.830615996732
15.3768049886614,28737.625494002714
15.3778049886614,28738.420372008695
15.378804988661399,28739.215250014677
15.379804988661398,28740.010128020658
15.380804988661398,28740.80500602664
15.381804988661397,28741.599884032617
15.382804988661396,28742.3947620386
15.383804988661396,28743.18964004458
15.384804988661395,28743.98451805056
15.385804988661395,28744.779396056543
15.386804988661394,28745.574274062525
15.387804988661394,28746.369152068506
15.388804988661393,28747.164030074488
15.389804988661393,28747.958908080465
15.390804988661392,28748.753786086447
15.391804988661391,28749.54866409243
15.392804988661391,28750.34354209841
15.39380498866139,28751.13842010439
15.39480498866139,28751.933298110373
15.39580498866139,28752.728176116354
15.396804988661389,28753.523054122335
15.397804988661388,28754.317932128317
15.398804988661388,28755.112810134295
15.399804988661387,28755.907688140276
15.400804988661386,28756.702566146258
15.401804988661386,28757.49744415224
15.402804988661385,28758.29232215822
15.403804988661385,28759.087200164202
15.404804988661384,28759.882078170183
15.405804988661384,28760.676956176165
15.406804988661383,28761.471834182143
15.407804988661383,28762.266712188124
15.408804988661382,28763.061590194106
15.409804988661381,28763.856468200087
15.410804988661381,28764.65134620607
15.41180498866138,28765.44622421205
15.41280498866138,28766.24110221803
15.41380498866138,28767.035980224013
15.414804988661379,28767.830858229994
15.415804988661378,28768.625736235972
15.416804988661378,28769.420614241953
15.417804988661377,28770.215492247935
15.418804988661376,28771.010370253916
15.419804988661376,28771.805248259898
15.420804988661375,28772.60012626588
15.421804988661375,28773.39500427186
15.422804988661374,28774.189882277842
15.423804988661374,28774.98476028382
15.424804988661373,28775.7796382898
15.425804988661373,28776.574516295783
15.426804988661372,28777.369394301764
15.427804988661372,28778.164272307746
15.428804988661371,28778.959150313727
15.42980498866137,28779.75402831971
15.43080498866137,28780.54890632569
15.43180498866137,28781.343784331668
15.432804988661369,28782.13866233765
15.433804988661368,28782.93354034363
15.434804988661368,28783.728418349612
15.435804988661367,28784.523296355594
15.436804988661367,28785.318174361575
15.437804988661366,28786.113052367557
15.438804988661365,28786.907930373538
15.439804988661365,28787.702808379516
15.440804988661364,28788.497686385497
15.441804988661364,28789.29256439148
15.442804988661363,28790.08744239746
15.443804988661363,28790.88232040344
15.444804988661362,28791.677198409423
15.445804988661362,28792.472076415404
15.446804988661361,28793.266954421386
15.44780498866136,28794.061832427364
15.44880498866136,28794.856710433345
15.44980498866136,28795.651588439327
15.450804988661359,28796.446466445308
15.451804988661358,28797.24134445129
15.452804988661358,28798.03622245727
15.453804988661357,28798.831100463252
15.454804988661357,28799.625978469234
15.455804988661356,28800.42085647521
15.456804988661355,28801.215734481193
15.457804988661355,28802.010612487175
15.458804988661354,28802.805490493156
15.459804988661354,28803.600368499137
15.460804988661353,28804.39524650512
15.461804988661353,28805.1901245111
15.462804988661352,28805.98500251708
15.463804988661352,28806.77988052306
15.464804988661351,28807.56083965243
15.46580498866135,28808.31155776919
15.46680498866135,28809.06227588595
15.46780498866135,28809.812994002707
15.468804988661349,28810.563712119467
15.469804988661348,28811.314430236227
15.470804988661348,28812.065148352987
15.471804988661347,28812.815866469748
15.472804988661347,28813.566584586508
15.473804988661346,28814.317302703268
15.474804988661345,28815.06802082003
15.475804988661345,28815.81873893679
15.476804988661344,28816.569457053545
15.477804988661344,28817.320175170305
15.478804988661343,28818.070893287066
15.479804988661343,28818.821611403826
15.480804988661342,28819.572329520586
15.481804988661342,28820.323047637346
15.482804988661341,28821.073765754107
15.48380498866134,28821.824483870867
15.48480498866134,28822.575201987627
15.48580498866134,28823.325920104384
15.486804988661339,28824.076638221144
15.487804988661338,28824.827356337904
15.488804988661338,28825.578074454665
15.489804988661337,28826.328792571425
15.490804988661337,28827.079510688185
15.491804988661336,28827.830228804945
15.492804988661335,28828.580946921706
15.493804988661335,28829.331665038466
15.494804988661334,28830.082383155222
15.495804988661334,28830.833101271983
15.496804988661333,28831.583819388743
15.497804988661333,28832.334537505503
15.498804988661332,28833.085255622264
15.499804988661332,28833.835973739024
15.500804988661331,28834.586691855784
15.50180498866133,28835.337409972544
15.50280498866133,28836.088128089305
15.50380498866133,28836.83884620606
15.504804988661329,28837.58956432282
15.505804988661328,28838.34028243958
15.506804988661328,28839.091000556342
15.507804988661327,28839.841718673102
15.508804988661327,28840.592436789862
15.509804988661326,28841.343154906623
15.510804988661326,28842.093873023383
15.511804988661325,28842.61267662009
15.512804988661324,28843.098435401524
15.513804988661324,28843.584194182957
15.514804988661323,28844.06995296439
15.515804988661323,28844.555711745823
15.516804988661322,28845.041470527256
15.517804988661322,28845.52722930869
15.518804988661321,28846.012988090122
15.51980498866132,28846.498746871555
15.52080498866132,28846.98450565299
15.52180498866132,28847.47026443442
15.522804988661319,28847.95602321585
15.523804988661318,28848.441781997284
15.524804988661318,28848.927540778717
15.525804988661317,28849.41329956015
15.526804988661317,28849.899058341583
15.527804988661316,28850.384817123017
15.528804988661316,28850.87057590445
15.529804988661315,28851.356334685883
15.530804988661314,28851.842093467316
15.531804988661314,28852.32785224875
15.532804988661313,28852.813611030182
15.533804988661313,28853.299369811615
15.534804988661312,28853.78512859305
15.535804988661312,28854.270887374478
15.536804988661311,28854.75664615591
15.53780498866131,28855.242404937344
15.53880498866131,28855.728163718777
15.53980498866131,28856.21392250021
15.540804988661309,28856.699681281643
15.541804988661308,28857.185440063076
15.542804988661308,28857.67119884451
15.543804988661307,28858.156957625943
15.544804988661307,28858.642716407376
15.545804988661306,28859.12847518881
15.546804988661306,28859.614233970242
15.547804988661305,28860.099992751675
15.548804988661304,28860.585751533104
15.549804988661304,28861.071510314538
15.550804988661303,28861.55726909597
15.551804988661303,28862.043027877404
15.552804988661302,28862.528786658837
15.553804988661302,28863.01454544027
15.554804988661301,28863.500304221703
15.5558049886613,28863.986063003136
15.5568049886613,28864.47182178457
15.5578049886613,28864.919128417638
15.558804988661299,28865.31656742063
15.559804988661298,28865.71400642362
15.560804988661298,28866.11144542661
15.561804988661297,28866.5088844296
15.562804988661297,28866.90632343259
15.563804988661296,28867.303762435582
15.564804988661296,28867.701201438573
15.565804988661295,28868.098640441563
15.566804988661294,28868.49607944455
15.567804988661294,28868.89351844754
15.568804988661293,28869.290957450532
15.569804988661293,28869.688396453523
15.570804988661292,28870.085835456513
15.571804988661292,28870.483274459504
15.572804988661291,28870.880713462495
15.57380498866129,28871.278152465486
15.57480498866129,28871.675591468476
15.57580498866129,28872.073030471467
15.576804988661289,28872.470469474458
15.577804988661288,28872.86790847745
15.578804988661288,28873.26534748044
15.579804988661287,28873.66278648343
15.580804988661287,28874.06022548642
15.581804988661286,28874.45766448941
15.582804988661286,28874.855103492402
15.583804988661285,28875.25254249539
15.584804988661284,28875.64998149838
15.585804988661284,28876.04742050137
15.586804988661283,28876.44485950436
15.587804988661283,28876.842298507352
15.588804988661282,28877.239737510343
15.589804988661282,28877.637176513334
15.590804988661281,28878.034615516324
15.59180498866128,28878.432054519315
15.59280498866128,28878.829493522306
15.59380498866128,28879.226932525296
15.594804988661279,28879.624371528287
15.595804988661278,28880.021810531278
15.596804988661278,28880.41924953427
15.597804988661277,28880.81668853726
15.598804988661277,28881.21412754025
15.599804988661276,28881.61156654324
15.600804988661276,28882.009005546228
15.601804988661275,28882.40644454922
15.602804988661275,28882.80388355221
15.603804988661274,28883.2013225552
15.604804988661273,28883.7746000285
15.605804988661273,28884.348678588376
15.606804988661272,28884.922757148248
15.607804988661272,28885.496835708123
15.608804988661271,28886.070914268
15.60980498866127,28886.644992827874
15.61080498866127,28887.21907138775
15.61180498866127,28887.793149947625
15.612804988661269,28888.3672285075
15.613804988661268,28888.941307067376
15.614804988661268,28889.51538562725
15.615804988661267,28890.089464187127
15.616804988661267,28890.663542747003
15.617804988661266,28891.237621306875
15.618804988661266,28891.81169986675
15.619804988661265,28892.385778426626
15.620804988661265,28892.9598569865
15.621804988661264,28893.533935546377
15.622804988661263,28894.108014106252
15.623804988661263,28894.682092666128
15.624804988661262,28895.256171226003
15.625804988661262,28895.83024978588
15.626804988661261,28896.404328345754
15.62780498866126,28896.97840690563
15.62880498866126,28897.552485465505
15.62980498866126,28898.126564025377
15.630804988661259,28898.700642585252
15.631804988661258,28899.274721145128
15.632804988661258,28899.848799705003
15.633804988661257,28900.42287826488
15.634804988661257,28900.996956824754
15.635804988661256,28901.57103538463
15.636804988661256,28902.145113944505
15.637804988661255,28902.71919250438
15.638804988661255,28903.293271064256
15.639804988661254,28903.86734962413
15.640804988661253,28904.441428184007
15.641804988661253,28905.01550674388
15.642804988661252,28905.589585303755
15.643804988661252,28906.16366386363
15.644804988661251,28906.737742423506
15.64580498866125,28907.31182098338
15.64680498866125,28907.885899543257
15.64780498866125,28908.459978103132
15.648804988661249,28909.034056663008
15.649804988661248,28909.608135222883
15.650804988661248,28910.18221378276
15.651804988661247,28910.756292342634
15.652804988661247,28911.33037090251
15.653804988661246,28911.90444946238
15.654804988661246,28912.478528022257
15.655804988661245,28913.052606582132
15.656804988661245,28913.626685142008
15.657804988661244,28914.200763701883
15.658804988661243,28914.77484226176
15.659804988661243,28915.348920821634
15.660804988661242,28915.92299938151
15.661804988661242,28916.497077941385
15.662804988661241,28917.07115650126
15.66380498866124,28917.645235061136
15.66480498866124,28918.219313621008
15.66580498866124,28918.793392180884
15.666804988661239,28919.36747074076
15.667804988661238,28919.941549300635
15.668804988661238,28920.51562786051
15.669804988661237,28921.089706420385
15.670804988661237,28921.66378498026
15.671804988661236,28922.237863540136
15.672804988661236,28922.811942100012
15.673804988661235,28923.386020659887
15.674804988661235,28923.960099219763
15.675804988661234,28924.534177779635
15.676804988661234,28925.10825633951
15.677804988661233,28925.682334899386
15.678804988661232,28926.25641345926
15.679804988661232,28926.830492019137
15.680804988661231,28927.404570579012
15.68180498866123,28927.978649138888
15.68280498866123,28928.552727698763
15.68380498866123,28929.12680625864
15.684804988661229,28929.700884818514
15.685804988661229,28930.27496337839
15.686804988661228,28930.84904193826
15.687804988661227,28931.423120498137
15.688804988661227,28931.997199058012
15.689804988661226,28932.571277617888
15.690804988661226,28933.145356177763
15.691804988661225,28933.71943473764
15.692804988661225,28934.293513297514
15.693804988661224,28934.86759185739
15.694804988661224,28935.441670417265
15.695804988661223,28936.01574897714
15.696804988661222,28936.594934462937
15.697804988661222,28937.213172912034
15.698804988661221,28937.83141136113
15.69980498866122,28938.449649810227
15.70080498866122,28939.067888259324
15.70180498866122,28939.68612670842
15.702804988661219,28940.304365157517
15.703804988661219,28940.922603606614
15.704804988661218,28941.54084205571
15.705804988661217,28942.159080504807
15.706804988661217,28942.777318953904
15.707804988661216,28943.395557402997
15.708804988661216,28944.013795852094
15.709804988661215,28944.63203430119
15.710804988661215,28945.250272750287
15.711804988661214,28945.868511199384
15.712804988661214,28946.48674964848
15.713804988661213,28947.104988097577
15.714804988661212,28947.723226546674
15.715804988661212,28948.34146499577
15.716804988661211,28948.959703444867
15.71780498866121,28949.577941893964
15.71880498866121,28950.196180343057
15.71980498866121,28950.814418792153
15.72080498866121,28951.43265724125
15.721804988661209,28952.050895690347
15.722804988661208,28952.669134139443
15.723804988661207,28953.28737258854
15.724804988661207,28953.905611037637
15.725804988661206,28954.523849486734
15.726804988661206,28955.14208793583
15.727804988661205,28955.760326384927
15.728804988661205,28956.378564834024
15.729804988661204,28956.996803283117
15.730804988661204,28957.615041732213
15.731804988661203,28958.23328018131
15.732804988661202,28958.851518630407
15.733804988661202,28959.469757079503
15.734804988661201,28960.0879955286
15.7358049886612,28960.706233977697
15.7368049886612,28961.324472426793
15.7378049886612,28961.94271087589
15.7388049886612,28962.560949324987
15.739804988661199,28963.179187774083
15.740804988661198,28963.797426223176
15.741804988661197,28964.415664672273
15.742804988661197,28965.03390312137
15.743804988661196,28965.681982039787
15.744804988661196,28966.344380378105
15.745804988661195,28967.006778716423
15.746804988661195,28967.66917705474
15.747804988661194,28968.331575393055
15.748804988661194,28968.993973731373
15.749804988661193,28969.65637206969
15.750804988661192,28970.31877040801
15.751804988661192,28970.981168746326
15.752804988661191,28971.643567084644
15.75380498866119,28972.305965422962
15.75480498866119,28972.96836376128
15.75580498866119,28973.630762099598
15.75680498866119,28974.293160437912
15.757804988661189,28974.95555877623
15.758804988661188,28975.617957114548
15.759804988661188,28976.280355452865
15.760804988661187,28976.942753791183
15.761804988661186,28977.6051521295
15.762804988661186,28978.26755046782
15.763804988661185,28978.929948806137
15.764804988661185,28979.592347144455
15.765804988661184,28980.254745482773
15.766804988661184,28980.917143821087
15.767804988661183,28981.579542159405
15.768804988661183,28982.241940497723
15.769804988661182,28982.90433883604
15.770804988661181,28983.56673717436
15.77180498866118,28984.229135512676
15.77280498866118,28984.891533850994
15.77380498866118,28985.553932189312
15.77480498866118,28986.21633052763
15.775804988661179,28986.878728865948
15.776804988661178,28987.541127204262
15.777804988661178,28988.20352554258
15.778804988661177,28988.865923880898
15.779804988661176,28989.528322219216
15.780804988661176,28990.190720557533
15.781804988661175,28990.85311889585
15.782804988661175,28991.51551723417
15.783804988661174,28992.177915572487
15.784804988661174,28992.840313910805
15.785804988661173,28993.50271224912
15.786804988661173,28994.165110587437
15.787804988661172,28994.827508925755
15.788804988661171,28995.489907264073
15.78980498866117,28996.131477355404
15.79080498866117,28996.70555591528
15.79180498866117,28997.279634475155
15.79280498866117,28997.85371303503
15.793804988661169,28998.427791594906
15.794804988661168,28999.00187015478
15.795804988661168,28999.575948714657
15.796804988661167,29000.150027274532
15.797804988661166,29000.724105834408
15.798804988661166,29001.298184394283
15.799804988661165,29001.87226295416
15.800804988661165,29002.44634151403
15.801804988661164,29003.020420073906
15.802804988661164,29003.59449863378
15.803804988661163,29004.168577193657
15.804804988661163,29004.742655753533
15.805804988661162,29005.31673431341
15.806804988661161,29005.890812873284
15.807804988661161,29006.46489143316
15.80880498866116,29007.038969993035
15.80980498866116,29007.61304855291
15.81080498866116,29008.187127112786
15.811804988661159,29008.76120567266
15.812804988661158,29009.335284232533
15.813804988661158,29009.90936279241
15.814804988661157,29010.483441352284
15.815804988661156,29011.05751991216
15.816804988661156,29011.631598472035
15.817804988661155,29012.20567703191
15.818804988661155,29012.779755591786
15.819804988661154,29013.35383415166
15.820804988661154,29013.927912711537
15.821804988661153,29014.501991271412
15.822804988661153,29015.076069831288
15.823804988661152,29015.65014839116
15.824804988661151,29016.224226951035
15.825804988661151,29016.79830551091
15.82680498866115,29017.372384070786
15.82780498866115,29017.94646263066
15.82880498866115,29018.520541190537
15.829804988661149,29019.094619750413
15.830804988661148,29019.668698310288
15.831804988661148,29020.242776870164
15.832804988661147,29020.81685543004
15.833804988661146,29021.390933989915
15.834804988661146,29021.96501254979
15.835804988661145,29022.539091109662
15.836804988661145,29023.113169669537
15.837804988661144,29023.687248229413
15.838804988661144,29024.26132678929
15.839804988661143,29024.835405349164
15.840804988661143,29025.40948390904
15.841804988661142,29025.983562468915
15.842804988661142,29026.55764102879
15.843804988661141,29027.131719588666
15.84480498866114,29027.70579814854
15.84580498866114,29028.279876708417
15.84680498866114,29028.85395526829
15.847804988661139,29029.428033828164
15.848804988661138,29030.00211238804
15.849804988661138,29030.576190947915
15.850804988661137,29031.15026950779
15.851804988661137,29031.724348067666
15.852804988661136,29032.29842662754
15.853804988661135,29032.872505187417
15.854804988661135,29033.446583747293
15.855804988661134,29034.020662307168
15.856804988661134,29034.594740867044
15.857804988661133,29035.168819426915
15.858804988661133,29035.74289798679
15.859804988661132,29036.316976546666
15.860804988661132,29036.891055106542
15.861804988661131,29037.465133666417
15.86280498866113,29038.039212226293
15.86380498866113,29038.61329078617
15.86480498866113,29039.187369346044
15.865804988661129,29039.76144790592
15.866804988661128,29040.335526465795
15.867804988661128,29040.90960502567
15.868804988661127,29041.483683585542
15.869804988661127,29042.057762145418
15.870804988661126,29042.631840705293
15.871804988661125,29043.20591926517
15.872804988661125,29043.779997825044
15.873804988661124,29044.35407638492
15.874804988661124,29044.928154944795
15.875804988661123,29045.50223350467
15.876804988661123,29046.076312064546
15.877804988661122,29046.65039062442
15.878804988661122,29047.224469184297
15.879804988661121,29047.79854774417
15.88080498866112,29048.372626304044
15.88180498866112,29048.94670486392
15.88280498866112,29049.520783423795
15.883804988661119,29050.09486198367
15.884804988661118,29050.668940543546
15.885804988661118,29051.243019103422
15.886804988661117,29051.817097663297
15.887804988661117,29052.391176223173
15.888804988661116,29052.96525478305
15.889804988661115,29053.539333342924
15.890804988661115,29054.1134119028
15.891804988661114,29054.68749046267
15.892804988661114,29055.261569022547
15.893804988661113,29055.835647582422
15.894804988661113,29056.409726142298
15.895804988661112,29056.983804702173
15.896804988661112,29057.55788326205
15.897804988661111,29058.131961821924
15.89880498866111,29058.7060403818
15.89980498866111,29059.280118941675
15.90080498866111,29059.85419750155
15.901804988661109,29060.428276061426
15.902804988661108,29061.0023546213
15.903804988661108,29061.576433181173
15.904804988661107,29062.15051174105
15.905804988661107,29062.724590300924
15.906804988661106,29063.2986688608
15.907804988661105,29063.872747420675
15.908804988661105,29064.44682598055
15.909804988661104,29065.020904540426
15.910804988661104,29065.5949831003
15.911804988661103,29066.169061660177
15.912804988661103,29066.743140220053
15.913804988661102,29067.31721877993
15.914804988661102,29067.891297339804
15.915804988661101,29068.465375899676
15.9168049886611,29069.03945445955
15.9178049886611,29069.613533019427
15.9188049886611,29070.187611579302
15.919804988661099,29070.761690139178
15.920804988661098,29071.335768699053
15.921804988661098,29071.90984725893
15.922804988661097,29072.483925818804
15.923804988661097,29073.05800437868
15.924804988661096,29073.632082938555
15.925804988661096,29074.20616149843
15.926804988661095,29074.780240058302
15.927804988661094,29075.354318618178
15.928804988661094,29075.928397178053
15.929804988661093,29076.462020873474
15.930804988661093,29076.99193954413
15.931804988661092,29077.521858214783
15.932804988661092,29078.051776885437
15.933804988661091,29078.581695556088
15.93480498866109,29079.111614226742
15.93580498866109,29079.641532897396
15.93680498866109,29080.17145156805
15.937804988661089,29080.701370238705
15.938804988661088,29081.23128890936
15.939804988661088,29081.761207580013
15.940804988661087,29082.291126250668
15.941804988661087,29082.821044921322
15.942804988661086,29083.350963591976
15.943804988661086,29083.88088226263
15.944804988661085,29084.410800933285
15.945804988661084,29084.940719603936
15.946804988661084,29085.47063827459
15.947804988661083,29086.000556945244
15.948804988661083,29086.5304756159
15.949804988661082,29087.060394286553
15.950804988661082,29087.590312957207
15.951804988661081,29088.12023162786
15.95280498866108,29088.650150298516
15.95380498866108,29089.18006896917
15.95480498866108,29089.709987639824
15.955804988661079,29090.23990631048
15.956804988661078,29090.769824981133
15.957804988661078,29091.299743651784
15.958804988661077,29091.829662322438
15.959804988661077,29092.359580993092
15.960804988661076,29092.889499663746
15.961804988661076,29093.4194183344
15.962804988661075,29093.949337005055
15.963804988661074,29094.47925567571
15.964804988661074,29095.009174346364
15.965804988661073,29095.539093017018
15.966804988661073,29096.069011687672
15.967804988661072,29096.598930358326
15.968804988661072,29097.12884902898
15.969804988661071,29097.65876769963
15.97080498866107,29098.188686370286
15.97180498866107,29098.71860504094
15.97280498866107,29099.248523711594
15.973804988661069,29099.77844238225
15.974804988661068,29100.308361052903
15.975804988661068,29100.859308242187
15.976804988661067,29101.433386802062
15.977804988661067,29102.007465361938
15.978804988661066,29102.581543921813
15.979804988661066,29103.15562248169
15.980804988661065,29103.729701041564
15.981804988661064,29104.30377960144
15.982804988661064,29104.87785816131
15.983804988661063,29105.451936721187
15.984804988661063,29106.026015281062
15.985804988661062,29106.600093840938
15.986804988661062,29107.174172400813
15.987804988661061,29107.74825096069
15.98880498866106,29108.322329520564
15.98980498866106,29108.89640808044
15.99080498866106,29109.470486640315
15.991804988661059,29110.04456520019
15.992804988661058,29110.618643760066
15.993804988661058,29111.19272231994
15.994804988661057,29111.766800879814
15.995804988661057,29112.34087943969
15.996804988661056,29112.914957999565
15.997804988661056,29113.48903655944
15.998804988661055,29114.063115119316
15.999804988661054,29114.63719367919
16.000804988661052,29115.211272239067
16.001804988661053,29115.785350798942
16.002804988661055,29116.359429358818
16.003804988661052,29116.933507918693
16.00480498866105,29117.507586478565
16.00580498866105,29118.08166503844
16.006804988661052,29118.65574359832
16.00780498866105,29119.22982215819
16.008804988661048,29119.803900718067
16.00980498866105,29120.377979277942
16.01080498866105,29120.952057837818
16.011804988661048,29121.526136397693
16.012804988661046,29122.100214957565
16.013804988661047,29122.674293517444
16.014804988661048,29123.24837207732
16.015804988661046,29123.82245063719
16.016804988661043,29124.396529197067
16.017804988661045,29124.970607756943
16.018804988661046,29125.544686316818
16.019804988661043,29126.118764876694
16.02080498866104,29126.69284343657
16.021804988661042,29127.26051330523
16.022804988661044,29127.657952308222
16.02380498866104,29128.055391311213
16.02480498866104,29128.4528303142
16.02580498866104,29128.850269317194
16.02680498866104,29129.247708320185
16.02780498866104,29129.645147323175
16.028804988661037,29130.042586326163
16.029804988661038,29130.440025329153
16.03080498866104,29130.837464332148
16.031804988661037,29131.234903335135
16.032804988661034,29131.632342338125
16.033804988661036,29132.029781341116
16.034804988661037,29132.427220344107
16.035804988661035,29132.824659347098
16.036804988661032,29133.22209835009
16.037804988661033,29133.61953735308
16.038804988661035,29134.01697635607
16.039804988661032,29134.41441535906
16.04080498866103,29134.81185436205
16.04180498866103,29135.209293365042
16.042804988661032,29135.606732368033
16.04380498866103,29136.004171371023
16.044804988661028,29136.40161037401
16.04580498866103,29136.799049377005
16.04680498866103,29137.196488379996
16.047804988661028,29137.593927382983
16.048804988661026,29137.991366385973
16.049804988661027,29138.388805388964
16.050804988661028,29138.786244391955
16.051804988661026,29139.183683394946
16.052804988661023,29139.581122397936
16.053804988661025,29139.978561400927
16.054804988661026,29140.376000403918
16.055804988661023,29140.77343940691
16.05680498866102,29141.1708784099
16.057804988661022,29141.56831741289
16.058804988661024,29141.96575641588
16.05980498866102,29142.36319541887
16.06080498866102,29142.760634421862
16.06180498866102,29143.158073424853
16.06280498866102,29143.555512427843
16.06380498866102,29143.952951430834
16.064804988661017,29144.35039043382
16.065804988661018,29144.747829436812
16.06680498866102,29145.145268439806
16.067804988661017,29145.542707442793
16.068804988661014,29145.913810729588
16.069804988661016,29146.267089843357
16.070804988661017,29146.620368957127
16.071804988661015,29146.973648070896
16.072804988661012,29147.326927184662
16.073804988661013,29147.680206298435
16.074804988661015,29148.033485412205
16.075804988661012,29148.38676452597
16.07680498866101,29148.74004363974
16.07780498866101,29149.09332275351
16.078804988661012,29149.44660186728
16.07980498866101,29149.79988098105
16.080804988661008,29150.15316009482
16.08180498866101,29150.506439208588
16.08280498866101,29150.859718322357
16.083804988661008,29151.212997436127
16.084804988661006,29151.566276549896
16.085804988661007,29151.919555663666
16.086804988661008,29152.272834777435
16.087804988661006,29152.626113891205
16.088804988661003,29152.979393004975
16.089804988661005,29153.332672118744
16.090804988661006,29153.685951232514
16.091804988661004,29154.039230346283
16.092804988661,29154.39250946005
16.093804988661002,29154.74578857382
16.094804988661004,29155.09906768759
16.095804988661,29155.452346801358
16.096804988661,29155.805625915127
16.097804988661,29156.158905028897
16.098804988661,29156.512184142666
16.099804988661,29156.865463256436
16.100804988660997,29157.218742370205
16.101804988660998,29157.572021483975
16.102804988661,29157.925300597744
16.103804988660997,29158.278579711514
16.104804988660995,29158.631858825283
16.105804988660996,29158.985137939053
16.106804988660997,29159.338417052822
16.107804988660995,29159.691696166592
16.108804988660992,29160.044975280358
16.109804988660994,29160.39825439413
16.110804988660995,29160.7515335079
16.111804988660992,29161.104812621666
16.11280498866099,29161.458091735436
16.11380498866099,29161.811370849206
16.114804988660993,29162.14392185186
16.11580498866099,29162.364721297967
16.116804988660988,29162.585520744073
16.11780498866099,29162.80632019018
16.11880498866099,29163.027119636285
16.119804988660988,29163.24791908239
16.120804988660986,29163.468718528493
16.121804988660987,29163.689517974602
16.122804988660988,29163.91031742071
16.123804988660986,29164.13111686681
16.124804988660983,29164.351916312917
16.125804988660985,29164.572715759023
16.126804988660986,29164.79351520513
16.127804988660984,29165.014314651235
16.12880498866098,29165.23511409734
16.129804988660982,29165.455913543447
16.130804988660984,29165.676712989552
16.13180498866098,29165.89751243566
16.13280498866098,29166.118311881764
16.13380498866098,29166.33911132787
16.13480498866098,29166.559910773976
16.13580498866098,29166.780710220082
16.136804988660977,29167.00150966619
16.137804988660978,29167.222309112294
16.13880498866098,29167.4431085584
16.139804988660977,29167.663908004506
16.140804988660975,29167.884707450612
16.141804988660976,29168.105506896718
16.142804988660977,29168.326306342824
16.143804988660975,29168.54710578893
16.144804988660972,29168.767905235036
16.145804988660974,29168.988704681142
16.146804988660975,29169.209504127248
16.147804988660972,29169.430303573354
16.14880498866097,29169.651103019456
16.14980498866097,29169.871902465566
16.150804988660973,29170.09270191167
16.15180498866097,29170.313501357774
16.152804988660968,29170.53430080388
16.15380498866097,29170.755100249986
16.15480498866097,29170.97589969609
16.155804988660968,29171.196699142198
16.156804988660966,29171.417498588304
16.157804988660967,29171.63829803441
16.158804988660968,29171.859097480516
16.159804988660966,29172.07989692662
16.160804988660963,29172.300696372728
16.161804988660965,29172.489852905066
16.162804988660966,29172.66649246195
16.163804988660964,29172.843132018836
16.16480498866096,29173.01977157572
16.165804988660962,29173.196411132605
16.166804988660964,29173.37305068949
16.16780498866096,29173.549690246375
16.16880498866096,29173.72632980326
16.16980498866096,29173.902969360144
16.17080498866096,29174.07960891703
16.17180498866096,29174.256248473914
16.172804988660957,29174.4328880308
16.173804988660958,29174.609527587683
16.17480498866096,29174.786167144568
16.175804988660957,29174.962806701453
16.176804988660955,29175.139446258338
16.177804988660956,29175.316085815222
16.178804988660957,29175.492725372107
16.179804988660955,29175.669364928992
16.180804988660952,29175.846004485877
16.181804988660954,29176.02264404276
16.182804988660955,29176.199283599646
16.183804988660953,29176.37592315653
16.18480498866095,29176.552562713416
16.18580498866095,29176.7292022703
16.186804988660953,29176.905841827185
16.18780498866095,29177.08248138407
16.188804988660948,29177.25912094095
16.18980498866095,29177.43576049784
16.19080498866095,29177.612400054724
16.191804988660948,29177.789039611605
16.192804988660946,29177.96567916849
16.193804988660947,29178.142318725375
16.194804988660948,29178.31895828226
16.195804988660946,29178.495597839144
16.196804988660944,29178.67223739603
16.197804988660945,29178.848876952914
16.198804988660946,29179.0255165098
16.199804988660944,29179.202156066684
16.20080498866094,29179.37879562357
16.201804988660943,29179.555435180453
16.202804988660944,29179.732074737338
16.20380498866094,29179.908714294223
16.20480498866094,29180.085353851107
16.20580498866094,29180.261993407992
16.20680498866094,29180.438632964877
16.20780498866094,29180.627489089704
16.208804988660937,29180.848288535806
16.209804988660938,29181.069087981912
16.21080498866094,29181.28988742802
16.211804988660937,29181.510686874124
16.212804988660935,29181.73148632023
16.213804988660936,29181.952285766336
16.214804988660937,29182.173085212442
16.215804988660935,29182.393884658548
16.216804988660932,29182.614684104654
16.217804988660934,29182.83548355076
16.218804988660935,29183.056282996866
16.219804988660933,29183.27708244297
16.22080498866093,29183.497881889078
16.22180498866093,29183.718681335184
16.222804988660933,29183.93948078129
16.22380498866093,29184.160280227396
16.224804988660928,29184.3810796735
16.22580498866093,29184.601879119607
16.22680498866093,29184.822678565713
16.227804988660928,29185.04347801182
16.228804988660926,29185.264277457925
16.229804988660927,29185.48507690403
16.23080498866093,29185.705876350137
16.231804988660926,29185.926675796243
16.232804988660924,29186.14747524235
16.233804988660925,29186.368274688455
16.234804988660926,29186.58907413456
16.235804988660924,29186.809873580667
16.23680498866092,29187.030673026773
16.237804988660923,29187.25147247288
16.238804988660924,29187.472271918985
16.23980498866092,29187.69307136509
16.24080498866092,29187.913870811193
16.24180498866092,29188.134670257303
16.24280498866092,29188.35546970341
16.24380498866092,29188.57626914951
16.244804988660917,29188.797068595617
16.245804988660918,29189.017868041723
16.24680498866092,29189.23866748783
16.247804988660917,29189.459466933935
16.248804988660915,29189.68026638004
16.249804988660916,29189.901065826147
16.250804988660917,29190.121865272253
16.251804988660915,29190.34266471836
16.252804988660912,29190.563464164465
16.253804988660914,29190.78426361057
16.254804988660915,29190.968112945342
16.255804988660913,29191.144752502227
16.25680498866091,29191.32139205911
16.25780498866091,29191.498031615996
16.258804988660913,29191.67467117288
16.25980498866091,29191.851310729766
16.260804988660908,29192.02795028665
16.26180498866091,29192.204589843535
16.26280498866091,29192.38122940042
16.263804988660908,29192.557868957305
16.264804988660906,29192.73450851419
16.265804988660907,29192.911148071074
16.26680498866091,29193.08778762796
16.267804988660906,29193.264427184844
16.268804988660904,29193.441066741725
16.269804988660905,29193.61770629861
16.270804988660906,29193.7943458555
16.271804988660904,29193.97098541238
16.2728049886609,29194.147624969264
16.273804988660903,29194.32426452615
16.274804988660904,29194.500904083034
16.2758049886609,29194.67754363992
16.2768049886609,29194.854183196803
16.2778049886609,29195.030822753688
16.2788049886609,29195.207462310573
16.2798049886609,29195.384101867458
16.280804988660897,29195.560741424342
16.281804988660898,29195.737380981227
16.2828049886609,29195.91402053811
16.283804988660897,29196.090660094997
16.284804988660895,29196.26729965188
16.285804988660896,29196.443939208766
16.286804988660897,29196.62057876565
16.287804988660895,29196.797218322536
16.288804988660893,29196.97385787942
16.289804988660894,29197.150497436305
16.290804988660895,29197.32713699319
16.291804988660893,29197.503776550075
16.29280498866089,29197.68041610696
16.29380498866089,29197.857055663844
16.294804988660893,29198.03369522073
16.29580498866089,29198.210334777614
16.296804988660888,29198.3869743345
16.29780498866089,29198.563613891383
16.29880498866089,29198.740253448268
16.29980498866089,29198.916893005153
16.300804988660886,29199.128580093053
16.301804988660887,29199.39353942838
16.30280498866089,29199.658498763707
16.303804988660886,29199.923458099034
16.304804988660884,29200.18841743436
16.305804988660885,29200.45337676969
16.306804988660886,29200.718336105016
16.307804988660884,29200.983295440343
16.30880498866088,29201.24825477567
16.309804988660883,29201.513214110997
16.310804988660884,29201.778173446324
16.31180498866088,29202.04313278165
16.31280498866088,29202.30809211698
16.31380498866088,29202.573051452306
16.31480498866088,29202.838010787633
16.31580498866088,29203.10297012296
16.316804988660877,29203.367929458287
16.31780498866088,29203.632888793614
16.31880498866088,29203.89784812894
16.319804988660877,29204.16280746427
16.320804988660875,29204.427766799592
16.321804988660876,29204.692726134923
16.322804988660877,29204.95768547025
16.323804988660875,29205.222644805574
16.324804988660873,29205.4876041409
16.325804988660874,29205.752563476228
16.326804988660875,29206.017522811555
16.327804988660873,29206.282482146882
16.32880498866087,29206.54744148221
16.32980498866087,29206.812400817536
16.330804988660873,29207.077360152864
16.33180498866087,29207.34231948819
16.332804988660868,29207.607278823518
16.33380498866087,29207.872238158845
16.33480498866087,29208.137197494172
16.33580498866087,29208.4021568295
16.336804988660866,29208.667116164826
16.337804988660867,29208.932075500154
16.33880498866087,29209.19703483548
16.339804988660866,29209.461994170808
16.340804988660864,29209.726953506135
16.341804988660865,29209.991912841462
16.342804988660866,29210.25687217679
16.343804988660864,29210.521831512116
16.34480498866086,29210.78679084744
16.345804988660863,29211.05175018277
16.346804988660864,29211.316709518098
16.34780498866086,29211.58166885342
16.34880498866086,29211.84662818875
16.34980498866086,29212.111587524076
16.35080498866086,29212.376546859403
16.35180498866086,29212.64150619473
16.352804988660857,29212.906465530057
16.35380498866086,29213.171424865384
16.35480498866086,29213.43638420071
16.355804988660857,29213.70134353604
16.356804988660855,29213.966302871366
16.357804988660856,29214.231262206693
16.358804988660857,29214.49622154202
16.359804988660855,29214.761180877347
16.360804988660853,29215.026140212674
16.361804988660854,29215.291099548
16.362804988660855,29215.55605888333
16.363804988660853,29215.821018218656
16.36480498866085,29216.085977553983
16.36580498866085,29216.35093688931
16.366804988660853,29216.615896224637
16.36780498866085,29216.880855559964
16.368804988660848,29217.14581489529
16.36980498866085,29217.41077423062
16.37080498866085,29217.675733565946
16.37180498866085,29217.940692901273
16.372804988660846,29218.205652236597
16.373804988660847,29218.470611571924
16.37480498866085,29218.735570907254
16.375804988660846,29219.000530242578
16.376804988660844,29219.265489577905
16.377804988660845,29219.530448913232
16.378804988660846,29219.79540824856
16.379804988660844,29220.060367583887
16.38080498866084,29220.325326919214
16.381804988660843,29220.59028625454
16.382804988660844,29220.855245589868
16.38380498866084,29221.120204925195
16.38480498866084,29221.385164260522
16.38580498866084,29221.65012359585
16.386804988660842,29221.915082931177
16.38780498866084,29222.180042266504
16.388804988660837,29222.44500160183
16.38980498866084,29222.709960937158
16.39080498866084,29222.974920272485
16.391804988660837,29223.239879607812
16.392804988660835,29223.50483894314
16.393804988660836,29223.792629241543
16.394804988660837,29224.10174846609
16.395804988660835,29224.41086769064
16.396804988660833,29224.71998691519
16.397804988660834,29225.029106139737
16.398804988660835,29225.338225364285
16.399804988660833,29225.647344588833
16.40080498866083,29225.95646381338
16.40180498866083,29226.26558303793
16.402804988660833,29226.57470226248
16.40380498866083,29226.883821487027
16.40480498866083,29227.19294071157
16.40580498866083,29227.50205993612
16.40680498866083,29227.81117916067
16.40780498866083,29228.120298385216
16.408804988660826,29228.429417609765
16.409804988660827,29228.738536834313
16.41080498866083,29229.04765605886
16.411804988660826,29229.35677528341
16.412804988660824,29229.665894507958
16.413804988660825,29229.975013732506
16.414804988660826,29230.284132957055
16.415804988660824,29230.593252181603
16.41680498866082,29230.90237140615
16.417804988660823,29231.2114906307
16.418804988660824,29231.520609855248
16.41980498866082,29231.829729079796
16.42080498866082,29232.138848304345
16.42180498866082,29232.447967528893
16.422804988660822,29232.75708675344
16.42380498866082,29233.06620597799
16.424804988660817,29233.375325202534
16.42580498866082,29233.684444427086
16.42680498866082,29233.993563651635
16.427804988660817,29234.30268287618
16.428804988660815,29234.611802100728
16.429804988660816,29234.920921325276
16.430804988660817,29235.230040549824
16.431804988660815,29235.539159774373
16.432804988660813,29235.84827899892
16.433804988660814,29236.15739822347
16.434804988660815,29236.466517448018
16.435804988660813,29236.775636672566
16.43680498866081,29237.084755897115
16.43780498866081,29237.393875121663
16.438804988660813,29237.70299434621
16.43980498866081,29238.008708953508
16.44080498866081,29238.273668288835
16.44180498866081,29238.538627624162
16.44280498866081,29238.80358695949
16.44380498866081,29239.068546294817
16.444804988660806,29239.333505630144
16.445804988660807,29239.59846496547
16.44680498866081,29239.8634243008
16.447804988660806,29240.128383636125
16.448804988660804,29240.39334297145
16.449804988660805,29240.658302306776
16.450804988660806,29240.923261642107
16.451804988660804,29241.18822097743
16.4528049886608,29241.453180312757
16.453804988660803,29241.718139648085
16.454804988660804,29241.98309898341
16.4558049886608,29242.24805831874
16.4568049886608,29242.513017654066
16.4578049886608,29242.777976989393
16.458804988660802,29243.04293632472
16.4598049886608,29243.307895660048
16.460804988660797,29243.572854995375
16.4618049886608,29243.8378143307
16.4628049886608,29244.10277366603
16.463804988660797,29244.367733001356
16.464804988660795,29244.632692336683
16.465804988660796,29244.89765167201
16.466804988660797,29245.162611007338
16.467804988660795,29245.427570342665
16.468804988660793,29245.692529677992
16.469804988660794,29245.95748901332
16.470804988660795,29246.222448348646
16.471804988660793,29246.487407683973
16.47280498866079,29246.752367019297
16.473804988660792,29247.017326354624
16.474804988660793,29247.282285689955
16.47580498866079,29247.54724502528
16.47680498866079,29247.812204360605
16.47780498866079,29248.077163695933
16.47880498866079,29248.34212303126
16.47980498866079,29248.607082366587
16.480804988660786,29248.872041701914
16.481804988660787,29249.13700103724
16.48280498866079,29249.40196037257
16.483804988660786,29249.666919707895
16.484804988660784,29249.931879043223
16.485804988660785,29250.19683837855
16.486804988660786,29250.461797713877
16.487804988660784,29250.726757049204
16.48880498866078,29250.99171638453
16.489804988660783,29251.25667571986
16.490804988660784,29251.521635055185
16.491804988660782,29251.786594390513
16.49280498866078,29252.051553725836
16.49380498866078,29252.316513061167
16.494804988660782,29252.581472396494
16.49580498866078,29252.84643173182
16.496804988660777,29253.111391067145
16.49780498866078,29253.376350402472
16.49880498866078,29253.641309737803
16.499804988660777,29253.906269073126
16.500804988660775,29254.171228408453
16.501804988660776,29254.43618774378
16.502804988660777,29254.701147079108
16.503804988660775,29254.966106414435
16.504804988660773,29255.231065749762
16.505804988660774,29255.49602508509
16.506804988660775,29255.760984420416
16.507804988660773,29256.025943755743
16.50880498866077,29256.29090309107
16.509804988660772,29256.555862426398
16.510804988660773,29256.820821761725
16.51180498866077,29257.085781097052
16.51280498866077,29257.35074043238
16.51380498866077,29257.615699767706
16.51480498866077,29257.880659103033
16.51580498866077,29258.14561843836
16.516804988660766,29258.410577773684
16.517804988660767,29258.675537109015
16.51880498866077,29258.940496444342
16.519804988660766,29259.205455779665
16.520804988660764,29259.470415114993
16.521804988660765,29259.73537445032
16.522804988660766,29260.000333785647
16.523804988660764,29260.265293120974
16.52480498866076,29260.5302524563
16.525804988660763,29260.79521179163
16.526804988660764,29261.060171126956
16.527804988660762,29261.325130462283
16.52880498866076,29261.59008979761
16.52980498866076,29261.855049132937
16.530804988660762,29262.120008468264
16.53180498866076,29262.38496780359
16.532804988660757,29262.658638953737
16.53380498866076,29262.967758178285
16.53480498866076,29263.276877402834
16.535804988660757,29263.585996627382
16.536804988660755,29263.89511585193
16.537804988660756,29264.20423507648
16.538804988660758,29264.513354301027
16.539804988660755,29264.822473525575
16.540804988660753,29265.131592750124
16.541804988660754,29265.440711974672
16.542804988660755,29265.74983119922
16.543804988660753,29266.05895042377
16.54480498866075,29266.368069648317
16.545804988660752,29266.677188872865
16.546804988660753,29266.986308097414
16.54780498866075,29267.295427321962
16.54880498866075,29267.604546546507
16.54980498866075,29267.91366577106
16.55080498866075,29268.222784995607
16.55180498866075,29268.53190422015
16.552804988660746,29268.8410234447
16.553804988660747,29269.15014266925
16.55480498866075,29269.459261893797
16.555804988660746,29269.768381118345
16.556804988660744,29270.077500342893
16.557804988660745,29270.38661956744
16.558804988660746,29270.69573879199
16.559804988660744,29271.00485801654
16.560804988660742,29271.313977241087
16.561804988660743,29271.623096465635
16.562804988660744,29271.932215690184
16.563804988660742,29272.241334914732
16.56480498866074,29272.55045413928
16.56580498866074,29272.85957336383
16.566804988660742,29273.168692588377
16.56780498866074,29273.477811812925
16.568804988660737,29273.786931037474
16.56980498866074,29274.096050262022
16.57080498866074,29274.40516948657
16.571804988660737,29274.71428871112
16.572804988660735,29275.023407935663
16.573804988660736,29275.332527160215
16.574804988660738,29275.641646384764
16.575804988660735,29275.95076560931
16.576804988660733,29276.259884833857
16.577804988660734,29276.569004058405
16.578804988660735,29276.878123282953
16.579804988660733,29277.1872425075
16.58080498866073,29277.49636173205
16.581804988660732,29277.8054809566
16.582804988660733,29278.114600181147
16.58380498866073,29278.423719405695
16.58480498866073,29278.732838630243
16.58580498866073,29279.04195785479
16.58680498866073,29279.35107707934
16.58780498866073,29279.66019630389
16.588804988660726,29279.969315528437
16.589804988660728,29280.278434752985
16.59080498866073,29280.587553977533
16.591804988660726,29280.89667320208
16.592804988660724,29281.205792426626
16.593804988660725,29281.51491165118
16.594804988660727,29281.824030875727
16.595804988660724,29282.133150100275
16.596804988660722,29282.44226932482
16.597804988660723,29282.751388549368
16.598804988660724,29283.06050777392
16.599804988660722,29283.369626998465
16.60080498866072,29283.678746223013
16.60180498866072,29283.98786544756
16.602804988660722,29284.29698467211
16.60380498866072,29284.606103896658
16.604804988660717,29284.915223121207
16.60580498866072,29285.224342345755
16.60680498866072,29285.533461570303
16.607804988660718,29285.84258079485
16.608804988660715,29286.1517000194
16.609804988660716,29286.46081924395
16.610804988660718,29286.769938468497
16.611804988660715,29287.079057693045
16.612804988660713,29287.388176917593
16.613804988660714,29287.69729614214
16.614804988660715,29288.00641536669
16.615804988660713,29288.31553459124
16.61680498866071,29288.624653815783
16.617804988660712,29288.93377304033
16.618804988660713,29289.242892264883
16.61980498866071,29289.552011489428
16.62080498866071,29289.861130713976
16.62180498866071,29290.170249938525
16.62280498866071,29290.479369163073
16.62380498866071,29290.78848838762
16.624804988660706,29291.09760761217
16.625804988660708,29291.39270782433
16.62680498866071,29291.657667159656
16.627804988660706,29291.922626494983
16.628804988660704,29292.18758583031
16.629804988660705,29292.452545165637
16.630804988660707,29292.717504500964
16.631804988660704,29292.98246383629
16.632804988660702,29293.24742317162
16.633804988660703,29293.512382506946
16.634804988660704,29293.777341842273
16.635804988660702,29294.0423011776
16.6368049886607,29294.307260512927
16.6378049886607,29294.572219848254
16.638804988660702,29294.83717918358
16.6398049886607,29295.10213851891
16.640804988660697,29295.367097854236
16.6418049886607,29295.632057189563
16.6428049886607,29295.89701652489
16.643804988660698,29296.161975860217
16.644804988660695,29296.42693519554
16.645804988660696,29296.691894530868
16.646804988660698,29296.9568538662
16.647804988660695,29297.221813201522
16.648804988660693,29297.48677253685
16.649804988660694,29297.751731872177
16.650804988660695,29298.016691207504
16.651804988660693,29298.28165054283
16.65280498866069,29298.546609878158
16.653804988660692,29298.811569213485
16.654804988660693,29299.076528548812
16.65580498866069,29299.34148788414
16.65680498866069,29299.606447219467
16.65780498866069,29299.871406554794
16.65880498866069,29300.13636589012
16.65980498866069,29300.401325225448
16.660804988660686,29300.666284560775
16.661804988660688,29300.931243896102
16.66280498866069,29301.19620323143
16.663804988660686,29301.461162566757
16.664804988660684,29301.726121902084
16.665804988660685,29301.99108123741
16.666804988660687,29302.256040572738
16.667804988660684,29302.520999908065
16.668804988660682,29302.78595924339
16.669804988660683,29303.050918578716
16.670804988660684,29303.315877914047
16.671804988660682,29303.58083724937
16.67280498866068,29303.845796584697
16.67380498866068,29304.110755920025
16.674804988660682,29304.37571525535
16.67580498866068,29304.64067459068
16.676804988660678,29304.905633926006
16.67780498866068,29305.170593261333
16.67880498866068,29305.43555259666
16.679804988660678,29305.700511931987
16.680804988660675,29305.965471267315
16.681804988660677,29306.23043060264
16.682804988660678,29306.49538993797
16.683804988660675,29306.760349273296
16.684804988660673,29307.025308608623
16.685804988660674,29307.29026794395
16.686804988660676,29307.555227279277
16.687804988660673,29307.820186614605
16.68880498866067,29308.08514594993
16.689804988660672,29308.35010528526
16.690804988660673,29308.615064620586
16.69180498866067,29308.880023955913
16.69280498866067,29309.144983291237
16.69380498866067,29309.409942626564
16.69480498866067,29309.674901961895
16.69580498866067,29309.939861297218
16.696804988660666,29310.204820632545
16.697804988660668,29310.469779967872
16.69880498866067,29310.7347393032
16.699804988660667,29310.999698638527
16.700804988660664,29311.264657973854
16.701804988660665,29311.52961730918
16.702804988660667,29311.79457664451
16.703804988660664,29312.059535979835
16.704804988660662,29312.324495315162
16.705804988660663,29312.58945465049
16.706804988660664,29312.854413985817
16.707804988660662,29313.119373321144
16.70880498866066,29313.38433265647
16.70980498866066,29313.6492919918
16.710804988660662,29313.914251327125
16.71180498866066,29314.179210662453
16.712804988660658,29314.44416999778
16.71380498866066,29314.709129333107
16.71480498866066,29314.974088668434
16.715804988660658,29315.23904800376
16.716804988660655,29315.504007339085
16.717804988660657,29315.76896667441
16.718804988660658,29316.014599799782
16.719804988660655,29316.23539924589
16.720804988660653,29316.456198691994
16.721804988660654,29316.6769981381
16.722804988660656,29316.897797584206
16.723804988660653,29317.118597030312
16.72480498866065,29317.33939647642
16.725804988660652,29317.560195922524
16.726804988660653,29317.78099536863
16.72780498866065,29318.001794814736
16.72880498866065,29318.222594260842
16.72980498866065,29318.443393706948
16.73080498866065,29318.664193153054
16.73180498866065,29318.88499259916
16.732804988660646,29319.105792045266
16.733804988660648,29319.32659149137
16.73480498866065,29319.547390937478
16.735804988660647,29319.768190383584
16.736804988660644,29319.98898982969
16.737804988660645,29320.209789275796
16.738804988660647,29320.4305887219
16.739804988660644,29320.651388168008
16.740804988660642,29320.872187614113
16.741804988660643,29321.09298706022
16.742804988660644,29321.313786506325
16.743804988660642,29321.53458595243
16.74480498866064,29321.755385398534
16.74580498866064,29321.976184844643
16.746804988660642,29322.19698429075
16.74780498866064,29322.41778373685
16.748804988660638,29322.638583182958
16.74980498866064,29322.859382629063
16.75080498866064,29323.08018207517
16.751804988660638,29323.300981521275
16.752804988660635,29323.52178096738
16.753804988660637,29323.742580413487
16.754804988660638,29323.963379859593
16.755804988660636,29324.1841793057
16.756804988660633,29324.404978751805
16.757804988660634,29324.62577819791
16.758804988660636,29324.846577644017
16.759804988660633,29325.067377090123
16.76080498866063,29325.28817653623
16.761804988660632,29325.508975982335
16.762804988660633,29325.72977542844
16.76380498866063,29325.950574874547
16.76480498866063,29326.171374320653
16.76580498866063,29326.39217376676
16.76680498866063,29326.612973212865
16.76780498866063,29326.83377265897
16.768804988660627,29327.054572105077
16.769804988660628,29327.275371551183
16.77080498866063,29327.49617099729
16.771804988660627,29327.716970443395
16.772804988660624,29327.9377698895
16.773804988660626,29328.158569335606
16.774804988660627,29328.379368781712
16.775804988660624,29328.60016822782
16.776804988660622,29328.82096767392
16.777804988660623,29329.04176712003
16.778804988660625,29329.262566566136
16.779804988660622,29329.48336601224
16.78080498866062,29329.704165458345
16.78180498866062,29329.92496490445
16.782804988660622,29330.145764350556
16.78380498866062,29330.366563796662
16.784804988660618,29330.58736324277
16.78580498866062,29330.808162688874
16.78680498866062,29331.02896213498
16.787804988660618,29331.249761581086
16.788804988660615,29331.470561027192
16.789804988660617,29331.691360473298
16.790804988660618,29331.912159919404
16.791804988660616,29332.13295936551
16.792804988660613,29332.353758811616
16.793804988660614,29332.574558257722
16.794804988660616,29332.795357703828
16.795804988660613,29333.016157149934
16.79680498866061,29333.23695659604
16.797804988660612,29333.457756042146
16.798804988660613,29333.67855548825
16.79980498866061,29333.899354934358
16.80080498866061,29334.120154380464
16.80180498866061,29334.34095382657
16.80280498866061,29334.561753272676
16.80380498866061,29334.78255271878
16.804804988660607,29335.003352164884
16.805804988660608,29335.224151610993
16.80680498866061,29335.4449510571
16.807804988660607,29335.6657505032
16.808804988660604,29335.886549949308
16.809804988660606,29336.107349395414
16.810804988660607,29336.32814884152
16.811804988660604,29336.524314880102
16.812804988660602,29336.700954436987
16.813804988660603,29336.87759399387
16.814804988660605,29337.054233550756
16.815804988660602,29337.23087310764
16.8168049886606,29337.407512664526
16.8178049886606,29337.58415222141
16.818804988660602,29337.760791778295
16.8198049886606,29337.93743133518
16.820804988660598,29338.114070892065
16.8218049886606,29338.29071044895
16.8228049886606,29338.467350005834
16.823804988660598,29338.64398956272
16.824804988660595,29338.8206291196
16.825804988660597,29338.997268676485
16.826804988660598,29339.173908233373
16.827804988660596,29339.350547790254
16.828804988660593,29339.52718734714
16.829804988660594,29339.703826904024
16.830804988660596,29339.88046646091
16.831804988660593,29340.057106017794
16.83280498866059,29340.23374557468
16.833804988660592,29340.410385131563
16.834804988660593,29340.587024688448
16.83580498866059,29340.763664245333
16.83680498866059,29340.940303802217
16.83780498866059,29341.116943359102
16.83880498866059,29341.293582915987
16.83980498866059,29341.47022247287
16.840804988660587,29341.646862029756
16.841804988660588,29341.82350158664
16.84280498866059,29342.000141143526
16.843804988660587,29342.17678070041
16.844804988660584,29342.353420257296
16.845804988660586,29342.53005981418
16.846804988660587,29342.706699371065
16.847804988660585,29342.88333892795
16.848804988660582,29343.059978484835
16.849804988660583,29343.23661804172
16.850804988660585,29343.413257598604
16.851804988660582,29343.58989715549
16.85280498866058,29343.766536712374
16.85380498866058,29343.94317626926
16.854804988660582,29344.119815826143
16.85580498866058,29344.296455383028
16.856804988660578,29344.473094939913
16.85780498866058,29344.649734496797
16.85880498866058,29344.826374053682
16.859804988660578,29345.003013610567
16.860804988660576,29345.179653167448
16.861804988660577,29345.356292724333
16.862804988660578,29345.53293228122
16.863804988660576,29345.709571838102
16.864804988660573,29345.886211394987
16.865804988660575,29346.062850951872
16.866804988660576,29346.239490508757
16.867804988660573,29346.41613006564
16.86880498866057,29346.592769622526
16.869804988660572,29346.76940917941
16.870804988660574,29346.946048736296
16.87180498866057,29347.12268829318
16.87280498866057,29347.299327850065
16.87380498866057,29347.47596740695
16.87480498866057,29347.652606963835
16.87580498866057,29347.82924652072
16.876804988660567,29348.005886077604
16.877804988660568,29348.18252563449
16.87880498866057,29348.359165191374
16.879804988660567,29348.53580474826
16.880804988660564,29348.712444305143
16.881804988660566,29348.88908386203
16.882804988660567,29349.065723418913
16.883804988660565,29349.242362975798
16.884804988660562,29349.419002532682
16.885804988660563,29349.595642089567
16.886804988660565,29349.772281646452
16.887804988660562,29349.948921203337
16.88880498866056,29350.12556076022
16.88980498866056,29350.302200317106
16.890804988660562,29350.47883987399
16.89180498866056,29350.655479430876
16.892804988660558,29350.83211898776
16.89380498866056,29351.008758544645
16.89480498866056,29351.18539810153
16.895804988660558,29351.362037658415
16.896804988660556,29351.538677215296
16.897804988660557,29351.71531677218
16.898804988660558,29351.89195632907
16.899804988660556,29352.06859588595
16.900804988660553,29352.245235442835
16.901804988660555,29352.42187499972
16.902804988660556,29352.598514556605
16.903804988660553,29352.77515411349
16.90480498866055,29353.011674880563
16.905804988660552,29353.27663421589
16.906804988660554,29353.541593551217
16.90780498866055,29353.806552886545
16.90880498866055,29354.07151222187
16.90980498866055,29354.3364715572
16.91080498866055,29354.601430892526
16.91180498866055,29354.866390227853
16.912804988660547,29355.131349563177
16.913804988660548,29355.396308898507
16.91480498866055,29355.661268233835
16.915804988660547,29355.92622756916
16.916804988660544,29356.191186904485
16.917804988660546,29356.456146239812
16.918804988660547,29356.721105575143
16.919804988660545,29356.986064910467
16.920804988660542,29357.251024245794
16.921804988660544,29357.51598358112
16.922804988660545,29357.780942916448
16.923804988660542,29358.045902251775
16.92480498866054,29358.310861587102
16.92580498866054,29358.57582092243
16.926804988660543,29358.840780257757
16.92780498866054,29359.105739593084
16.928804988660538,29359.37069892841
16.92980498866054,29359.635658263738
16.93080498866054,29359.900617599065
16.931804988660538,29360.165576934392
16.932804988660536,29360.43053626972
16.933804988660537,29360.695495605047
16.934804988660538,29360.960454940374
16.935804988660536,29361.2254142757
16.936804988660533,29361.49037361103
16.937804988660535,29361.755332946355
16.938804988660536,29362.020292281682
16.939804988660534,29362.28525161701
16.94080498866053,29362.550210952333
16.941804988660532,29362.815170287664
16.942804988660534,29363.08012962299
16.94380498866053,29363.345088958315
16.94480498866053,29363.61004829364
16.94580498866053,29363.87500762897
16.94680498866053,29364.1399669643
16.94780498866053,29364.404926299623
16.948804988660527,29364.66988563495
16.949804988660528,29364.934844970277
16.95080498866053,29365.18929004634
16.951804988660527,29365.410089492445
16.952804988660525,29365.63088893855
16.953804988660526,29365.851688384657
16.954804988660527,29366.072487830763
16.955804988660525,29366.29328727687
16.956804988660522,29366.51408672297
16.957804988660524,29366.734886169077
16.958804988660525,29366.955685615187
16.959804988660522,29367.17648506129
16.96080498866052,29367.397284507395
16.96180498866052,29367.6180839535
16.962804988660523,29367.838883399607
16.96380498866052,29368.059682845713
16.964804988660518,29368.28048229182
16.96580498866052,29368.501281737925
16.96680498866052,29368.72208118403
16.967804988660518,29368.942880630137
16.968804988660516,29369.163680076243
16.969804988660517,29369.38447952235
16.970804988660518,29369.605278968455
16.971804988660516,29369.82607841456
16.972804988660513,29370.046877860666
16.973804988660515,29370.267677306772
16.974804988660516,29370.48847675288
16.975804988660514,29370.709276198984
16.97680498866051,29370.93007564509
16.977804988660512,29371.150875091196
16.978804988660514,29371.371674537302
16.97980498866051,29371.592473983408
16.98080498866051,29371.813273429514
16.98180498866051,29372.03407287562
16.98280498866051,29372.254872321726
16.98380498866051,29372.475671767832
16.984804988660507,29372.696471213934
16.985804988660508,29372.91727066004
16.98680498866051,29373.13807010615
16.987804988660507,29373.358869552252
16.988804988660505,29373.579668998358
16.989804988660506,29373.800468444464
16.990804988660507,29374.02126789057
16.991804988660505,29374.242067336676
16.992804988660502,29374.462866782782
16.993804988660504,29374.683666228888
16.994804988660505,29374.904465674994
16.995804988660502,29375.1252651211
16.9968049886605,29375.346064567206
16.9978049886605,29375.56686401331
16.998804988660503,29375.787663459418
16.9998049886605,29376.008462905524
17.000804988660498,29376.22926235163
17.0018049886605,29376.450061797736
17.0028049886605,29376.67086124384
17.003804988660498,29376.891660689947
17.004804988660496,29377.112460136053
17.005804988660497,29377.33325958216
17.006804988660498,29377.554059028265
17.007804988660496,29377.77485847437
17.008804988660494,29377.995657920477
17.009804988660495,29378.216457366583
17.010804988660496,29378.43725681269
17.011804988660494,29378.658056258795
17.01280498866049,29378.878855704897
17.013804988660493,29379.099655151003
17.014804988660494,29379.320454597113
17.01580498866049,29379.541254043215
17.01680498866049,29379.76205348932
17.01780498866049,29379.982852935427
17.01880498866049,29380.203652381533
17.01980498866049,29380.42445182764
17.020804988660487,29380.645251273745
17.021804988660488,29380.86605071985
17.02280498866049,29381.086850165957
17.023804988660487,29381.307649612063
17.024804988660485,29381.52844905817
17.025804988660486,29381.749248504275
17.026804988660487,29381.97004795038
17.027804988660485,29382.190847396487
17.028804988660482,29382.411646842593
17.029804988660484,29382.6324462887
17.030804988660485,29382.853245734805
17.031804988660483,29383.07404518091
17.03280498866048,29383.294844627017
17.03380498866048,29383.515644073123
17.034804988660483,29383.73644351923
17.03580498866048,29383.957242965334
17.036804988660478,29384.17804241144
17.03780498866048,29384.398841857546
17.03880498866048,29384.619641303652
17.039804988660478,29384.84044074976
17.040804988660476,29385.06124019586
17.041804988660477,29385.28203964197
17.042804988660478,29385.502839088076
17.043804988660476,29385.739459991015
17.044804988660474,29386.004419326342
17.045804988660475,29386.26937866167
17.046804988660476,29386.534337996996
17.047804988660474,29386.799297332323
17.04880498866047,29387.06425666765
17.049804988660473,29387.329216002978
17.050804988660474,29387.594175338305
17.05180498866047,29387.859134673632
17.05280498866047,29388.12409400896
17.05380498866047,29388.389053344286
17.05480498866047,29388.654012679614
17.05580498866047,29388.91897201494
17.056804988660467,29389.183931350268
17.057804988660468,29389.448890685595
17.05880498866047,29389.713850020922
17.059804988660467,29389.97880935625
17.060804988660465,29390.243768691576
17.061804988660466,29390.508728026904
17.062804988660467,29390.77368736223
17.063804988660465,29391.038646697558
17.064804988660462,29391.30360603288
17.065804988660464,29391.568565368212
17.066804988660465,29391.83352470354
17.067804988660463,29392.098484038863
17.06880498866046,29392.36344337419
17.06980498866046,29392.628402709517
17.070804988660463,29392.893362044844
17.07180498866046,29393.15832138017
17.072804988660458,29393.4232807155
17.07380498866046,29393.688240050826
17.07480498866046,29393.953199386153
17.075804988660458,29394.21815872148
17.076804988660456,29394.483118056807
17.077804988660457,29394.748077392134
17.07880498866046,29395.01303672746
17.079804988660456,29395.27799606279
17.080804988660454,29395.542955398116
17.081804988660455,29395.807914733443
17.082804988660456,29396.07287406877
17.083804988660454,29396.337833404097
17.08480498866045,29396.602792739424
17.085804988660453,29396.86775207475
17.086804988660454,29397.13271141008
17.08780498866045,29397.397670745406
17.08880498866045,29397.662630080733
17.08980498866045,29397.92758941606
17.09080498866045,29398.192548751387
17.09180498866045,29398.457508086714
17.092804988660447,29398.722467422038
17.093804988660448,29398.98742675737
17.09480498866045,29399.252386092696
17.095804988660447,29399.51734542802
17.096804988660445,29399.782304763346
17.097804988660446,29400.047264098674
17.098804988660447,29400.312223434
17.099804988660445,29400.577182769328
17.100804988660443,29400.842142104655
17.101804988660444,29401.107101439982
17.102804988660445,29401.37206077531
17.103804988660443,29401.637020110637
17.10480498866044,29401.901979445964
17.10580498866044,29402.16693878129
17.106804988660443,29402.431898116618
17.10780498866044,29402.696857451945
17.108804988660438,29402.961816787272
17.10980498866044,29403.2267761226
17.11080498866044,29403.491735457927
17.111804988660438,29403.756694793254
17.112804988660436,29404.02165412858
17.113804988660437,29404.286613463908
17.11480498866044,29404.551572799235
17.115804988660436,29404.816532134562
17.116804988660434,29405.081491469886
17.117804988660435,29405.346450805217
17.118804988660436,29405.611410140544
17.119804988660434,29405.876369475867
17.12080498866043,29406.141328811194
17.121804988660433,29406.40628814652
17.122804988660434,29406.67124748185
17.12380498866043,29406.936206817176
17.12480498866043,29407.201166152503
17.12580498866043,29407.46612548783
17.12680498866043,29407.731084823157
17.12780498866043,29407.996044158484
17.128804988660427,29408.26100349381
17.129804988660428,29408.52596282914
17.13080498866043,29408.790922164466
17.131804988660427,29409.055881499793
17.132804988660425,29409.32084083512
17.133804988660426,29409.585800170447
17.134804988660427,29409.850759505774
17.135804988660425,29410.1157188411
17.136804988660423,29410.38067817643
17.137804988660424,29410.645637511756
17.138804988660425,29410.910596847083
17.139804988660423,29411.17555618241
17.14080498866042,29411.440515517734
17.14180498866042,29411.70547485306
17.142804988660423,29411.97043418839
17.14380498866042,29412.235393523715
17.144804988660418,29412.500352859042
17.14580498866042,29412.76531219437
17.14680498866042,29413.030271529697
17.14780498866042,29413.295230865024
17.148804988660416,29413.56019020035
17.149804988660417,29413.825149535678
17.15080498866042,29414.090108871005
17.151804988660416,29414.355068206332
17.152804988660414,29414.62002754166
17.153804988660415,29414.884986876987
17.154804988660416,29415.149946212314
17.155804988660414,29415.41490554764
17.15680498866041,29415.679864882968
17.157804988660413,29415.944824218295
17.158804988660414,29416.209783553622
17.15980498866041,29416.47474288895
17.16080498866041,29416.739702224277
17.16180498866041,29417.004661559604
17.16280498866041,29417.26962089493
17.16380498866041,29417.534580230258
17.164804988660407,29417.79953956558
17.16580498866041,29418.06449890091
17.16680498866041,29418.32945823624
17.167804988660407,29418.594417571563
17.168804988660405,29418.85937690689
17.169804988660406,29419.124336242217
17.170804988660407,29419.389295577545
17.171804988660405,29419.65425491287
17.172804988660403,29419.9192142482
17.173804988660404,29420.184173583526
17.174804988660405,29420.449132918853
17.175804988660403,29420.71409225418
17.1768049886604,29420.979051589507
17.1778049886604,29421.244010924835
17.178804988660403,29421.50897026016
17.1798049886604,29421.77392959549
17.180804988660398,29422.038888930816
17.1818049886604,29422.303848266143
17.1828049886604,29422.56880760147
17.1838049886604,29422.833766936797
17.184804988660396,29423.098726272125
17.185804988660397,29423.36368560745
17.1868049886604,29423.62864494278
17.187804988660396,29423.893604278106
17.188804988660394,29424.15856361343
17.189804988660395,29424.423522948757
17.190804988660396,29424.688482284088
17.191804988660394,29424.95344161941
17.19280498866039,29425.218400954738
17.193804988660393,29425.483360290065
17.194804988660394,29425.748319625392
17.19580498866039,29426.01327896072
17.19680498866039,29426.278238296047
17.19780498866039,29426.543197631374
17.19880498866039,29426.8081569667
17.19980498866039,29427.07311630203
17.200804988660387,29427.338075637355
17.20180498866039,29427.603034972683
17.20280498866039,29427.86799430801
17.203804988660387,29428.132953643337
17.204804988660385,29428.397912978664
17.205804988660386,29428.66287231399
17.206804988660387,29428.92783164932
17.207804988660385,29429.192790984645
17.208804988660383,29429.457750319973
17.209804988660384,29429.7227096553
17.210804988660385,29429.987668990627
17.211804988660383,29430.252628325954
17.21280498866038,29430.517587661278
17.21380498866038,29430.782546996605
17.214804988660383,29431.047506331935
17.21580498866038,29431.31246566726
17.21680498866038,29431.577425002586
17.21780498866038,29431.842384337913
17.21880498866038,29432.10734367324
17.21980498866038,29432.372303008568
17.220804988660376,29432.637262343895
17.221804988660377,29432.902221679222
17.22280498866038,29433.16718101455
17.223804988660376,29433.432140349876
17.224804988660374,29433.697099685203
17.225804988660375,29433.96205902053
17.226804988660376,29434.227018355858
17.227804988660374,29434.491977691185
17.22880498866037,29434.756937026512
17.229804988660373,29435.02189636184
17.230804988660374,29435.286855697166
17.23180498866037,29435.551815032493
17.23280498866037,29435.81677436782
17.23380498866037,29436.081733703148
17.234804988660372,29436.346693038475
17.23580498866037,29436.611652373802
17.236804988660367,29436.876611709125
17.23780498866037,29437.141571044456
17.23880498866037,29437.406530379783
17.239804988660367,29437.671489715107
17.240804988660365,29437.936449050434
17.241804988660366,29438.20140838576
17.242804988660367,29438.46636772109
17.243804988660365,29438.731327056415
17.244804988660363,29438.996286391743
17.245804988660364,29439.26124572707
17.246804988660365,29439.526205062397
17.247804988660363,29439.791164397724
17.24880498866036,29440.05612373305
17.24980498866036,29440.32108306838
17.250804988660363,29440.586042403706
17.25180498866036,29440.851001739033
17.25280498866036,29441.11596107436
17.25380498866036,29441.380920409687
17.25480498866036,29441.645879745014
17.25580498866036,29441.91083908034
17.256804988660356,29442.17579841567
17.257804988660357,29442.440757750996
17.25880498866036,29442.705717086323
17.259804988660356,29442.97067642165
17.260804988660354,29443.235635756977
17.261804988660355,29443.500595092304
17.262804988660356,29443.76555442763
17.263804988660354,29444.03051376296
17.26480498866035,29444.295473098282
17.265804988660353,29444.560432433613
17.266804988660354,29444.82539176894
17.26780498866035,29445.090351104263
17.26880498866035,29445.35531043959
17.26980498866035,29445.620269774918
17.270804988660352,29445.885229110245
17.27180498866035,29446.150188445572
17.272804988660347,29446.4151477809
17.27380498866035,29446.680107116226
17.27480498866035,29446.945066451553
17.275804988660347,29447.21703529303
17.276804988660345,29447.526154517574
17.277804988660346,29447.835273742123
17.278804988660347,29448.144392966675
17.279804988660345,29448.45351219122
17.280804988660343,29448.762631415768
17.281804988660344,29449.071750640316
17.282804988660345,29449.380869864865
17.283804988660343,29449.689989089413
17.28480498866034,29449.99910831396
17.28580498866034,29450.30822753851
17.286804988660343,29450.617346763058
17.28780498866034,29450.926465987606
17.28880498866034,29451.235585212155
17.28980498866034,29451.544704436703
17.29080498866034,29451.85382366125
17.29180498866034,29452.1629428858
17.292804988660336,29452.472062110348
17.293804988660337,29452.781181334896
17.29480498866034,29453.090300559445
17.295804988660336,29453.399419783993
17.296804988660334,29453.708539008538
17.297804988660335,29454.017658233086
17.298804988660336,29454.326777457638
17.299804988660334,29454.635896682183
17.30080498866033,29454.94501590673
17.301804988660333,29455.25413513128
17.302804988660334,29455.563254355828
17.303804988660332,29455.872373580376
17.30480498866033,29456.181492804924
17.30580498866033,29456.490612029473
17.306804988660332,29456.79973125402
17.30780498866033,29457.10885047857
17.308804988660327,29457.417969703118
17.30980498866033,29457.727088927666
17.31080498866033,29458.036208152214
17.311804988660327,29458.345327376763
17.312804988660325,29458.65444660131
17.313804988660326,29458.96356582586
17.314804988660327,29459.272685050408
17.315804988660325,29459.581804274956
17.316804988660323,29459.8909234995
17.317804988660324,29460.20004272405
17.318804988660325,29460.5091619486
17.319804988660323,29460.818281173146
17.32080498866032,29461.127400397694
17.321804988660322,29461.436519622242
17.322804988660323,29461.682152747708
17.32380498866032,29461.902952193814
17.32480498866032,29462.12375163992
17.32580498866032,29462.344551086026
17.32680498866032,29462.56535053213
17.32780498866032,29462.786149978238
17.328804988660316,29463.006949424343
17.329804988660317,29463.22774887045
17.33080498866032,29463.448548316555
17.331804988660316,29463.66934776266
17.332804988660314,29463.890147208767
17.333804988660315,29464.110946654873
17.334804988660316,29464.33174610098
17.335804988660314,29464.552545547085
17.33680498866031,29464.77334499319
17.337804988660313,29464.994144439297
17.338804988660314,29465.214943885403
17.339804988660312,29465.43574333151
17.34080498866031,29465.65654277761
17.34180498866031,29465.877342223717
17.342804988660312,29466.098141669827
17.34380498866031,29466.31894111593
17.344804988660307,29466.539740562035
17.34580498866031,29466.76054000814
17.34680498866031,29466.981339454247
17.347804988660307,29467.202138900353
17.348804988660305,29467.42293834646
17.349804988660306,29467.643737792565
17.350804988660308,29467.86453723867
17.351804988660305,29468.085336684777
17.352804988660303,29468.306136130883
17.353804988660304,29468.52693557699
17.354804988660305,29468.747735023095
17.355804988660303,29468.9685344692
17.3568049886603,29469.189333915307
17.357804988660302,29469.410133361413
17.358804988660303,29469.63093280752
17.3598049886603,29469.851732253625
17.3608049886603,29470.07253169973
17.3618049886603,29470.293331145836
17.3628049886603,29470.514130591942
17.3638049886603,29470.73493003805
17.364804988660296,29470.955729484154
17.365804988660297,29471.17652893026
17.3668049886603,29471.397328376366
17.367804988660296,29471.618127822472
17.368804988660294,29471.838927268574
17.369804988660295,29472.059726714684
17.370804988660296,29472.28052616079
17.371804988660294,29472.501325606892
17.37280498866029,29472.722125053
17.373804988660293,29472.942924499104
17.374804988660294,29473.16372394521
17.375804988660292,29473.384523391316
17.37680498866029,29473.605322837422
17.37780498866029,29473.826122283528
17.378804988660292,29474.046921729634
17.37980498866029,29474.26772117574
17.380804988660287,29474.488520621846
17.38180498866029,29474.709320067952
17.38280498866029,29474.930119514058
17.383804988660287,29475.150918960164
17.384804988660285,29475.37171840627
17.385804988660286,29475.592517852376
17.386804988660288,29475.81331729848
17.387804988660285,29476.034116744588
17.388804988660283,29476.254916190694
17.389804988660284,29476.4757156368
17.390804988660285,29476.696515082906
17.391804988660283,29476.91731452901
17.39280498866028,29477.138113975117
17.393804988660282,29477.358913421223
17.394804988660283,29477.57971286733
17.39580498866028,29477.800512313435
17.39680498866028,29478.021311759538
17.39780498866028,29478.242111205647
17.39880498866028,29478.462910651753
17.39980498866028,29478.683710097856
17.400804988660276,29478.90450954396
17.401804988660277,29479.125308990067
17.40280498866028,29479.346108436173
17.403804988660276,29479.56690788228
17.404804988660274,29479.787707328385
17.405804988660275,29480.00850677449
17.406804988660276,29480.229306220597
17.407804988660274,29480.450105666703
17.408804988660272,29480.67090511281
17.409804988660273,29480.891704558915
17.410804988660274,29481.11250400502
17.411804988660272,29481.333303451127
17.41280498866027,29481.554102897233
17.41380498866027,29481.77490234334
17.414804988660272,29481.995701789445
17.41580498866027,29482.179450988442
17.416804988660267,29482.356090545323
17.41780498866027,29482.532730102208
17.41880498866027,29482.709369659096
17.419804988660267,29482.886009215978
17.420804988660265,29483.062648772862
17.421804988660266,29483.239288329747
17.422804988660268,29483.415927886632
17.423804988660265,29483.592567443517
17.424804988660263,29483.7692070004
17.425804988660264,29483.945846557286
17.426804988660265,29484.12248611417
17.427804988660263,29484.299125671056
17.42880498866026,29484.47576522794
17.429804988660262,29484.652404784825
17.430804988660263,29484.82904434171
17.43180498866026,29485.005683898595
17.43280498866026,29485.18232345548
17.43380498866026,29485.358963012364
17.43480498866026,29485.53560256925
17.43580498866026,29485.712242126134
17.436804988660256,29485.88888168302
17.437804988660258,29486.065521239903
17.43880498866026,29486.242160796788
17.439804988660256,29486.418800353673
17.440804988660254,29486.595439910558
17.441804988660255,29486.772079467442
17.442804988660257,29486.948719024327
17.443804988660254,29487.125358581212
17.444804988660252,29487.301998138097
17.445804988660253,29487.47863769498
17.446804988660254,29487.655277251866
17.447804988660252,29487.83191680875
17.44880498866025,29488.008556365636
17.44980498866025,29488.18519592252
17.450804988660252,29488.361835479405
17.45180498866025,29488.53847503629
17.452804988660247,29488.715114593175
17.45380498866025,29488.89175415006
17.45480498866025,29489.068393706944
17.455804988660248,29489.24503326383
17.456804988660245,29489.42167282071
17.457804988660246,29489.5983123776
17.458804988660248,29489.774951934483
17.459804988660245,29489.951591491365
17.460804988660243,29490.12823104825
17.461804988660244,29490.28724670385
17.462804988660245,29490.419726371514
17.463804988660243,29490.552206039178
17.46480498866024,29490.68468570684
17.465804988660242,29490.817165374505
17.466804988660243,29490.94964504217
17.46780498866024,29491.082124709832
17.46880498866024,29491.214604377496
17.46980498866024,29491.34708404516
17.47080498866024,29491.479563712823
17.47180498866024,29491.612043380486
17.472804988660236,29491.74452304815
17.473804988660238,29491.877002715813
17.47480498866024,29492.009482383477
17.475804988660236,29492.14196205114
17.476804988660234,29492.274441718804
17.477804988660235,29492.406921386468
17.478804988660237,29492.53940105413
17.479804988660234,29492.671880721795
17.480804988660232,29492.80436038946
17.481804988660233,29492.936840057122
17.482804988660234,29493.069319724786
17.483804988660232,29493.20179939245
17.48480498866023,29493.334279060113
17.48580498866023,29493.466758727776
17.486804988660232,29493.59923839544
17.48780498866023,29493.731718063103
17.488804988660227,29493.864197730767
17.48980498866023,29493.99667739843
17.49080498866023,29494.129157066094
17.491804988660228,29494.261636733758
17.492804988660225,29494.39411640142
17.493804988660226,29494.526596069085
17.494804988660228,29494.65907573675
17.495804988660225,29494.791555404412
17.496804988660223,29494.924035072076
17.497804988660224,29495.05651473974
17.498804988660225,29495.188994407403
17.499804988660223,29495.321474075066
17.50080498866022,29495.453953742726
17.501804988660222,29495.58643341039
17.502804988660223,29495.718913078057
17.50380498866022,29495.851392745717
17.50480498866022,29495.98387241338
17.50580498866022,29496.116352081044
17.50680498866022,29496.248831748708
17.50780498866022,29496.38131141637
17.508804988660216,29496.556148528714
17.509804988660218,29496.7327880856
17.51080498866022,29496.909427642484
17.511804988660217,29497.08606719937
17.512804988660214,29497.262706756253
17.513804988660215,29497.43934631314
17.514804988660217,29497.615985870023
17.515804988660214,29497.792625426908
17.516804988660212,29497.969264983793
17.517804988660213,29498.145904540677
17.518804988660214,29498.322544097562
17.519804988660212,29498.499183654447
17.52080498866021,29498.67582321133
17.52180498866021,29498.852462768216
17.522804988660212,29499.0291023251
17.52380498866021,29499.205741881986
17.524804988660208,29499.38238143887
17.52580498866021,29499.559020995755
17.52680498866021,29499.73566055264
17.527804988660208,29499.912300109525
17.528804988660205,29500.088939666406
17.529804988660207,29500.265579223294
17.530804988660208,29500.44221878018
17.531804988660205,29500.61885833706
17.532804988660203,29500.795497893945
17.533804988660204,29500.97213745083
17.534804988660206,29501.148777007715
17.535804988660203,29501.3254165646
17.5368049886602,29501.502056121484
17.537804988660202,29501.67869567837
17.538804988660203,29501.855335235254
17.5398049886602,29502.03197479214
17.5408049886602,29502.208614349023
17.5418049886602,29502.385253905908
17.5428049886602,29502.561893462793
17.5438049886602,29502.738533019678
17.544804988660196,29502.915172576562
17.545804988660198,29503.091812133447
17.5468049886602,29503.268451690332
17.547804988660197,29503.445091247217
17.548804988660194,29503.6217308041
17.549804988660195,29503.798370360986
17.550804988660197,29503.97500991787
17.551804988660194,29504.151649474756
17.552804988660192,29504.32828903164
17.553804988660193,29504.504928588525
17.554804988660194,29504.658637046556
17.555804988660192,29504.79111671422
17.55680498866019,29504.923596381883
17.55780498866019,29505.056076049546
17.558804988660192,29505.18855571721
17.55980498866019,29505.321035384874
17.560804988660188,29505.453515052537
17.56180498866019,29505.5859947202
17.56280498866019,29505.718474387864
17.563804988660188,29505.850954055528
17.564804988660185,29505.98343372319
17.565804988660187,29506.115913390855
17.566804988660188,29506.24839305852
17.567804988660185,29506.380872726182
17.568804988660183,29506.513352393846
17.569804988660184,29506.64583206151
17.570804988660186,29506.778311729173
17.571804988660183,29506.910791396836
17.57280498866018,29507.0432710645
17.573804988660182,29507.175750732164
17.574804988660183,29507.308230399827
17.57580498866018,29507.44071006749
17.57680498866018,29507.573189735154
17.57780498866018,29507.705669402818
17.57880498866018,29507.83814907048
17.57980498866018,29507.970628738145
17.580804988660176,29508.10310840581
17.581804988660178,29508.235588073472
17.58280498866018,29508.368067741136
17.583804988660177,29508.5005474088
17.584804988660174,29508.633027076463
17.585804988660175,29508.765506744126
17.586804988660177,29508.89798641179
17.587804988660174,29509.030466079454
17.588804988660172,29509.162945747117
17.589804988660173,29509.29542541478
17.590804988660175,29509.427905082444
17.591804988660172,29509.560384750108
17.59280498866017,29509.69286441777
17.59380498866017,29509.825344085435
17.594804988660172,29509.9578237531
17.59580498866017,29510.090303420762
17.596804988660168,29510.222783088426
17.59780498866017,29510.35526275609
17.59880498866017,29510.487742423753
17.599804988660168,29510.620222091417
17.600804988660165,29510.756206512106
17.601804988660167,29510.93284606899
17.602804988660168,29511.109485625875
17.603804988660166,29511.28612518276
17.604804988660163,29511.462764739645
17.605804988660164,29511.63940429653
17.606804988660166,29511.816043853414
17.607804988660163,29511.9926834103
17.60880498866016,29512.16932296718
17.609804988660162,29512.345962524065
17.610804988660163,29512.522602080953
17.61180498866016,29512.699241637834
17.61280498866016,29512.87588119472
17.61380498866016,29513.052520751604
17.61480498866016,29513.22916030849
17.61580498866016,29513.405799865373
17.616804988660157,29513.582439422258
17.617804988660158,29513.759078979143
17.61880498866016,29513.935718536028
17.619804988660157,29514.112358092912
17.620804988660154,29514.288997649797
17.621804988660156,29514.465637206682
17.622804988660157,29514.642276763567
17.623804988660154,29514.81891632045
17.624804988660152,29514.995555877336
17.625804988660153,29515.17219543422
17.626804988660155,29515.348834991106
17.627804988660152,29515.52547454799
17.62880498866015,29515.702114104875
17.62980498866015,29515.87875366176
17.630804988660152,29516.055393218645
17.63180498866015,29516.23203277553
17.632804988660148,29516.408672332414
17.63380498866015,29516.5853118893
17.63480498866015,29516.761951446184
17.635804988660148,29516.93859100307
17.636804988660145,29517.115230559953
17.637804988660147,29517.29187011684
17.638804988660148,29517.468509673723
17.639804988660146,29517.645149230608
17.640804988660143,29517.821788787493
17.641804988660144,29517.998428344377
17.642804988660146,29518.175067901262
17.643804988660143,29518.351707458147
17.64480498866014,29518.528347015028
17.645804988660142,29518.704986571913
17.646804988660143,29518.8816261288
17.64780498866014,29519.030027389264
17.64880498866014,29519.162507056924
17.64980498866014,29519.29498672459
17.65080498866014,29519.427466392255
17.65180498866014,29519.559946059915
17.652804988660137,29519.69242572758
17.653804988660138,29519.824905395242
17.65480498866014,29519.957385062906
17.655804988660137,29520.08986473057
17.656804988660134,29520.222344398233
17.657804988660136,29520.354824065897
17.658804988660137,29520.48730373356
17.659804988660134,29520.619783401224
17.660804988660132,29520.752263068887
17.661804988660133,29520.88474273655
17.662804988660135,29521.017222404214
17.663804988660132,29521.149702071878
17.66480498866013,29521.28218173954
17.66580498866013,29521.414661407205
17.666804988660132,29521.54714107487
17.66780498866013,29521.679620742532
17.668804988660128,29521.812100410196
17.66980498866013,29521.94458007786
17.67080498866013,29522.077059745523
17.671804988660128,29522.209539413187
17.672804988660126,29522.34201908085
17.673804988660127,29522.474498748514
17.674804988660128,29522.606978416177
17.675804988660126,29522.73945808384
17.676804988660123,29522.871937751504
17.677804988660125,29523.004417419168
17.678804988660126,29523.13689708683
17.679804988660123,29523.269376754495
17.68080498866012,29523.40185642216
17.681804988660122,29523.534336089822
17.682804988660124,29523.666815757486
17.68380498866012,29523.79929542515
17.68480498866012,29523.931775092813
17.68580498866012,29524.064254760477
17.68680498866012,29524.19673442814
17.68780498866012,29524.329214095804
17.688804988660117,29524.461693763467
17.689804988660118,29524.59417343113
17.69080498866012,29524.726653098794
17.691804988660117,29524.859132766458
17.692804988660114,29524.99161243412
17.693804988660116,29525.11528015119
17.694804988660117,29525.20359992963
17.695804988660115,29525.291919708074
17.696804988660112,29525.380239486516
17.697804988660113,29525.46855926496
17.698804988660115,29525.5568790434
17.699804988660112,29525.645198821843
17.70080498866011,29525.733518600286
17.70180498866011,29525.821838378728
17.702804988660112,29525.91015815717
17.70380498866011,29525.998477935613
17.704804988660108,29526.086797714055
17.70580498866011,29526.175117492498
17.70680498866011,29526.26343727094
17.707804988660108,29526.351757049382
17.708804988660106,29526.440076827825
17.709804988660107,29526.528396606267
17.710804988660108,29526.61671638471
17.711804988660106,29526.70503616315
17.712804988660103,29526.793355941594
17.713804988660105,29526.881675720037
17.714804988660106,29526.96999549848
17.715804988660103,29527.05831527692
17.7168049886601,29527.146635055364
17.717804988660102,29527.234954833806
17.718804988660104,29527.32327461225
17.7198049886601,29527.41159439069
17.7208049886601,29527.499914169133
17.7218049886601,29527.588233947576
17.7228049886601,29527.676553726018
17.7238049886601,29527.76487350446
17.724804988660097,29527.853193282903
17.725804988660098,29527.941513061345
17.7268049886601,29528.029832839788
17.727804988660097,29528.11815261823
17.728804988660094,29528.206472396672
17.729804988660096,29528.294792175115
17.730804988660097,29528.383111953557
17.731804988660095,29528.471431732
17.732804988660092,29528.55975151044
17.733804988660093,29528.64807128888
17.734804988660095,29528.736391067327
17.735804988660092,29528.824710845765
17.73680498866009,29528.913030624208
17.73780498866009,29529.00135040265
17.738804988660092,29529.089670181093
17.73980498866009,29529.177989959535
17.740804988660088,29529.29985523197
17.74180498866009,29529.432334899633
17.74280498866009,29529.564814567297
17.743804988660088,29529.69729423496
17.744804988660086,29529.82977390262
17.745804988660087,29529.962253570287
17.746804988660088,29530.09473323795
17.747804988660086,29530.22721290561
17.748804988660083,29530.359692573275
17.749804988660085,29530.492172240938
17.750804988660086,29530.6246519086
17.751804988660083,29530.757131576265
17.75280498866008,29530.88961124393
17.753804988660082,29531.022090911592
17.754804988660084,29531.154570579256
17.75580498866008,29531.28705024692
17.75680498866008,29531.419529914583
17.75780498866008,29531.552009582247
17.75880498866008,29531.68448924991
17.75980498866008,29531.816968917574
17.760804988660077,29531.949448585237
17.761804988660078,29532.0819282529
17.76280498866008,29532.214407920565
17.763804988660077,29532.346887588228
17.764804988660075,29532.47936725589
17.765804988660076,29532.611846923555
17.766804988660077,29532.74432659122
17.767804988660075,29532.876806258882
17.768804988660072,29533.009285926546
17.769804988660074,29533.14176559421
17.770804988660075,29533.274245261873
17.771804988660072,29533.406724929537
17.77280498866007,29533.5392045972
17.77380498866007,29533.671684264864
17.774804988660073,29533.804163932527
17.77580498866007,29533.93664360019
17.776804988660068,29534.069123267855
17.77780498866007,29534.201602935518
17.77880498866007,29534.33408260318
17.779804988660068,29534.466562270845
17.780804988660066,29534.59904193851
17.781804988660067,29534.731521606172
17.782804988660068,29534.864001273836
17.783804988660066,29534.9964809415
17.784804988660063,29535.128960609163
17.785804988660065,29535.261440276827
17.786804988660066,29535.39391994449
17.787804988660064,29535.526399612154
17.78880498866006,29535.658879279817
17.789804988660062,29535.79135894748
17.790804988660064,29535.923838615145
17.79180498866006,29536.05631828281
17.79280498866006,29536.18879795047
17.79380498866006,29536.321277618135
17.79480498866006,29536.4537572858
17.79580498866006,29536.586236953463
17.796804988660057,29536.718716621122
17.797804988660058,29536.85119628879
17.79880498866006,29536.983675956453
17.799804988660057,29537.116155624113
17.800804988660055,29537.248635291777
17.801804988660056,29537.38111495944
17.802804988660057,29537.513594627104
17.803804988660055,29537.646074294767
17.804804988660052,29537.77855396243
17.805804988660054,29537.911033630095
17.806804988660055,29538.04351329776
17.807804988660052,29538.17599296542
17.80880498866005,29538.308472633085
17.80980498866005,29538.44095230075
17.810804988660053,29538.573431968412
17.81180498866005,29538.705911636076
17.812804988660048,29538.83839130374
17.81380498866005,29538.970870971403
17.81480498866005,29539.103350639067
17.815804988660048,29539.23583030673
17.816804988660046,29539.368309974394
17.817804988660047,29539.500789642057
17.818804988660048,29539.63326930972
17.819804988660046,29539.765748977385
17.820804988660043,29539.89822864505
17.821804988660045,29540.03070831271
17.822804988660046,29540.163187980375
17.823804988660044,29540.29566764804
17.82480498866004,29540.428147315703
17.825804988660042,29540.560626983366
17.826804988660044,29540.69310665103
17.82780498866004,29540.825586318693
17.82880498866004,29540.958065986357
17.82980498866004,29541.09054565402
17.83080498866004,29541.223025321684
17.83180498866004,29541.355504989348
17.832804988660037,29541.48798465701
17.833804988660038,29541.65931701623
17.83480498866004,29541.835956573115
17.835804988660037,29542.01259613
17.836804988660035,29542.189235686885
17.837804988660036,29542.36587524377
17.838804988660037,29542.542514800654
17.839804988660035,29542.71915435754
17.840804988660032,29542.895793914424
17.841804988660034,29543.07243347131
17.842804988660035,29543.249073028193
17.843804988660033,29543.425712585078
17.84480498866003,29543.602352141963
17.84580498866003,29543.778991698848
17.846804988660033,29543.955631255732
17.84780498866003,29544.132270812617
17.848804988660028,29544.308910369502
17.84980498866003,29544.485549926387
17.85080498866003,29544.66218948327
17.851804988660028,29544.838829040156
17.852804988660026,29545.01546859704
17.853804988660027,29545.192108153926
17.854804988660028,29545.36874771081
17.855804988660026,29545.545387267695
17.856804988660024,29545.72202682458
17.857804988660025,29545.898666381465
17.858804988660026,29546.07530593835
17.859804988660024,29546.251945495234
17.86080498866002,29546.42858505212
17.861804988660023,29546.605224609004
17.862804988660024,29546.78186416589
17.86380498866002,29546.958503722773
17.86480498866002,29547.135143279655
17.86580498866002,29547.31178283654
17.86680498866002,29547.488422393428
17.86780498866002,29547.66506195031
17.868804988660017,29547.841701507194
17.869804988660018,29548.01834106408
17.87080498866002,29548.194980620963
17.871804988660017,29548.371620177848
17.872804988660015,29548.548259734733
17.873804988660016,29548.724899291617
17.874804988660017,29548.901538848502
17.875804988660015,29549.078178405387
17.876804988660012,29549.25481796227
17.877804988660014,29549.431457519157
17.878804988660015,29549.60809707604
17.879804988660013,29549.784736632926
17.88080498866001,29549.96137618981
17.88180498866001,29550.138015746696
17.882804988660013,29550.31465530358
17.88380498866001,29550.491294860465
17.884804988660008,29550.66793441735
17.88580498866001,29550.844573974235
17.88680498866001,29551.02121353112
17.887804988660008,29551.197853088004
17.888804988660006,29551.37449264489
17.889804988660007,29551.551132201774
17.89080498866001,29551.72777175866
17.891804988660006,29551.904411315543
17.892804988660004,29552.081050872428
17.893804988660005,29552.257690429313
17.894804988660006,29552.434329986198
17.895804988660004,29552.610969543082
17.89680498866,29552.787609099967
17.897804988660003,29552.964248656852
17.898804988660004,29553.140888213737
17.89980498866,29553.31752777062
17.90080498866,29553.494167327503
17.90180498866,29553.670806884387
17.90280498866,29553.847446441276
17.90380498866,29554.024085998157
17.904804988659997,29554.20072555504
17.905804988659998,29554.377365111926
17.90680498866,29554.55400466881
17.907804988659997,29554.730644225696
17.908804988659995,29554.90728378258
17.909804988659996,29555.083923339465
17.910804988659997,29555.26056289635
17.911804988659995,29555.437202453235
17.912804988659992,29555.61384201012
17.913804988659994,29555.790481567004
17.914804988659995,29555.96712112389
17.915804988659993,29556.143760680774
17.91680498865999,29556.32040023766
17.91780498865999,29556.497039794544
17.918804988659993,29556.67367935143
17.91980498865999,29556.850318908313
17.920804988659988,29557.026958465198
17.92180498865999,29557.203598022083
17.92280498865999,29557.380237578967
17.923804988659988,29557.556877135852
17.924804988659986,29557.733516692737
17.925804988659987,29557.91015624962
17.92680498865999,29558.086795806506
17.927804988659986,29558.26343536339
17.928804988659984,29558.440074920276
17.929804988659985,29558.61671447716
17.930804988659986,29558.793354034045
17.931804988659984,29558.96999359093
17.93280498865998,29559.146633147815
17.933804988659983,29559.3232727047
17.934804988659984,29559.499912261585
17.93580498865998,29559.67655181847
17.93680498865998,29559.85319137535
17.93780498865998,29560.02983093224
17.93880498865998,29560.206470489124
17.93980498865998,29560.383110046005
17.940804988659977,29560.55974960289
17.941804988659978,29560.736389159774
17.94280498865998,29560.91302871666
17.943804988659977,29561.089668273544
17.944804988659975,29561.26630783043
17.945804988659976,29561.442947387313
17.946804988659977,29561.619586944198
17.947804988659975,29561.796226501083
17.948804988659973,29561.972866057968
17.949804988659974,29562.149505614852
17.950804988659975,29562.326145171737
17.951804988659973,29562.502784728622
17.95280498865997,29562.679424285507
17.95380498865997,29562.85606384239
17.954804988659973,29563.032703399276
17.95580498865997,29563.20934295616
17.956804988659968,29563.385982513046
17.95780498865997,29563.56262206993
17.95880498865997,29563.739261626815
17.959804988659968,29563.9159011837
17.960804988659966,29564.092540740585
17.961804988659967,29564.26918029747
17.96280498865997,29564.445819854354
17.963804988659966,29564.62245941124
17.964804988659964,29564.799098968124
17.965804988659965,29564.97573852501
17.966804988659966,29565.152378081893
17.967804988659964,29565.329017638778
17.96880498865996,29565.505657195663
17.969804988659963,29565.682296752548
17.970804988659964,29565.858936309432
17.97180498865996,29566.035575866317
17.97280498865996,29566.212215423202
17.97380498865996,29566.388854980087
17.97480498865996,29566.56549453697
17.97580498865996,29566.742134093856
17.976804988659957,29566.918773650737
17.97780498865996,29567.095413207626
17.97880498865996,29567.27205276451
17.979804988659957,29567.44869232139
17.980804988659955,29567.625331878276
17.981804988659956,29567.80197143516
17.982804988659957,29567.978610992046
17.983804988659955,29568.15525054893
17.984804988659953,29568.331890105816
17.985804988659954,29568.5085296627
17.986804988659955,29568.685169219585
17.987804988659953,29568.86180877647
17.98880498865995,29569.038448333355
17.98980498865995,29569.21508789024
17.990804988659953,29569.391727447124
17.99180498865995,29569.56836700401
17.992804988659948,29569.745006560894
17.99380498865995,29569.92164611778
17.99480498865995,29570.098285674663
17.99580498865995,29570.274925231548
17.996804988659946,29570.451564788433
17.997804988659947,29570.628204345317
17.99880498865995,29570.804843902202
17.999804988659946,29570.981483459087
18.000804988659944,29571.15812301597
18.001804988659945,29571.334762572857
18.002804988659946,29571.51140212974
18.003804988659944,29571.688041686626
18.00480498865994,29571.86468124351
18.005804988659943,29572.041320800396
18.006804988659944,29572.21796035728
18.00780498865994,29572.394599914165
18.00880498865994,29572.57123947105
18.00980498865994,29572.747879027935
18.01080498865994,29572.92451858482
18.01180498865994,29573.101158141704
18.012804988659937,29573.277797698585
18.01380498865994,29573.454437255474
18.01480498865994,29573.63107681236
18.015804988659937,29573.80771636924
18.016804988659935,29573.984355926124
18.017804988659936,29574.16099548301
18.018804988659937,29574.33232784242
18.019804988659935,29574.464807510085
18.020804988659933,29574.59728717775
18.021804988659934,29574.729766845412
18.022804988659935,29574.862246513076
18.023804988659933,29574.99472618074
18.02480498865993,29575.127205848403
18.02580498865993,29575.259685516066
18.026804988659933,29575.39216518373
18.02780498865993,29575.524644851394
18.028804988659928,29575.657124519057
18.02980498865993,29575.78960418672
18.03080498865993,29575.922083854384
18.03180498865993,29576.054563522048
18.032804988659926,29576.18704318971
18.033804988659927,29576.319522857375
18.03480498865993,29576.45200252504
18.035804988659926,29576.584482192702
18.036804988659924,29576.716961860366
18.037804988659925,29576.84944152803
18.038804988659926,29576.981921195693
18.039804988659924,29577.114400863356
18.04080498865992,29577.24688053102
18.041804988659923,29577.379360198684
18.042804988659924,29577.511839866347
18.04380498865992,29577.64431953401
18.04480498865992,29577.77679920167
18.04580498865992,29577.909278869334
18.04680498865992,29578.041758537
18.04780498865992,29578.17423820466
18.048804988659917,29578.306717872325
18.04980498865992,29578.43919753999
18.05080498865992,29578.571677207652
18.051804988659917,29578.704156875316
18.052804988659915,29578.83663654298
18.053804988659916,29578.969116210643
18.054804988659917,29579.101595878306
18.055804988659915,29579.23407554597
18.056804988659913,29579.366555213634
18.057804988659914,29579.499034881297
18.058804988659915,29579.63151454896
18.059804988659913,29579.763994216624
18.06080498865991,29579.896473884288
18.06180498865991,29580.02895355195
18.062804988659913,29580.161433219615
18.06380498865991,29580.29391288728
18.06480498865991,29580.426392554942
18.06580498865991,29580.618953704343
18.06680498865991,29580.83975315045
18.06780498865991,29581.060552596555
18.068804988659906,29581.28135204266
18.069804988659907,29581.502151488767
18.07080498865991,29581.722950934873
18.071804988659906,29581.94375038098
18.072804988659904,29582.164549827085
18.073804988659905,29582.38534927319
18.074804988659906,29582.606148719296
18.075804988659904,29582.826948165402
18.0768049886599,29583.04774761151
18.077804988659903,29583.268547057614
18.078804988659904,29583.48934650372
18.0798049886599,29583.710145949826
18.0808049886599,29583.93094539593
18.0818049886599,29584.151744842038
18.082804988659902,29584.372544288144
18.0838049886599,29584.593343734246
18.084804988659897,29584.814143180352
18.0858049886599,29585.03494262646
18.0868049886599,29585.255742072564
18.087804988659897,29585.47654151867
18.088804988659895,29585.697340964776
18.089804988659896,29585.918140410882
18.090804988659897,29586.138939856988
18.091804988659895,29586.359739303094
18.092804988659893,29586.5805387492
18.093804988659894,29586.801338195306
18.094804988659895,29587.022137641412
18.095804988659893,29587.242937087518
18.09680498865989,29587.463736533624
18.09780498865989,29587.68453597973
18.098804988659893,29587.905335425836
18.09980498865989,29588.12613487194
18.10080498865989,29588.346934318048
18.10180498865989,29588.567733764154
18.10280498865989,29588.78853321026
18.10380498865989,29589.009332656366
18.104804988659886,29589.23013210247
18.105804988659887,29589.450931548578
18.10680498865989,29589.671730994683
18.107804988659886,29589.89253044079
18.108804988659884,29590.11332988689
18.109804988659885,29590.334129333
18.110804988659886,29590.554928779107
18.111804988659884,29590.77572822521
18.11280498865988,29590.996527671316
18.113804988659883,29591.21732711742
18.114804988659884,29591.43812656353
18.11580498865988,29591.658926009633
18.11680498865988,29591.87972545574
18.11780498865988,29592.100524901845
18.118804988659882,29592.32132434795
18.11980498865988,29592.542123794057
18.120804988659877,29592.762923240163
18.12180498865988,29592.98372268627
18.12280498865988,29593.204522132375
18.123804988659877,29593.42532157848
18.124804988659875,29593.646121024587
18.125804988659876,29593.866920470693
18.126804988659877,29594.0877199168
18.127804988659875,29594.308519362905
18.128804988659873,29594.52931880901
18.129804988659874,29594.750118255117
18.130804988659875,29594.970917701223
18.131804988659873,29595.19171714733
18.13280498865987,29595.412516593435
18.133804988659872,29595.63331603954
18.134804988659873,29595.854115485647
18.13580498865987,29596.074914931753
18.13680498865987,29596.29571437786
18.13780498865987,29596.516513823964
18.13880498865987,29596.73731327007
18.13980498865987,29596.958112716176
18.140804988659866,29597.178912162282
18.141804988659867,29597.39971160839
18.14280498865987,29597.620511054494
18.143804988659866,29597.8413105006
18.144804988659864,29598.062109946703
18.145804988659865,29598.28290939281
18.146804988659866,29598.503708838918
18.147804988659864,29598.72450828502
18.14880498865986,29598.945307731126
18.149804988659863,29599.166107177232
18.150804988659864,29599.38690662334
18.151804988659862,29599.607706069444
18.15280498865986,29599.82850551555
18.15380498865986,29600.049304961656
18.154804988659862,29600.270104407762
18.15580498865986,29600.490903853868
18.156804988659857,29600.711703299974
18.15780498865986,29600.93250274608
18.15880498865986,29601.11795425375
18.159804988659857,29601.294593810635
18.160804988659855,29601.47123336752
18.161804988659856,29601.647872924405
18.162804988659857,29601.82451248129
18.163804988659855,29602.001152038174
18.164804988659853,29602.177791595055
18.165804988659854,29602.35443115194
18.166804988659855,29602.53107070883
18.167804988659853,29602.70771026571
18.16880498865985,29602.884349822594
18.169804988659852,29603.06098937948
18.170804988659853,29603.237628936364
18.17180498865985,29603.41426849325
18.17280498865985,29603.590908050133
18.17380498865985,29603.767547607018
18.17480498865985,29603.944187163903
18.17580498865985,29604.120826720788
18.176804988659846,29604.297466277672
18.177804988659847,29604.474105834557
18.17880498865985,29604.650745391442
18.179804988659846,29604.827384948327
18.180804988659844,29605.00402450521
18.181804988659845,29605.180664062096
18.182804988659846,29605.35730361898
18.183804988659844,29605.533943175866
18.18480498865984,29605.71058273275
18.185804988659843,29605.887222289635
18.186804988659844,29606.06386184652
18.187804988659842,29606.240501403405
18.18880498865984,29606.41714096029
18.18980498865984,29606.593780517174
18.190804988659842,29606.77042007406
18.19180498865984,29606.947059630944
18.192804988659837,29607.12369918783
18.19380498865984,29607.300338744713
18.19480498865984,29607.476978301598
18.195804988659837,29607.653617858483
18.196804988659835,29607.830257415368
18.197804988659836,29608.006896972252
18.198804988659838,29608.183536529137
18.199804988659835,29608.360176086022
18.200804988659833,29608.536815642903
18.201804988659834,29608.713455199788
18.202804988659835,29608.890094756676
18.203804988659833,29609.066734313557
18.20480498865983,29609.243373870442
18.205804988659832,29609.420013427327
18.206804988659833,29609.59665298421
18.20780498865983,29609.773292541096
18.20880498865983,29609.94993209798
18.20980498865983,29610.126571654866
18.21080498865983,29610.30321121175
18.21180498865983,29610.479850768636
18.212804988659826,29610.65649032552
18.213804988659827,29610.833129882405
18.21480498865983,29611.00976943929
18.215804988659826,29611.186408996175
18.216804988659824,29611.36304855306
18.217804988659825,29611.539688109944
18.218804988659826,29611.71632766683
18.219804988659824,29611.892967223714
18.220804988659822,29612.0696067806
18.221804988659823,29612.246246337483
18.222804988659824,29612.422885894368
18.223804988659822,29612.599525451253
18.22480498865982,29612.776165008137
18.22580498865982,29612.952804565022
18.226804988659822,29613.129444121907
18.22780498865982,29613.30608367879
18.228804988659817,29613.482723235677
18.22980498865982,29613.65936279256
18.23080498865982,29613.836002349446
18.231804988659817,29614.01264190633
18.232804988659815,29614.189281463216
18.233804988659816,29614.3659210201
18.234804988659818,29614.542560576985
18.235804988659815,29614.71920013387
18.236804988659813,29614.89583969075
18.237804988659814,29615.072479247636
18.238804988659815,29615.249118804524
18.239804988659813,29615.425758361405
18.24080498865981,29615.60239791829
18.241804988659812,29615.779037475175
18.242804988659813,29615.95567703206
18.24380498865981,29616.132316588944
18.24480498865981,29616.30895614583
18.24580498865981,29616.485595702714
18.24680498865981,29616.6622352596
18.24780498865981,29616.838874816483
18.248804988659806,29617.01551437337
18.249804988659807,29617.192153930253
18.25080498865981,29617.368793487138
18.251804988659806,29617.504777908016
18.252804988659804,29617.63725757568
18.253804988659805,29617.769737243343
18.254804988659806,29617.902216911007
18.255804988659804,29618.03469657867
18.256804988659802,29618.167176246334
18.257804988659803,29618.299655913997
18.258804988659804,29618.43213558166
18.259804988659802,29618.564615249325
18.2608049886598,29618.697094916988
18.2618049886598,29618.82957458465
18.262804988659802,29618.962054252315
18.2638049886598,29619.09453391998
18.264804988659797,29619.227013587642
18.2658049886598,29619.359493255306
18.2668049886598,29619.49197292297
18.267804988659798,29619.624452590633
18.268804988659795,29619.756932258297
18.269804988659796,29619.88941192596
18.270804988659798,29620.021891593624
18.271804988659795,29620.154371261287
18.272804988659793,29620.28685092895
18.273804988659794,29620.419330596615
18.274804988659795,29620.551810264278
18.275804988659793,29620.68428993194
18.27680498865979,29620.816769599605
18.277804988659792,29620.94924926727
18.278804988659793,29621.081728934932
18.27980498865979,29621.214208602596
18.28080498865979,29621.34668827026
18.28180498865979,29621.479167937923
18.28280498865979,29621.611647605587
18.28380498865979,29621.74412727325
18.284804988659786,29621.876606940914
18.285804988659788,29622.009086608577
18.28680498865979,29622.14156627624
18.287804988659786,29622.274045943905
18.288804988659784,29622.40652561157
18.289804988659785,29622.53900527923
18.290804988659787,29622.671484946895
18.291804988659784,29622.80396461456
18.292804988659782,29622.93644428222
18.293804988659783,29623.068923949886
18.294804988659784,29623.20140361755
18.295804988659782,29623.33388328521
18.29680498865978,29623.466362952873
18.29780498865978,29623.598842620537
18.298804988659782,29623.731322288204
18.29980498865978,29623.863801955864
18.300804988659777,29623.996281623527
18.30180498865978,29624.12876129119
18.30280498865978,29624.261240958855
18.303804988659778,29624.39372062652
18.304804988659775,29624.52620029418
18.305804988659776,29624.658679961845
18.306804988659778,29624.79115962951
18.307804988659775,29624.923639297172
18.308804988659773,29625.056118964836
18.309804988659774,29625.1885986325
18.310804988659775,29625.321078300163
18.311804988659773,29625.453557967827
18.31280498865977,29625.58603763549
18.313804988659772,29625.718517303154
18.314804988659773,29625.850996970818
18.31580498865977,29625.98347663848
18.31680498865977,29626.115956306145
18.31780498865977,29626.24843597381
18.31880498865977,29626.38091564147
18.31980498865977,29626.513395309135
18.320804988659766,29626.6458749768
18.321804988659768,29626.778354644463
18.32280498865977,29626.910834312126
18.323804988659766,29627.04331397979
18.324804988659764,29627.175793647453
18.325804988659765,29627.308273315117
18.326804988659767,29627.44075298278
18.327804988659764,29627.573232650444
18.328804988659762,29627.705712318108
18.329804988659763,29627.83819198577
18.330804988659764,29627.970671653435
18.331804988659762,29628.1031513211
18.33280498865976,29628.235630988762
18.33380498865976,29628.368110656425
18.334804988659762,29628.50059032409
18.33580498865976,29628.633069991753
18.336804988659757,29628.765549659416
18.33780498865976,29628.89802932708
18.33880498865976,29629.030508994743
18.339804988659758,29629.162988662407
18.340804988659755,29629.295468330067
18.341804988659757,29629.427947997734
18.342804988659758,29629.560427665398
18.343804988659755,29629.691104888705
18.344804988659753,29629.779424667147
18.345804988659754,29629.86774444559
18.346804988659756,29629.956064224032
18.347804988659753,29630.044384002475
18.34880498865975,29630.132703780917
18.349804988659752,29630.22102355936
18.350804988659753,29630.3093433378
18.35180498865975,29630.397663116244
18.35280498865975,29630.485982894686
18.35380498865975,29630.57430267313
18.35480498865975,29630.66262245157
18.35580498865975,29630.750942230014
18.356804988659746,29630.839262008456
18.357804988659748,29630.9275817869
18.35880498865975,29631.01590156534
18.359804988659747,29631.104221343783
18.360804988659744,29631.192541122226
18.361804988659745,29631.280860900668
18.362804988659747,29631.36918067911
18.363804988659744,29631.457500457553
18.364804988659742,29631.545820235995
18.365804988659743,29631.634140014437
18.366804988659744,29631.72245979288
18.367804988659742,29631.810779571322
18.36880498865974,29631.899099349765
18.36980498865974,29631.987419128207
18.370804988659742,29632.07573890665
18.37180498865974,29632.16405868509
18.372804988659738,29632.252378463534
18.37380498865974,29632.340698241976
18.37480498865974,29632.42901802042
18.375804988659738,29632.51733779886
18.376804988659735,29632.605657577304
18.377804988659737,29632.693977355746
18.378804988659738,29632.78229713419
18.379804988659735,29632.87061691263
18.380804988659733,29632.958936691073
18.381804988659734,29633.047256469516
18.382804988659736,29633.135576247958
18.383804988659733,29633.2238960264
18.38480498865973,29633.312215804843
18.385804988659732,29633.400535583285
18.386804988659733,29633.488855361727
18.38780498865973,29633.57717514017
18.38880498865973,29633.665494918612
18.38980498865973,29633.753814697055
18.39080498865973,29633.842134475497
18.39180498865973,29633.93045425394
18.392804988659726,29634.01877403238
18.393804988659728,29634.107093810824
18.39480498865973,29634.195413589267
18.395804988659727,29634.28373336771
18.396804988659724,29634.37205314615
18.397804988659725,29634.460372924594
18.398804988659727,29634.548692703036
18.399804988659724,29634.63701248148
18.400804988659722,29634.725332259917
18.401804988659723,29634.813652038363
18.402804988659724,29634.901971816806
18.403804988659722,29634.990291595244
18.40480498865972,29635.078611373687
18.40580498865972,29635.16693115213
18.406804988659722,29635.25525093057
18.40780498865972,29635.343570709014
18.408804988659718,29635.431890487456
18.40980498865972,29635.5202102659
18.41080498865972,29635.60853004434
18.411804988659718,29635.696849822783
18.412804988659715,29635.785169601226
18.413804988659717,29635.873489379668
18.414804988659718,29635.96180915811
18.415804988659715,29636.050128936553
18.416804988659713,29636.138448714995
18.417804988659714,29636.226768493438
18.418804988659716,29636.31508827188
18.419804988659713,29636.403408050322
18.42080498865971,29636.491727828765
18.421804988659712,29636.580047607207
18.422804988659713,29636.66836738565
18.42380498865971,29636.756687164092
18.42480498865971,29636.845006942534
18.42580498865971,29636.933326720977
18.42680498865971,29637.02164649942
18.42780498865971,29637.10996627786
18.428804988659707,29637.198286056304
18.429804988659708,29637.286605834746
18.43080498865971,29637.37492561319
18.431804988659707,29637.46324539163
18.432804988659704,29637.551565170073
18.433804988659706,29637.639884948516
18.434804988659707,29637.72820472696
18.435804988659704,29637.8165245054
18.436804988659702,29637.911953925763
18.437804988659703,29638.04443359343
18.438804988659705,29638.176913261093
18.439804988659702,29638.309392928753
18.4408049886597,29638.441872596417
18.4418049886597,29638.57435226408
18.442804988659702,29638.706831931748
18.4438049886597,29638.839311599408
18.444804988659698,29638.97179126707
18.4458049886597,29639.104270934735
18.4468049886597,29639.2367506024
18.447804988659698,29639.369230270062
18.448804988659695,29639.501709937726
18.449804988659697,29639.63418960539
18.450804988659698,29639.766669273053
18.451804988659696,29639.899148940716
18.452804988659693,29640.03162860838
18.453804988659694,29640.164108276043
18.454804988659696,29640.296587943707
18.455804988659693,29640.42906761137
18.45680498865969,29640.561547279034
18.457804988659692,29640.694026946698
18.458804988659693,29640.82650661436
18.45980498865969,29640.958986282025
18.46080498865969,29641.09146594969
18.46180498865969,29641.223945617352
18.46280498865969,29641.356425285016
18.46380498865969,29641.48890495268
18.464804988659687,29641.621384620343
18.465804988659688,29641.753864288006
18.46680498865969,29641.88634395567
18.467804988659687,29642.018823623333
18.468804988659684,29642.151303290997
18.469804988659686,29642.28378295866
18.470804988659687,29642.416262626324
18.471804988659684,29642.548742293988
18.472804988659682,29642.68122196165
18.473804988659683,29642.813701629315
18.474804988659685,29642.94618129698
18.475804988659682,29643.078660964642
18.47680498865968,29643.211140632306
18.47780498865968,29643.34362029997
18.478804988659682,29643.476099967633
18.47980498865968,29643.608579635296
18.480804988659678,29643.74105930296
18.48180498865968,29643.873538970623
18.48280498865968,29644.006018638287
18.483804988659678,29644.074811935316
18.484804988659675,29644.118971824537
18.485804988659677,29644.163131713758
18.486804988659678,29644.20729160298
18.487804988659676,29644.2514514922
18.488804988659673,29644.29561138142
18.489804988659674,29644.339771270643
18.490804988659676,29644.383931159864
18.491804988659673,29644.428091049085
18.49280498865967,29644.472250938306
18.493804988659672,29644.516410827528
18.494804988659673,29644.56057071675
18.49580498865967,29644.60473060597
18.49680498865967,29644.64889049519
18.49780498865967,29644.693050384412
18.49880498865967,29644.737210273634
18.49980498865967,29644.781370162855
18.500804988659667,29644.825530052076
18.501804988659668,29644.869689941297
18.50280498865967,29644.91384983052
18.503804988659667,29644.95800971974
18.504804988659664,29645.00216960896
18.505804988659666,29645.046329498182
18.506804988659667,29645.090489387403
18.507804988659665,29645.134649276624
18.508804988659662,29645.178809165845
18.509804988659663,29645.222969055067
18.510804988659665,29645.267128944288
18.511804988659662,29645.31128883351
18.51280498865966,29645.35544872273
18.51380498865966,29645.39960861195
18.514804988659662,29645.443768501173
18.51580498865966,29645.487928390394
18.516804988659658,29645.532088279615
18.51780498865966,29645.576248168836
18.51880498865966,29645.620408058057
18.519804988659658,29645.66456794728
18.520804988659656,29645.7087278365
18.521804988659657,29645.75288772572
18.522804988659658,29645.797047614942
18.523804988659656,29645.841207504163
18.524804988659653,29645.885367393385
18.525804988659655,29645.929527282606
18.526804988659656,29645.973687171827
18.527804988659653,29646.017847061048
18.52880498865965,29646.06200695027
18.529804988659652,29646.10616683949
18.530804988659654,29646.15032672871
18.53180498865965,29646.194486617933
18.53280498865965,29646.238646507154
18.53380498865965,29646.282806396375
18.53480498865965,29646.326966285596
18.53580498865965,29646.371126174818
18.536804988659647,29646.41528606404
18.537804988659648,29646.45944595326
18.53880498865965,29646.50360584248
18.539804988659647,29646.547765731702
18.540804988659644,29646.591925620924
18.541804988659646,29646.636085510145
18.542804988659647,29646.680245399366
18.543804988659645,29646.724405288587
18.544804988659642,29646.76856517781
18.545804988659643,29646.81272506703
18.546804988659645,29646.85688495625
18.547804988659642,29646.901044845472
18.54880498865964,29646.945204734693
18.54980498865964,29646.989364623914
18.550804988659642,29647.033524513135
18.55180498865964,29647.077684402357
18.552804988659638,29647.121844291578
18.55380498865964,29647.1660041808
18.55480498865964,29647.21016407002
18.555804988659638,29647.25432395924
18.556804988659636,29647.298483848463
18.557804988659637,29647.342643737684
18.558804988659638,29647.386803626905
18.559804988659636,29647.430963516126
18.560804988659633,29647.475123405347
18.561804988659635,29647.51928329457
18.562804988659636,29647.56344318379
18.563804988659633,29647.60760307301
18.56480498865963,29647.651762962232
18.565804988659632,29647.695922851453
18.566804988659634,29647.740082740675
18.56780498865963,29647.784242629896
18.56880498865963,29647.828402519117
18.56980498865963,29647.872562408338
18.57080498865963,29647.91672229756
18.57180498865963,29647.96088218678
18.572804988659627,29648.005042076
18.573804988659628,29648.049201965223
18.57480498865963,29648.093361854444
18.575804988659627,29648.137521743665
18.576804988659624,29648.21883201577
18.577804988659626,29648.30715179421
18.578804988659627,29648.395471572654
18.579804988659625,29648.483791351096
18.580804988659622,29648.57211112954
18.581804988659623,29648.66043090798
18.582804988659625,29648.748750686424
18.583804988659622,29648.837070464866
18.58480498865962,29648.92539024331
18.58580498865962,29649.01371002175
18.586804988659622,29649.102029800193
18.58780498865962,29649.190349578636
18.588804988659618,29649.278669357078
18.58980498865962,29649.36698913552
18.59080498865962,29649.455308913963
18.591804988659618,29649.543628692405
18.592804988659616,29649.631948470847
18.593804988659617,29649.72026824929
18.594804988659618,29649.808588027732
18.595804988659616,29649.896907806175
18.596804988659613,29649.985227584617
18.597804988659615,29650.07354736306
18.598804988659616,29650.1618671415
18.599804988659614,29650.250186919944
18.60080498865961,29650.338506698386
18.601804988659612,29650.42682647683
18.602804988659614,29650.51514625527
18.60380498865961,29650.603466033714
18.60480498865961,29650.691785812156
18.60580498865961,29650.7801055906
18.60680498865961,29650.86842536904
18.60780498865961,29650.956745147483
18.608804988659607,29651.045064925926
18.609804988659608,29651.133384704368
18.61080498865961,29651.22170448281
18.611804988659607,29651.310024261253
18.612804988659605,29651.398344039695
18.613804988659606,29651.486663818137
18.614804988659607,29651.57498359658
18.615804988659605,29651.663303375022
18.616804988659602,29651.751623153465
18.617804988659604,29651.839942931907
18.618804988659605,29651.92826271035
18.619804988659602,29652.01658248879
18.6208049886596,29652.104902267234
18.6218049886596,29652.193222045677
18.622804988659603,29652.28154182412
18.6238049886596,29652.36986160256
18.624804988659598,29652.458181381
18.6258049886596,29652.546501159442
18.6268049886596,29652.63482093789
18.627804988659598,29652.723140716327
18.628804988659596,29652.81146049477
18.629804988659597,29652.899780273212
18.630804988659598,29652.988100051654
18.631804988659596,29653.076419830097
18.632804988659593,29653.16473960854
18.633804988659595,29653.25305938698
18.634804988659596,29653.341379165424
18.635804988659594,29653.429698943866
18.63680498865959,29653.51801872231
18.637804988659592,29653.60633850075
18.638804988659594,29653.694658279193
18.63980498865959,29653.782978057636
18.64080498865959,29653.871297836078
18.64180498865959,29653.95961761452
18.64280498865959,29654.047937392963
18.64380498865959,29654.136257171405
18.644804988659587,29654.224576949848
18.645804988659588,29654.31289672829
18.64680498865959,29654.401216506732
18.647804988659587,29654.489536285175
18.648804988659585,29654.577856063617
18.649804988659586,29654.66617584206
18.650804988659587,29654.754495620502
18.651804988659585,29654.842815398944
18.652804988659582,29654.931135177387
18.653804988659584,29655.01945495583
18.654804988659585,29655.10777473427
18.655804988659582,29655.196094512714
18.65680498865958,29655.284414291156
18.65780498865958,29655.3727340696
18.658804988659583,29655.46105384804
18.65980498865958,29655.549373626483
18.660804988659578,29655.637693404926
18.66180498865958,29655.72601318337
18.66280498865958,29655.81433296181
18.663804988659578,29655.902652740253
18.664804988659576,29655.990972518695
18.665804988659577,29656.079292297138
18.666804988659578,29656.16761207558
18.667804988659576,29656.255931854022
18.668804988659573,29656.344251632465
18.669804988659575,29656.432571410907
18.670804988659576,29656.52089118935
18.671804988659574,29656.609210967792
18.67280498865957,29656.697530746234
18.673804988659573,29656.785850524677
18.674804988659574,29656.87417030312
18.67580498865957,29656.96249008156
18.67680498865957,29657.050809860004
18.67780498865957,29657.139129638446
18.67880498865957,29657.22744941689
18.67980498865957,29657.31576919533
18.680804988659567,29657.404088973773
18.681804988659568,29657.492408752216
18.68280498865957,29657.58072853066
18.683804988659567,29657.6690483091
18.684804988659565,29657.757368087543
18.685804988659566,29657.845687865985
18.686804988659567,29657.934007644428
18.687804988659565,29658.02232742287
18.688804988659562,29658.110647201313
18.689804988659564,29658.198966979755
18.690804988659565,29658.287286758197
18.691804988659563,29658.37560653664
18.69280498865956,29658.463926315082
18.69380498865956,29658.552246093524
18.694804988659563,29658.640565871967
18.69580498865956,29658.72888565041
18.696804988659558,29658.81720542885
18.69780498865956,29658.905525207294
18.69880498865956,29658.993844985736
18.699804988659558,29659.08216476418
18.700804988659556,29659.170484542617
18.701804988659557,29659.258804321064
18.702804988659558,29659.347124099506
18.703804988659556,29659.435443877945
18.704804988659554,29659.523763656387
18.705804988659555,29659.61208343483
18.706804988659556,29659.70040321327
18.707804988659554,29659.788722991714
18.70880498865955,29659.877042770157
18.709804988659553,29659.9653625486
18.710804988659554,29660.05368232704
18.71180498865955,29660.142002105484
18.71280498865955,29660.230321883926
18.71380498865955,29660.31864166237
18.71480498865955,29660.40696144081
18.71580498865955,29660.495281219253
18.716804988659547,29660.583600997696
18.717804988659548,29660.671920776138
18.71880498865955,29660.76024055458
18.719804988659547,29660.848560333023
18.720804988659545,29660.936880111465
18.721804988659546,29661.025199889908
18.722804988659547,29661.11351966835
18.723804988659545,29661.201839446792
18.724804988659542,29661.290159225235
18.725804988659544,29661.378479003677
18.726804988659545,29661.46679878212
18.727804988659543,29661.555118560562
18.72880498865954,29661.643438339004
18.72980498865954,29661.731758117447
18.730804988659543,29661.82007789589
18.73180498865954,29661.90839767433
18.732804988659538,29661.996717452774
18.73380498865954,29662.085037231216
18.73480498865954,29662.17335700966
18.735804988659538,29662.2616767881
18.736804988659536,29662.349996566543
18.737804988659537,29662.438316344986
18.73880498865954,29662.526636123428
18.739804988659536,29662.61495590187
18.740804988659534,29662.703275680313
18.741804988659535,29662.791595458755
18.742804988659536,29662.879915237198
18.743804988659534,29662.96823501564
18.74480498865953,29663.056554794082
18.745804988659533,29663.144874572525
18.746804988659534,29663.233194350967
18.74780498865953,29663.32151412941
18.74880498865953,29663.409833907852
18.74980498865953,29663.498153686294
18.75080498865953,29663.586473464737
18.75180498865953,29663.67479324318
18.752804988659527,29663.76311302162
18.753804988659528,29663.851432800064
18.75480498865953,29663.939752578506
18.755804988659527,29664.02807235695
18.756804988659525,29664.11639213539
18.757804988659526,29664.204711913833
18.758804988659527,29664.293031692276
18.759804988659525,29664.381351470718
18.760804988659523,29664.46967124916
18.761804988659524,29664.561595916402
18.762804988659525,29664.694075584066
18.763804988659523,29664.82655525173
18.76480498865952,29664.959034919393
18.76580498865952,29665.091514587057
18.766804988659523,29665.22399425472
18.76780498865952,29665.356473922384
18.768804988659518,29665.488953590047
18.76980498865952,29665.62143325771
18.77080498865952,29665.753912925375
18.771804988659518,29665.88639259304
18.772804988659516,29666.0188722607
18.773804988659517,29666.151351928365
18.77480498865952,29666.28383159603
18.775804988659516,29666.416311263692
18.776804988659514,29666.548790931356
18.777804988659515,29666.68127059902
18.778804988659516,29666.813750266683
18.779804988659514,29666.946229934347
18.78080498865951,29667.07870960201
18.781804988659513,29667.211189269674
18.782804988659514,29667.343668937337
18.78380498865951,29667.476148605
18.78480498865951,29667.60862827266
18.78580498865951,29667.74110794033
18.78680498865951,29667.87358760799
18.78780498865951,29668.00606727565
18.788804988659507,29668.138546943315
18.789804988659508,29668.27102661098
18.79080498865951,29668.403506278642
18.791804988659507,29668.535985946306
18.792804988659505,29668.66846561397
18.793804988659506,29668.800945281633
18.794804988659507,29668.933424949297
18.795804988659505,29669.06590461696
18.796804988659503,29669.198384284624
18.797804988659504,29669.330863952287
18.798804988659505,29669.46334361995
18.799804988659503,29669.595823287615
18.8008049886595,29669.72830295528
18.8018049886595,29669.86078262294
18.802804988659503,29669.993262290605
18.8038049886595,29670.12574195827
18.804804988659498,29670.258221625932
18.8058049886595,29670.390701293596
18.8068049886595,29670.52318096126
18.8078049886595,29670.655660628923
18.808804988659496,29670.788140296587
18.809804988659497,29670.92061996425
18.8108049886595,29671.053099631914
18.811804988659496,29671.185579299578
18.812804988659494,29671.31805896724
18.813804988659495,29671.450538634905
18.814804988659496,29671.58301830257
18.815804988659494,29671.71549797023
18.81680498865949,29671.847977637895
18.817804988659493,29671.98045730556
18.818804988659494,29672.112936973223
18.81980498865949,29672.245416640886
18.82080498865949,29672.37789630855
18.82180498865949,29672.510375976213
18.82280498865949,29672.642855643877
18.82380498865949,29672.77533531154
18.824804988659487,29672.907814979204
18.82580498865949,29673.040294646868
18.82680498865949,29673.17277431453
18.827804988659487,29673.305253982195
18.828804988659485,29673.43773364986
18.829804988659486,29673.570213317522
18.830804988659487,29673.702692985185
18.831804988659485,29673.83517265285
18.832804988659483,29673.967652320513
18.833804988659484,29674.100131988176
18.834804988659485,29674.23261165584
18.835804988659483,29674.365091323503
18.83680498865948,29674.497570991163
18.83780498865948,29674.63005065883
18.838804988659483,29674.762530326494
18.83980498865948,29674.895009994154
18.840804988659478,29675.027489661818
18.84180498865948,29675.15996932948
18.84280498865948,29675.292448997145
18.84380498865948,29675.42492866481
18.844804988659476,29675.557408332472
18.845804988659477,29675.689888000135
18.84680498865948,29675.8223676678
18.847804988659476,29675.954847335463
18.848804988659474,29676.087327003126
18.849804988659475,29676.21980667079
18.850804988659476,29676.352286338453
18.851804988659474,29676.484766006117
18.85280498865947,29676.61724567378
18.853804988659473,29676.749725341444
18.854804988659474,29676.90002918185
18.85580498865947,29677.120828627954
18.85680498865947,29677.341628074057
18.85780498865947,29677.562427520166
18.85880498865947,29677.783226966272
18.85980498865947,29678.004026412375
18.860804988659467,29678.22482585848
18.86180498865947,29678.445625304586
18.86280498865947,29678.666424750692
18.863804988659467,29678.8872241968
18.864804988659465,29679.108023642904
18.865804988659466,29679.32882308901
18.866804988659467,29679.549622535116
18.867804988659465,29679.770421981222
18.868804988659463,29679.991221427328
18.869804988659464,29680.212020873434
18.870804988659465,29680.43282031954
18.871804988659463,29680.653619765646
18.87280498865946,29680.874419211752
18.87380498865946,29681.095218657858
18.874804988659463,29681.316018103964
18.87580498865946,29681.53681755007
18.876804988659458,29681.757616996176
18.87780498865946,29681.97841644228
18.87880498865946,29682.199215888388
18.87980498865946,29682.420015334494
18.880804988659456,29682.6408147806
18.881804988659457,29682.861614226706
18.88280498865946,29683.08241367281
18.883804988659456,29683.303213118917
18.884804988659454,29683.52401256502
18.885804988659455,29683.74481201113
18.886804988659456,29683.965611457235
18.887804988659454,29684.18641090334
18.88880498865945,29684.407210349444
18.889804988659453,29684.62800979555
18.890804988659454,29684.84880924166
18.89180498865945,29685.06960868776
18.89280498865945,29685.290408133867
18.89380498865945,29685.511207579973
18.894804988659452,29685.73200702608
18.89580498865945,29685.952806472185
18.896804988659447,29686.17360591829
18.89780498865945,29686.394405364397
18.89880498865945,29686.615204810503
18.899804988659447,29686.83600425661
18.900804988659445,29687.056803702715
18.901804988659446,29687.27760314882
18.902804988659447,29687.498402594927
18.903804988659445,29687.719202041033
18.904804988659443,29687.94000148714
18.905804988659444,29688.160800933245
18.906804988659445,29688.38160037935
18.907804988659443,29688.602399825457
18.90880498865944,29688.823199271563
18.90980498865944,29689.04399871767
18.910804988659443,29689.264798163775
18.91180498865944,29689.48559760988
18.91280498865944,29689.706397055987
18.91380498865944,29689.927196502093
18.91480498865944,29690.1479959482
18.91580498865944,29690.368795394304
18.916804988659436,29690.589594840407
18.917804988659437,29690.810394286513
18.91880498865944,29691.031193732622
18.919804988659436,29691.251993178725
18.920804988659434,29691.47279262483
18.921804988659435,29691.693592070937
18.922804988659436,29691.914391517043
18.923804988659434,29692.13519096315
18.92480498865943,29692.355990409254
18.925804988659433,29692.57678985536
18.926804988659434,29692.797589301466
18.92780498865943,29693.018388747572
18.92880498865943,29693.23918819368
18.92980498865943,29693.459987639784
18.930804988659432,29693.68078708589
18.93180498865943,29693.901586531996
18.932804988659427,29694.122385978102
18.93380498865943,29694.343185424208
18.93480498865943,29694.563984870314
18.935804988659427,29694.78478431642
18.936804988659425,29695.005583762526
18.937804988659426,29695.226383208632
18.938804988659427,29695.447182654738
18.939804988659425,29695.667982100844
18.940804988659423,29695.88878154695
18.941804988659424,29696.109580993056
18.942804988659425,29696.33038043916
18.943804988659423,29696.551179885268
18.94480498865942,29696.77197933137
18.94580498865942,29696.992778777476
18.946804988659423,29697.213578223586
18.94780498865942,29697.434377669688
18.94880498865942,29697.655177115794
18.94980498865942,29697.8759765619
18.95080498865942,29698.096776008006
18.95180498865942,29698.31757545411
18.952804988659416,29698.538374900218
18.953804988659417,29698.759174346324
18.95480498865942,29698.97997379243
18.955804988659416,29699.200773238535
18.956804988659414,29699.42157268464
18.957804988659415,29699.642372130747
18.958804988659416,29699.863171576853
18.959804988659414,29700.08397102296
18.96080498865941,29700.304770469065
18.961804988659413,29700.52556991517
18.962804988659414,29700.746369361277
18.963804988659412,29700.967168807383
18.96480498865941,29701.18796825349
18.96580498865941,29701.408767699595
18.966804988659412,29701.6295671457
18.96780498865941,29701.850366591807
18.968804988659407,29702.071166037913
18.96980498865941,29702.29196548402
18.97080498865941,29702.512764930125
18.971804988659407,29702.73356437623
18.972804988659405,29702.954363822337
18.973804988659406,29703.175163268443
18.974804988659407,29703.39596271455
18.975804988659405,29703.616762160655
18.976804988659403,29703.837561606757
18.977804988659404,29704.058361052867
18.978804988659405,29704.279160498972
18.979804988659403,29704.499959945075
18.9808049886594,29704.72075939118
18.981804988659402,29704.941558837287
18.982804988659403,29705.162358283393
18.9838049886594,29705.3831577295
18.9848049886594,29705.603957175605
18.9858049886594,29705.82475662171
18.9868049886594,29706.045556067817
18.9878049886594,29706.266355513922
18.988804988659396,29706.48715496003
18.989804988659397,29706.707954406134
18.9908049886594,29706.92875385224
18.991804988659396,29707.149553298346
18.992804988659394,29707.370352744452
18.993804988659395,29707.59115219056
18.994804988659396,29707.77299880933
18.995804988659394,29707.949638366215
18.99680498865939,29708.1262779231
18.997804988659393,29708.302917479985
18.998804988659394,29708.47955703687
18.999804988659392,29708.656196593754
19.00080498865939,29708.83283615064
19.00180498865939,29709.009475707524
19.002804988659392,29709.18611526441
19.00380498865939,29709.362754821293
19.004804988659387,29709.53939437818
19.00580498865939,29709.716033935063
19.00680498865939,29709.892673491948
19.007804988659387,29710.069313048833
19.008804988659385,29710.245952605717
19.009804988659386,29710.422592162602
19.010804988659388,29710.599231719487
19.011804988659385,29710.77587127637
19.012804988659383,29710.952510833256
19.013804988659384,29711.12915039014
19.014804988659385,29711.305789947026
19.015804988659383,29711.48242950391
19.01680498865938,29711.65906906079
19.017804988659382,29711.83570861768
19.018804988659383,29712.012348174565
19.01980498865938,29712.188987731446
19.02080498865938,29712.36562728833
19.02180498865938,29712.542266845216
19.02280498865938,29712.7189064021
19.02380498865938,29712.895545958985
19.024804988659376,29713.07218551587
19.025804988659377,29713.248825072755
19.02680498865938,29713.42546462964
19.027804988659376,29713.602104186524
19.028804988659374,29713.77874374341
19.029804988659375,29713.955383300294
19.030804988659376,29714.13202285718
19.031804988659374,29714.308662414063
19.03280498865937,29714.485301970948
19.033804988659373,29714.661941527833
19.034804988659374,29714.838581084718
19.035804988659372,29715.015220641602
19.03680498865937,29715.191860198487
19.03780498865937,29715.368499755372
19.038804988659372,29715.545139312257
19.03980498865937,29715.72177886914
19.040804988659367,29715.898418426026
19.04180498865937,29716.07505798291
19.04280498865937,29716.251697539796
19.043804988659367,29716.42833709668
19.044804988659365,29716.604976653565
19.045804988659366,29716.78161621045
19.046804988659368,29716.958255767335
19.047804988659365,29717.13489532422
19.048804988659363,29717.311534881104
19.049804988659364,29717.48817443799
19.050804988659365,29717.664813994874
19.051804988659363,29717.84145355176
19.05280498865936,29718.01809310864
19.053804988659362,29718.194732665528
19.054804988659363,29718.371372222413
19.05580498865936,29718.548011779294
19.05680498865936,29718.72465133618
19.05780498865936,29718.901290893064
19.05880498865936,29719.07793044995
19.05980498865936,29719.254570006833
19.060804988659356,29719.431209563718
19.061804988659357,29719.607849120603
19.06280498865936,29719.784488677487
19.063804988659356,29719.961128234372
19.064804988659354,29720.137767791257
19.065804988659355,29720.31440734814
19.066804988659356,29720.491046905026
19.067804988659354,29720.66768646191
19.068804988659352,29720.844326018796
19.069804988659353,29721.02096557568
19.070804988659354,29721.197605132566
19.071804988659352,29721.37424468945
19.07280498865935,29721.550884246335
19.07380498865935,29721.72752380322
19.074804988659352,29721.904163360105
19.07580498865935,29722.08080291699
19.076804988659347,29722.257442473874
19.07780498865935,29722.43408203076
19.07880498865935,29722.610721587644
19.079804988659347,29722.78736114453
19.080804988659345,29722.964000701413
19.081804988659346,29723.140640258298
19.082804988659348,29723.317279815183
19.083804988659345,29723.493919372067
19.084804988659343,29723.670558928952
19.085804988659344,29723.847198485837
19.086804988659345,29724.0239381784
19.087804988659343,29724.244737624507
19.08880498865934,29724.465537070613
19.089804988659342,29724.68633651672
19.090804988659343,29724.907135962825
19.09180498865934,29725.12793540893
19.09280498865934,29725.348734855033
19.09380498865934,29725.569534301143
19.09480498865934,29725.79033374725
19.09580498865934,29726.01113319335
19.096804988659336,29726.231932639457
19.097804988659338,29726.452732085563
19.09880498865934,29726.67353153167
19.099804988659336,29726.894330977775
19.100804988659334,29727.11513042388
19.101804988659335,29727.335929869987
19.102804988659337,29727.556729316093
19.103804988659334,29727.7775287622
19.104804988659332,29727.998328208305
19.105804988659333,29728.21912765441
19.106804988659334,29728.439927100517
19.107804988659332,29728.660726546623
19.10880498865933,29728.88152599273
19.10980498865933,29729.102325438835
19.110804988659332,29729.32312488494
19.11180498865933,29729.543924331047
19.112804988659327,29729.764723777153
19.11380498865933,29729.98552322326
19.11480498865933,29730.206322669364
19.115804988659328,29730.42712211547
19.116804988659325,29730.647921561576
19.117804988659326,29730.868721007682
19.118804988659328,29731.08952045379
19.119804988659325,29731.310319899894
19.120804988659323,29731.531119345997
19.121804988659324,29731.751918792106
19.122804988659325,29731.972718238212
19.123804988659323,29732.193517684314
19.12480498865932,29732.41431713042
19.125804988659322,29732.635116576526
19.126804988659323,29732.855916022632
19.12780498865932,29733.07671546874
19.12880498865932,29733.297514914844
19.12980498865932,29733.51831436095
19.13080498865932,29733.739113807056
19.13180498865932,29733.959913253162
19.132804988659316,29734.180712699268
19.133804988659318,29734.401512145374
19.13480498865932,29734.62231159148
19.135804988659316,29734.843111037586
19.136804988659314,29735.063910483692
19.137804988659315,29735.284709929798
19.138804988659317,29735.505509375904
19.139804988659314,29735.72630882201
19.140804988659312,29735.947108268116
19.141804988659313,29736.16790771422
19.142804988659314,29736.388707160328
19.143804988659312,29736.609506606434
19.14480498865931,29736.83030605254
19.14580498865931,29737.051105498645
19.146804988659312,29737.27190494475
19.14780498865931,29737.492704390857
19.148804988659307,29737.713503836963
19.14980498865931,29737.93430328307
19.15080498865931,29738.155102729175
19.151804988659308,29738.37590217528
19.152804988659305,29738.596701621384
19.153804988659306,29738.817501067493
19.154804988659308,29739.0383005136
19.155804988659305,29739.2590999597
19.156804988659303,29739.479899405807
19.157804988659304,29739.700698851913
19.158804988659305,29739.92149829802
19.159804988659303,29740.142297744125
19.1608049886593,29740.36309719023
19.161804988659302,29740.583896636337
19.162804988659303,29740.804696082443
19.1638049886593,29741.02549552855
19.1648049886593,29741.246294974655
19.1658049886593,29741.46709442076
19.1668049886593,29741.687893866867
19.1678049886593,29741.908693312973
19.168804988659296,29742.12949275908
19.169804988659298,29742.350292205185
19.1708049886593,29742.57109165129
19.171804988659296,29742.791891097397
19.172804988659294,29743.012690543503
19.173804988659295,29743.23348998961
19.174804988659297,29743.454289435715
19.175804988659294,29743.67508888182
19.176804988659292,29743.895888327927
19.177804988659293,29744.116687774032
19.178804988659294,29744.33748722014
19.179804988659292,29744.552879332994
19.18080498865929,29744.72951888988
19.18180498865929,29744.906158446764
19.182804988659292,29745.08279800365
19.18380498865929,29745.259437560533
19.184804988659288,29745.436077117418
19.18580498865929,29745.612716674303
19.18680498865929,29745.789356231187
19.187804988659288,29745.965995788072
19.188804988659285,29746.142635344957
19.189804988659287,29746.31927490184
19.190804988659288,29746.495914458726
19.191804988659285,29746.67255401561
19.192804988659283,29746.849193572496
19.193804988659284,29747.02583312938
19.194804988659286,29747.202472686266
19.195804988659283,29747.37911224315
19.19680498865928,29747.555751800035
19.197804988659282,29747.73239135692
19.198804988659283,29747.909030913805
19.19980498865928,29748.08567047069
19.20080498865928,29748.262310027574
19.20180498865928,29748.43894958446
19.20280498865928,29748.615589141344
19.20380498865928,29748.79222869823
19.204804988659276,29748.96886825511
19.205804988659278,29749.145507811994
19.20680498865928,29749.322147368883
19.207804988659277,29749.498786925764
19.208804988659274,29749.67542648265
19.209804988659275,29749.852066039533
19.210804988659277,29750.028705596418
19.211804988659274,29750.205345153303
19.212804988659272,29750.381984710188
19.213804988659273,29750.558624267072
19.214804988659274,29750.735263823957
19.215804988659272,29750.911903380842
19.21680498865927,29751.088542937727
19.21780498865927,29751.26518249461
19.218804988659272,29751.441822051496
19.21980498865927,29751.61846160838
19.220804988659268,29751.795101165266
19.22180498865927,29751.97174072215
19.22280498865927,29752.148380279035
19.223804988659268,29752.32501983592
19.224804988659265,29752.501659392805
19.225804988659267,29752.67829894969
19.226804988659268,29752.854938506574
19.227804988659265,29753.03157806346
19.228804988659263,29753.208217620344
19.229804988659264,29753.38485717723
19.230804988659266,29753.561496734113
19.231804988659263,29753.738136291
19.23280498865926,29753.914775847883
19.233804988659262,29754.091415404768
19.234804988659263,29754.268054961653
19.23580498865926,29754.444694518537
19.23680498865926,29754.621334075422
19.23780498865926,29754.797973632307
19.23880498865926,29754.97461318919
19.23980498865926,29755.151252746076
19.240804988659256,29755.327892302957
19.241804988659258,29755.504531859842
19.24280498865926,29755.68117141673
19.243804988659257,29755.85781097361
19.244804988659254,29756.034450530497
19.245804988659255,29756.21109008738
19.246804988659257,29756.387729644266
19.247804988659254,29756.56436920115
19.248804988659252,29756.741008758036
19.249804988659253,29756.91764831492
19.250804988659254,29757.094287871805
19.251804988659252,29757.27092742869
19.25280498865925,29757.447566985575
19.25380498865925,29757.62420654246
19.254804988659252,29757.800846099344
19.25580498865925,29757.97748565623
19.256804988659248,29758.154125213114
19.25780498865925,29758.33076477
19.25880498865925,29758.507404326883
19.259804988659248,29758.684043883768
19.260804988659245,29758.860683440653
19.261804988659247,29759.037322997538
19.262804988659248,29759.213962554422
19.263804988659246,29759.390602111307
19.264804988659243,29759.567241668192
19.265804988659244,29759.743881225077
19.266804988659246,29759.92052078196
19.267804988659243,29760.097160338846
19.26880498865924,29760.27379989573
19.269804988659242,29760.450439452616
19.270804988659243,29760.6270790095
19.27180498865924,29760.803718566385
19.27280498865924,29760.948214530817
19.27380498865924,29760.99237442004
19.27480498865924,29761.03653430926
19.27580498865924,29761.08069419848
19.276804988659237,29761.124854087702
19.277804988659238,29761.169013976923
19.27880498865924,29761.213173866145
19.279804988659237,29761.257333755366
19.280804988659234,29761.301493644587
19.281804988659236,29761.34565353381
19.282804988659237,29761.38981342303
19.283804988659234,29761.43397331225
19.284804988659232,29761.47813320147
19.285804988659233,29761.522293090693
19.286804988659235,29761.566452979914
19.287804988659232,29761.610612869135
19.28880498865923,29761.654772758357
19.28980498865923,29761.698932647578
19.290804988659232,29761.7430925368
19.29180498865923,29761.78725242602
19.292804988659228,29761.83141231524
19.29380498865923,29761.875572204463
19.29480498865923,29761.919732093684
19.295804988659228,29761.963891982905
19.296804988659225,29762.008051872126
19.297804988659227,29762.052211761347
19.298804988659228,29762.09637165057
19.299804988659226,29762.14053153979
19.300804988659223,29762.18469142901
19.301804988659224,29762.228851318232
19.302804988659226,29762.273011207453
19.303804988659223,29762.317171096674
19.30480498865922,29762.361330985896
19.305804988659222,29762.405490875117
19.306804988659223,29762.449650764338
19.30780498865922,29762.49381065356
19.30880498865922,29762.53797054278
19.30980498865922,29762.582130432
19.31080498865922,29762.626290321223
19.31180498865922,29762.670450210444
19.312804988659217,29762.714610099665
19.313804988659218,29762.758769988886
19.31480498865922,29762.802929878108
19.315804988659217,29762.84708976733
19.316804988659214,29762.89124965655
19.317804988659216,29762.93540954577
19.318804988659217,29762.979569434992
19.319804988659214,29763.023729324213
19.320804988659212,29763.067889213435
19.321804988659213,29763.112049102656
19.322804988659215,29763.156208991877
19.323804988659212,29763.2003688811
19.32480498865921,29763.24452877032
19.32580498865921,29763.28868865954
19.326804988659212,29763.332848548762
19.32780498865921,29763.377008437983
19.328804988659208,29763.4211683272
19.32980498865921,29763.465328216425
19.33080498865921,29763.509488105647
19.331804988659208,29763.553647994868
19.332804988659205,29763.597807884085
19.333804988659207,29763.641967773307
19.334804988659208,29763.68612766253
19.335804988659206,29763.73028755175
19.336804988659203,29763.77444744097
19.337804988659204,29763.81860733019
19.338804988659206,29763.862767219412
19.339804988659203,29763.906927108634
19.3408049886592,29763.951086997855
19.341804988659202,29763.995246887076
19.342804988659204,29764.039406776297
19.3438049886592,29764.08356666552
19.3448049886592,29764.12772655474
19.3458049886592,29764.17188644396
19.3468049886592,29764.216046333182
19.3478049886592,29764.260206222403
19.348804988659197,29764.304366111624
19.349804988659198,29764.348526000846
19.3508049886592,29764.392685890067
19.351804988659197,29764.436845779288
19.352804988659194,29764.48100566851
19.353804988659196,29764.52516555773
19.354804988659197,29764.56932544695
19.355804988659195,29764.613485336173
19.356804988659192,29764.657645225394
19.357804988659193,29764.701805114615
19.358804988659195,29764.745965003836
19.359804988659192,29764.790124893058
19.36080498865919,29764.83428478228
19.36180498865919,29764.8784446715
19.362804988659192,29764.92260456072
19.36380498865919,29764.966764449942
19.364804988659188,29765.010924339163
19.36580498865919,29765.055084228385
19.36680498865919,29765.099244117606
19.367804988659188,29765.143404006827
19.368804988659186,29765.18756389605
19.369804988659187,29765.23172378527
19.370804988659188,29765.27588367449
19.371804988659186,29765.32004356371
19.372804988659183,29765.364203452933
19.373804988659185,29765.408363342154
19.374804988659186,29765.452523231375
19.375804988659183,29765.496683120597
19.37680498865918,29765.540843009818
19.377804988659182,29765.58500289904
19.378804988659184,29765.62916278826
19.37980498865918,29765.67332267748
19.38080498865918,29765.717482566703
19.38180498865918,29765.761642455924
19.38280498865918,29765.805802345145
19.38380498865918,29765.849962234366
19.384804988659177,29765.894122123587
19.385804988659178,29765.93828201281
19.38680498865918,29765.98244190203
19.387804988659177,29766.02660179125
19.388804988659174,29766.070761680472
19.389804988659176,29766.114921569693
19.390804988659177,29766.159081458914
19.391804988659175,29766.203241348136
19.392804988659172,29766.247401237357
19.393804988659173,29766.291561126578
19.394804988659175,29766.3357210158
19.395804988659172,29766.37988090502
19.39680498865917,29766.42404079424
19.39780498865917,29766.468200683463
19.398804988659172,29766.512360572684
19.39980498865917,29766.556520461905
19.400804988659168,29766.600680351126
19.40180498865917,29766.644840240348
19.40280498865917,29766.68900012957
19.403804988659168,29766.73316001879
19.404804988659166,29766.77731990801
19.405804988659167,29766.821479797232
19.406804988659168,29766.865639686454
19.407804988659166,29766.909799575675
19.408804988659163,29766.953959464896
19.409804988659165,29766.998119354117
19.410804988659166,29767.04227924334
19.411804988659163,29767.08643913256
19.41280498865916,29767.13059902178
19.413804988659162,29767.174758911002
19.414804988659164,29767.218918800223
19.41580498865916,29767.263078689444
19.41680498865916,29767.307238578665
19.41780498865916,29767.351398467887
19.41880498865916,29767.395558357108
19.41980498865916,29767.43971824633
19.420804988659157,29767.48387813555
19.421804988659158,29767.52803802477
19.42280498865916,29767.572197913993
19.423804988659157,29767.616357803214
19.424804988659155,29767.660517692435
19.425804988659156,29767.704677581656
19.426804988659157,29767.748837470877
19.427804988659155,29767.7929973601
19.428804988659152,29767.83715724932
19.429804988659154,29767.88131713854
19.430804988659155,29767.925477027762
19.431804988659152,29767.969636916983
19.43280498865915,29768.013796806204
19.43380498865915,29768.057956695426
19.434804988659153,29768.102116584647
19.43580498865915,29768.146276473868
19.436804988659148,29768.19043636309
19.43780498865915,29768.23459625231
19.43880498865915,29768.27875614153
19.439804988659148,29768.322916030753
19.440804988659146,29768.367075919974
19.441804988659147,29768.411235809195
19.442804988659148,29768.455395698416
19.443804988659146,29768.499555587638
19.444804988659143,29768.54371547686
19.445804988659145,29768.58787536608
19.446804988659146,29768.6320352553
19.447804988659144,29768.676195144522
19.44880498865914,29768.720355033744
19.449804988659142,29768.764514922965
19.450804988659144,29768.808674812186
19.45180498865914,29768.852834701407
19.45280498865914,29768.89699459063
19.45380498865914,29768.94115447985
19.45480498865914,29768.98531436907
19.45580498865914,29769.029474258292
19.456804988659137,29769.073634147513
19.457804988659138,29769.117794036734
19.45880498865914,29769.161953925955
19.459804988659137,29769.206113815177
19.460804988659135,29769.250273704398
19.461804988659136,29769.29443359362
19.462804988659137,29769.33859348284
19.463804988659135,29769.38275337206
19.464804988659132,29769.426913261283
19.465804988659134,29769.471073150504
19.466804988659135,29769.515233039725
19.467804988659132,29769.559392928946
19.46880498865913,29769.603552818167
19.46980498865913,29769.64771270739
19.470804988659133,29769.69187259661
19.47180498865913,29769.73603248583
19.472804988659128,29769.780192375052
19.47380498865913,29769.824352264273
19.47480498865913,29769.868512153495
19.475804988659128,29769.912672042716
19.476804988659126,29769.956831931933
19.477804988659127,29770.000991821158
19.478804988659128,29770.04515171038
19.479804988659126,29770.089311599597
19.480804988659123,29770.133471488818
19.481804988659125,29770.17763137804
19.482804988659126,29770.221791267264
19.483804988659124,29770.26595115648
19.48480498865912,29770.310111045703
19.485804988659122,29770.354270934924
19.486804988659124,29770.398430824145
19.48780498865912,29770.442590713366
19.48880498865912,29770.486750602588
19.48980498865912,29770.53091049181
19.49080498865912,29770.57507038103
19.49180498865912,29770.61923027025
19.492804988659117,29770.663390159472
19.493804988659118,29770.707550048694
19.49480498865912,29770.751709937915
19.495804988659117,29770.795869827136
19.496804988659115,29770.840029716357
19.497804988659116,29770.88418960558
19.498804988659117,29770.9283494948
19.499804988659115,29770.97250938402
19.500804988659112,29771.016669273242
19.501804988659114,29771.060829162463
19.502804988659115,29771.104989051684
19.503804988659112,29771.149148940905
19.50480498865911,29771.193308830127
19.50580498865911,29771.237468719348
19.506804988659113,29771.28162860857
19.50780498865911,29771.32578849779
19.508804988659108,29771.36994838701
19.50980498865911,29771.414108276233
19.51080498865911,29771.458268165454
19.511804988659108,29771.502428054675
19.512804988659106,29771.546587943896
19.513804988659107,29771.590747833117
19.514804988659108,29771.63490772234
19.515804988659106,29771.67906761156
19.516804988659104,29771.72322750078
19.517804988659105,29771.767387390002
19.518804988659106,29771.811547279223
19.519804988659104,29771.855707168444
19.5208049886591,29771.899867057666
19.521804988659103,29771.944026946887
19.522804988659104,29771.988186836108
19.5238049886591,29772.03234672533
19.5248049886591,29772.07650661455
19.5258049886591,29772.12066650377
19.5268049886591,29772.164826392993
19.5278049886591,29772.208986282214
19.528804988659097,29772.253146171435
19.529804988659098,29772.297306060656
19.5308049886591,29772.341465949878
19.531804988659097,29772.3856258391
19.532804988659095,29772.42978572832
19.533804988659096,29772.47394561754
19.534804988659097,29772.518105506762
19.535804988659095,29772.562265395984
19.536804988659092,29772.606425285205
19.537804988659094,29772.650585174426
19.538804988659095,29772.694745063647
19.539804988659093,29772.73890495287
19.54080498865909,29772.78306484209
19.54180498865909,29772.82722473131
19.542804988659093,29772.871384620532
19.54380498865909,29772.915544509753
19.544804988659088,29772.959704398974
19.54580498865909,29773.003864288195
19.54680498865909,29773.048024177417
19.547804988659088,29773.092184066638
19.548804988659086,29773.13634395586
19.549804988659087,29773.18050384508
19.55080498865909,29773.2246637343
19.551804988659086,29773.295459747045
19.552804988659084,29773.383779525488
19.553804988659085,29773.47209930393
19.554804988659086,29773.560419082372
19.555804988659084,29773.648738860815
19.55680498865908,29773.737058639257
19.557804988659083,29773.8253784177
19.558804988659084,29773.913698196142
19.55980498865908,29774.002017974584
19.56080498865908,29774.090337753027
19.56180498865908,29774.17865753147
19.56280498865908,29774.26697730991
19.56380498865908,29774.355297088354
19.564804988659077,29774.443616866796
19.565804988659078,29774.53193664524
19.56680498865908,29774.62025642368
19.567804988659077,29774.708576202123
19.568804988659075,29774.796895980566
19.569804988659076,29774.885215759008
19.570804988659077,29774.97353553745
19.571804988659075,29775.061855315893
19.572804988659072,29775.150175094335
19.573804988659074,29775.238494872778
19.574804988659075,29775.32681465122
19.575804988659073,29775.415134429662
19.57680498865907,29775.503454208105
19.57780498865907,29775.591773986547
19.578804988659073,29775.68009376499
19.57980498865907,29775.768413543432
19.580804988659068,29775.856733321874
19.58180498865907,29775.945053100317
19.58280498865907,29776.03337287876
19.583804988659068,29776.1216926572
19.584804988659066,29776.210012435644
19.585804988659067,29776.298332214086
19.58680498865907,29776.38665199253
19.587804988659066,29776.47497177097
19.588804988659064,29776.563291549413
19.589804988659065,29776.651611327856
19.590804988659066,29776.739931106298
19.591804988659064,29776.82825088474
19.59280498865906,29776.91657066318
19.593804988659063,29777.00489044162
19.594804988659064,29777.093210220068
19.59580498865906,29777.181529998506
19.59680498865906,29777.26984977695
19.59780498865906,29777.35816955539
19.59880498865906,29777.446489333834
19.59980498865906,29777.534809112276
19.600804988659057,29777.62312889072
19.601804988659058,29777.71144866916
19.60280498865906,29777.799768447603
19.603804988659057,29777.888088226046
19.604804988659055,29777.976408004488
19.605804988659056,29778.06472778293
19.606804988659057,29778.153047561373
19.607804988659055,29778.241367339815
19.608804988659053,29778.329687118257
19.609804988659054,29778.4180068967
19.610804988659055,29778.506326675142
19.611804988659053,29778.594646453585
19.61280498865905,29778.682966232027
19.61380498865905,29778.77128601047
19.614804988659053,29778.85960578891
19.61580498865905,29778.947925567354
19.616804988659048,29779.036245345796
19.61780498865905,29779.12456512424
19.61880498865905,29779.21288490268
19.619804988659048,29779.301204681124
19.620804988659046,29779.389524459566
19.621804988659047,29779.47784423801
19.62280498865905,29779.56616401645
19.623804988659046,29779.654483794893
19.624804988659044,29779.742803573336
19.625804988659045,29779.831123351778
19.626804988659046,29779.91944313022
19.627804988659044,29780.007762908663
19.62880498865904,29780.096082687105
19.629804988659043,29780.184402465547
19.630804988659044,29780.27272224399
19.63180498865904,29780.361042022432
19.63280498865904,29780.449361800875
19.63380498865904,29780.537681579317
19.63480498865904,29780.62600135776
19.63580498865904,29780.7143211362
19.636804988659037,29780.802640914644
19.63780498865904,29780.890960693087
19.63880498865904,29780.97928047153
19.639804988659037,29781.06760024997
19.640804988659035,29781.155920028414
19.641804988659036,29781.244239806856
19.642804988659037,29781.3325595853
19.643804988659035,29781.42087936374
19.644804988659033,29781.509199142183
19.645804988659034,29781.597518920626
19.646804988659035,29781.685838699068
19.647804988659033,29781.77415847751
19.64880498865903,29781.862478255953
19.64980498865903,29781.950798034395
19.650804988659033,29782.039117812838
19.65180498865903,29782.12743759128
19.652804988659028,29782.215757369722
19.65380498865903,29782.304077148165
19.65480498865903,29782.392396926607
19.65580498865903,29782.48071670505
19.656804988659026,29782.56903648349
19.657804988659027,29782.657356261934
19.65880498865903,29782.745676040377
19.659804988659026,29782.83399581882
19.660804988659024,29782.92231559726
19.661804988659025,29783.010635375704
19.662804988659026,29783.098955154146
19.663804988659024,29783.18727493259
19.66480498865902,29783.275594711027
19.665804988659023,29783.363914489473
19.666804988659024,29783.452234267916
19.66780498865902,29783.540554046358
19.66880498865902,29783.628873824797
19.66980498865902,29783.71719360324
19.67080498865902,29783.805513381685
19.67180498865902,29783.893833160124
19.672804988659017,29783.982152938566
19.67380498865902,29784.07047271701
19.67480498865902,29784.15879249545
19.675804988659017,29784.247112273893
19.676804988659015,29784.335432052336
19.677804988659016,29784.42375183078
19.678804988659017,29784.51207160922
19.679804988659015,29784.600391387663
19.680804988659013,29784.688711166105
19.681804988659014,29784.777030944548
19.682804988659015,29784.86535072299
19.683804988659013,29784.953670501432
19.68480498865901,29785.041990279875
19.68580498865901,29785.130310058317
19.686804988659013,29785.21862983676
19.68780498865901,29785.306949615202
19.688804988659008,29785.395269393644
19.68980498865901,29785.483589172087
19.69080498865901,29785.57190895053
19.69180498865901,29785.66022872897
19.692804988659006,29785.748548507414
19.693804988659007,29785.836868285856
19.69480498865901,29785.9251880643
19.695804988659006,29786.01350784274
19.696804988659004,29786.101827621183
19.697804988659005,29786.190147399626
19.698804988659006,29786.27846717807
19.699804988659004,29786.36678695651
19.700804988659,29786.455106734953
19.701804988659003,29786.543426513395
19.702804988659004,29786.631746291838
19.703804988659,29786.72006607028
19.704804988659,29786.808385848723
19.705804988659,29786.896705627165
19.706804988659,29786.985025405607
19.707804988659,29787.07334518405
19.708804988658997,29787.161664962492
19.709804988659,29787.249984740934
19.710804988659,29787.338304519377
19.711804988658997,29787.42662429782
19.712804988658995,29787.51494407626
19.713804988658996,29787.603263854704
19.714804988658997,29787.691583633146
19.715804988658995,29787.77990341159
19.716804988658993,29787.86822319003
19.717804988658994,29787.956542968474
19.718804988658995,29788.044862746916
19.719804988658993,29788.13318252536
19.72080498865899,29788.2215023038
19.72180498865899,29788.309822082243
19.722804988658993,29788.398141860685
19.72380498865899,29788.486461639128
19.72480498865899,29788.57478141757
19.72580498865899,29788.663101196013
19.72680498865899,29788.751420974455
19.72780498865899,29788.839740752897
19.728804988658986,29788.92806053134
19.729804988658987,29789.016380309782
19.73080498865899,29789.104700088224
19.731804988658986,29789.193019866667
19.732804988658984,29789.28133964511
19.733804988658985,29789.36965942355
19.734804988658986,29789.457979201994
19.735804988658984,29789.546298980436
19.73680498865898,29789.63461875888
19.737804988658983,29789.72293853732
19.738804988658984,29789.811258315764
19.73980498865898,29789.899578094206
19.74080498865898,29789.987897872645
19.74180498865898,29790.07621765109
19.742804988658982,29790.164537429533
19.74380498865898,29790.252857207972
19.744804988658977,29790.341176986414
19.74580498865898,29790.429496764857
19.74680498865898,29790.5178165433
19.747804988658977,29790.60613632174
19.748804988658975,29790.694456100184
19.749804988658976,29790.782775878626
19.750804988658977,29790.87109565707
19.751804988658975,29790.95941543551
19.752804988658973,29791.047735213953
19.753804988658974,29791.136054992396
19.754804988658975,29791.224374770838
19.755804988658973,29791.31269454928
19.75680498865897,29791.401014327723
19.75780498865897,29791.489334106165
19.758804988658973,29791.577653884608
19.75980498865897,29791.66597366305
19.76080498865897,29791.754293441492
19.76180498865897,29791.842613219935
19.76280498865897,29791.930932998377
19.76380498865897,29792.01925277682
19.764804988658966,29792.107572555262
19.765804988658967,29792.195892333704
19.76680498865897,29792.284212112147
19.767804988658966,29792.37253189059
19.768804988658964,29792.46085166903
19.769804988658965,29792.549171447474
19.770804988658966,29792.637491225916
19.771804988658964,29792.72581100436
19.77280498865896,29792.8141307828
19.773804988658963,29792.902450561243
19.774804988658964,29792.990770339686
19.77580498865896,29793.079090118128
19.77680498865896,29793.16740989657
19.77780498865896,29793.255729675013
19.778804988658962,29793.344049453455
19.77980498865896,29793.432369231898
19.780804988658957,29793.52068901034
19.78180498865896,29793.609008788782
19.78280498865896,29793.697328567225
19.783804988658957,29793.785648345667
19.784804988658955,29793.87396812411
19.785804988658956,29793.962287902552
19.786804988658957,29794.050607680994
19.787804988658955,29794.138927459437
19.788804988658953,29794.22724723788
19.789804988658954,29794.31556701632
19.790804988658955,29794.403886794764
19.791804988658953,29794.492206573206
19.79280498865895,29794.58052635165
19.79380498865895,29794.66884613009
19.794804988658953,29794.757165908533
19.79580498865895,29794.845485686976
19.79680498865895,29794.933805465418
19.79780498865895,29795.02212524386
19.79880498865895,29795.110445022303
19.79980498865895,29795.198764800745
19.800804988658946,29795.287084579188
19.801804988658947,29795.37540435763
19.80280498865895,29795.463724136072
19.803804988658946,29795.552043914515
19.804804988658944,29795.640363692957
19.805804988658945,29795.7286834714
19.806804988658946,29795.817003249842
19.807804988658944,29795.905323028284
19.80880498865894,29795.993642806727
19.809804988658943,29796.08196258517
19.810804988658944,29796.17028236361
19.811804988658942,29796.258602142054
19.81280498865894,29796.346921920493
19.81380498865894,29796.43524169894
19.814804988658942,29796.52356147738
19.81580498865894,29796.61188125582
19.816804988658937,29796.700201034262
19.81780498865894,29796.788520812705
19.81880498865894,29796.876840591147
19.819804988658937,29796.96516036959
19.820804988658935,29797.05348014803
19.821804988658936,29797.141799926474
19.822804988658937,29797.230119704916
19.823804988658935,29797.31843948336
19.824804988658933,29797.4067592618
19.825804988658934,29797.495079040244
19.826804988658935,29797.583398818686
19.827804988658933,29797.67171859713
19.82880498865893,29797.76003837557
19.829804988658932,29797.848358154013
19.830804988658933,29797.936677932455
19.83180498865893,29798.024997710898
19.83280498865893,29798.11331748934
19.83380498865893,29798.201637267783
19.83480498865893,29798.289957046225
19.83580498865893,29798.378276824667
19.836804988658926,29798.46659660311
19.837804988658927,29798.554916381552
19.83880498865893,29798.643236159995
19.839804988658926,29798.731555938437
19.840804988658924,29798.81987571688
19.841804988658925,29798.90819549532
19.842804988658926,29798.996515273764
19.843804988658924,29799.084835052206
19.84480498865892,29799.17315483065
19.845804988658923,29799.26147460909
19.846804988658924,29799.349794387534
19.847804988658922,29799.438114165976
19.84880498865892,29799.52643394442
19.84980498865892,29799.61475372286
19.850804988658922,29799.703073501303
19.85180498865892,29799.791393279746
19.852804988658917,29799.879713058188
19.85380498865892,29799.96803283663
19.85480498865892,29800.056352615073
19.855804988658917,29800.144672393515
19.856804988658915,29800.232992171957
19.857804988658916,29800.3213119504
19.858804988658918,29800.409631728842
19.859804988658915,29800.497951507285
19.860804988658913,29800.586271285727
19.861804988658914,29800.67459106417
19.862804988658915,29800.76291084261
19.863804988658913,29800.851230621054
19.86480498865891,29800.939550399497
19.865804988658912,29801.02787017794
19.866804988658913,29801.11618995638
19.86780498865891,29801.204509734824
19.86880498865891,29801.292829513266
19.86980498865891,29801.38114929171
19.87080498865891,29801.46946907015
19.87180498865891,29801.557788848593
19.872804988658906,29801.646108627036
19.873804988658907,29801.734428405478
19.87480498865891,29801.82274818392
19.875804988658906,29801.911067962363
19.876804988658904,29801.999387740805
19.877804988658905,29802.087707519247
19.878804988658906,29802.17602729769
19.879804988658904,29802.264347076132
19.880804988658902,29802.352666854575
19.881804988658903,29802.440986633017
19.882804988658904,29802.52930641146
19.883804988658902,29802.6176261899
19.8848049886589,29802.705945968344
19.8858049886589,29802.794265746787
19.886804988658902,29802.88258552523
19.8878049886589,29802.97090530367
19.888804988658897,29803.059225082114
19.8898049886589,29803.147544860556
19.8908049886589,29803.235864639
19.891804988658897,29803.32418441744
19.892804988658895,29803.41250419588
19.893804988658896,29803.500823974322
19.894804988658898,29803.589143752768
19.895804988658895,29803.677463531207
19.896804988658893,29803.76578330965
19.897804988658894,29803.85410308809
19.898804988658895,29803.942422866534
19.899804988658893,29804.030742644976
19.90080498865889,29804.11906242342
19.901804988658892,29804.20738220186
19.902804988658893,29804.295701980303
19.90380498865889,29804.384021758746
19.90480498865889,29804.47234153719
19.90580498865889,29804.56066131563
19.90680498865889,29804.648981094073
19.90780498865889,29804.737300872515
19.908804988658886,29804.825620650958
19.909804988658887,29804.9139404294
19.91080498865889,29805.002260207842
19.911804988658886,29805.090579986285
19.912804988658884,29805.178899764727
19.913804988658885,29805.26721954317
19.914804988658886,29805.355539321612
19.915804988658884,29805.443859100054
19.916804988658882,29805.532178878497
19.917804988658883,29805.62049865694
19.918804988658884,29805.70881843538
19.919804988658882,29805.797138213824
19.92080498865888,29805.885457992266
19.92180498865888,29805.97377777071
19.922804988658882,29806.058392524577
19.92380498865888,29806.1025524138
19.924804988658877,29806.14671230302
19.92580498865888,29806.19087219224
19.92680498865888,29806.235032081462
19.927804988658878,29806.279191970683
19.928804988658875,29806.3233518599
19.929804988658876,29806.367511749122
19.930804988658878,29806.411671638347
19.931804988658875,29806.455831527564
19.932804988658873,29806.499991416786
19.933804988658874,29806.544151306007
19.934804988658875,29806.588311195228
19.935804988658873,29806.63247108445
19.93680498865887,29806.67663097367
19.937804988658872,29806.72079086289
19.938804988658873,29806.764950752113
19.93980498865887,29806.809110641334
19.94080498865887,29806.853270530555
19.94180498865887,29806.897430419776
19.94280498865887,29806.941590308998
19.94380498865887,29806.98575019822
19.944804988658866,29807.02991008744
19.945804988658868,29807.07406997666
19.94680498865887,29807.118229865882
19.947804988658866,29807.162389755104
19.948804988658864,29807.206549644325
19.949804988658865,29807.250709533546
19.950804988658867,29807.294869422767
19.951804988658864,29807.33902931199
19.952804988658862,29807.38318920121
19.953804988658863,29807.42734909043
19.954804988658864,29807.471508979652
19.955804988658862,29807.515668868873
19.95680498865886,29807.559828758094
19.95780498865886,29807.603988647315
19.958804988658862,29807.648148536537
19.95980498865886,29807.692308425758
19.960804988658857,29807.73646831498
19.96180498865886,29807.7806282042
19.96280498865886,29807.82478809342
19.963804988658858,29807.868947982643
19.964804988658855,29807.913107871864
19.965804988658856,29807.957267761085
19.966804988658858,29808.001427650306
19.967804988658855,29808.045587539527
19.968804988658853,29808.08974742875
19.969804988658854,29808.10546875
19.970804988658855,29808.10546875
19.971804988658853,29808.10546875
19.97280498865885,29808.10546875
19.973804988658852,29808.10546875
19.974804988658853,29808.10546875
19.97580498865885,29808.10546875
19.97680498865885,29808.10546875
19.97780498865885,29808.10546875
19.97880498865885,29808.10546875
19.97980498865885,29808.10546875
19.980804988658846,29808.10546875
19.981804988658848,29808.10546875
19.98280498865885,29808.10546875
19.983804988658846,29808.10546875
19.984804988658844,29808.10546875
19.985804988658845,29808.10546875
19.986804988658847,29808.10546875
19.987804988658844,29808.10546875
19.988804988658842,29808.10546875
19.989804988658843,29808.10546875
19.990804988658844,29808.10546875
19.991804988658842,29808.10546875
19.99280498865884,29808.10546875
19.99380498865884,29808.10546875
19.994804988658842,29808.10546875
19.99580498865884,29808.10546875
19.996804988658837,29808.10546875
19.99780498865884,29808.10546875
19.99880498865884,29808.10546875
19.999804988658838,29808.10546875
20.000804988658835,29808.10546875
20.001804988658836,29808.10546875
20.002804988658838,29808.10546875
20.003804988658835,29808.10546875
20.004804988658833,29808.10546875
20.005804988658834,29808.10546875
20.006804988658835,29808.10546875
20.007804988658833,29808.10546875
20.00880498865883,29808.10546875
20.009804988658832,29808.10546875
20.010804988658833,29808.10546875
20.01180498865883,29808.10546875
20.01280498865883,29808.10546875
20.01380498865883,29808.10546875
20.01480498865883,29808.10546875
20.01580498865883,29808.10546875
20.016804988658826,29808.10546875
20.017804988658828,29808.10546875
20.01880498865883,29808.10546875
20.019804988658827,29808.10546875
20.020804988658824,29808.10546875
20.021804988658825,29808.10546875
20.022804988658827,29808.10546875
20.023804988658824,29808.10546875
20.024804988658822,29808.10546875
20.025804988658823,29808.10546875
20.026804988658824,29808.10546875
20.027804988658822,29808.10546875
20.02880498865882,29808.10546875
20.02980498865882,29808.10546875
20.030804988658822,29808.10546875
20.03180498865882,29808.10546875
20.032804988658818,29808.10546875
20.03380498865882,29808.10546875
20.03480498865882,29808.10546875
20.035804988658818,29808.10546875
20.036804988658815,29808.10546875
20.037804988658817,29808.10546875
20.038804988658818,29808.10546875
20.039804988658815,29808.10546875
20.040804988658813,29808.10546875
20.041804988658814,29808.10546875
20.042804988658816,29808.10546875
20.043804988658813,29808.10546875
20.04480498865881,29808.10546875
20.045804988658812,29808.10546875
20.046804988658813,29808.10546875
20.04780498865881,29808.10546875
20.04880498865881,29808.10546875
20.04980498865881,29808.10546875
20.05080498865881,29808.10546875
20.05180498865881,29808.10546875
20.052804988658806,29808.10546875
20.053804988658808,29808.10546875
20.05480498865881,29808.10546875
20.055804988658807,29808.10546875
20.056804988658804,29808.10546875
20.057804988658805,29808.10546875
20.058804988658807,29808.10546875
20.059804988658804,29808.10546875
20.060804988658802,29808.10546875
20.061804988658803,29808.10546875
20.062804988658804,29808.10546875
20.063804988658802,29808.10546875
20.0648049886588,29808.10546875
20.0658049886588,29808.10546875
20.066804988658802,29808.10546875
20.0678049886588,29808.10546875
20.068804988658798,29808.10546875
20.0698049886588,29808.10546875
20.0708049886588,29808.10546875
20.071804988658798,29808.10546875
20.072804988658795,29808.10546875
20.073804988658797,29808.10546875
20.074804988658798,29808.10546875
20.075804988658795,29808.10546875
20.076804988658793,29808.10546875
20.077804988658794,29808.10546875
20.078804988658796,29808.10546875
20.079804988658793,29808.10546875
20.08080498865879,29808.10546875
20.081804988658792,29808.10546875
20.082804988658793,29808.10546875
20.08380498865879,29808.10546875
20.08480498865879,29808.10546875
20.08580498865879,29808.10546875
20.08680498865879,29808.10546875
20.08780498865879,29808.10546875
20.088804988658786,29808.10546875
20.089804988658788,29808.10546875
20.09080498865879,29808.10546875
20.091804988658787,29808.10546875
20.092804988658784,29808.10546875
20.093804988658786,29808.10546875
20.094804988658787,29808.10546875
20.095804988658784,29808.10546875
20.096804988658782,29808.10546875
20.097804988658783,29808.10546875
20.098804988658785,29808.10546875
20.099804988658782,29808.10546875
20.10080498865878,29808.10546875
20.10180498865878,29808.10546875
20.102804988658782,29808.10546875
20.10380498865878,29808.10546875
20.104804988658778,29808.10546875
20.10580498865878,29808.10546875
20.10680498865878,29808.10546875
20.107804988658778,29808.10546875
20.108804988658775,29808.10546875
20.109804988658777,29808.10546875
20.110804988658778,29808.10546875
20.111804988658776,29808.10546875
20.112804988658773,29808.10546875
20.113804988658774,29808.10546875
20.114804988658776,29808.10546875
20.115804988658773,29808.10546875
20.11680498865877,29808.10546875
20.117804988658772,29808.10546875
20.118804988658773,29808.10546875
20.11980498865877,29808.10546875
20.12080498865877,29808.10546875
20.12180498865877,29808.10546875
20.12280498865877,29808.10546875
20.12380498865877,29808.10546875
20.124804988658767,29808.10546875
20.125804988658768,29808.10546875
20.12680498865877,29808.10546875
20.127804988658767,29808.10546875
20.128804988658764,29808.10546875
20.129804988658766,29808.10546875
20.130804988658767,29808.10546875
20.131804988658764,29808.10546875
20.132804988658762,29808.10546875
20.133804988658763,29808.10546875
20.134804988658765,29808.10546875
20.135804988658762,29808.10546875
20.13680498865876,29808.10546875
20.13780498865876,29808.10546875
20.138804988658762,29808.10546875
20.13980498865876,29808.10546875
20.140804988658758,29808.10546875
20.14180498865876,29808.10546875
20.14280498865876,29808.10546875
20.143804988658758,29808.10546875
20.144804988658755,29808.10546875
20.145804988658757,29808.10546875
20.146804988658758,29808.10546875
20.147804988658756,29808.10546875
20.148804988658753,29808.10546875
20.149804988658754,29808.10546875
20.150804988658756,29808.10546875
20.151804988658753,29808.10546875
20.15280498865875,29808.10546875
20.153804988658752,29808.10546875
20.154804988658753,29808.10546875
20.15580498865875,29808.10546875
20.15680498865875,29808.10546875
20.15780498865875,29808.10546875
20.15880498865875,29808.10546875
20.15980498865875,29808.10546875
20.160804988658747,29808.10546875
20.161804988658748,29808.10546875
20.16280498865875,29808.10546875
20.163804988658747,29808.10546875
20.164804988658744,29808.10546875
20.165804988658746,29808.10546875
20.166804988658747,29808.10546875
20.167804988658744,29808.10546875
20.168804988658742,29808.10546875
20.169804988658743,29808.10546875
20.170804988658745,29808.10546875
20.171804988658742,29808.10546875
20.17280498865874,29808.10546875
20.17380498865874,29808.10546875
20.174804988658742,29808.10546875
20.17580498865874,29808.10546875
20.176804988658738,29808.10546875
20.17780498865874,29808.10546875
20.17880498865874,29808.10546875
20.179804988658738,29808.10546875
20.180804988658736,29808.10546875
20.181804988658737,29808.10546875
20.182804988658738,29808.10546875
20.183804988658736,29808.10546875
20.184804988658733,29808.10546875
20.185804988658735,29808.10546875
20.186804988658736,29808.10546875
20.187804988658733,29808.10546875
20.18880498865873,29808.10546875
20.189804988658732,29808.10546875
20.190804988658734,29808.10546875
20.19180498865873,29808.10546875
20.19280498865873,29808.10546875
20.19380498865873,29808.10546875
20.19480498865873,29808.10546875
20.19580498865873,29808.10546875
20.196804988658727,29808.10546875
20.197804988658728,29808.10546875
20.19880498865873,29808.10546875
20.199804988658727,29808.10546875
20.200804988658724,29808.10546875
20.201804988658726,29808.10546875
20.202804988658727,29808.10546875
20.203804988658725,29808.10546875
20.204804988658722,29808.10546875
20.205804988658723,29808.10546875
20.206804988658725,29808.10546875
20.207804988658722,29808.10546875
20.20880498865872,29808.10546875
20.20980498865872,29808.10546875
20.210804988658722,29808.10546875
20.21180498865872,29808.10546875
20.212804988658718,29808.10546875
20.21380498865872,29808.10546875
20.21480498865872,29808.10546875
20.215804988658718,29808.10546875
20.216804988658716,29808.10546875
20.217804988658717,29808.10546875
20.218804988658718,29808.10546875
20.219804988658716,29808.10546875
20.220804988658713,29808.10546875
20.221804988658715,29808.10546875
20.222804988658716,29808.10546875
20.223804988658713,29808.10546875
20.22480498865871,29808.10546875
20.225804988658712,29808.10546875
20.226804988658714,29808.10546875
20.22780498865871,29808.10546875
20.22880498865871,29808.10546875
20.22980498865871,29808.10546875
20.23080498865871,29808.10546875
20.23180498865871,29808.10546875
20.232804988658707,29808.10546875
20.233804988658708,29808.10546875
20.23480498865871,29808.10546875
20.235804988658707,29808.10546875
20.236804988658704,29808.10546875
20.237804988658706,29808.10546875
20.238804988658707,29808.10546875
20.239804988658705,29808.10546875
20.240804988658702,29808.10546875
20.241804988658703,29808.10546875
20.242804988658705,29808.10546875
20.243804988658702,29808.10546875
20.2448049886587,29808.10546875
20.2458049886587,29808.10546875
20.246804988658702,29808.10546875
20.2478049886587,29808.10546875
20.248804988658698,29808.10546875
20.2498049886587,29808.10546875
20.2508049886587,29808.10546875
20.251804988658698,29808.10546875
20.252804988658696,29808.10546875
20.253804988658697,29808.10546875
20.254804988658698,29808.10546875
20.255804988658696,29808.10546875
20.256804988658693,29808.10546875
20.257804988658695,29808.10546875
20.258804988658696,29808.10546875
20.259804988658694,29808.10546875
20.26080498865869,29808.10546875
20.261804988658692,29808.10546875
20.262804988658694,29808.10546875
20.26380498865869,29808.10546875
20.26480498865869,29808.10546875
20.26580498865869,29808.10546875
20.26680498865869,29808.10546875
20.26780498865869,29808.10546875
20.268804988658687,29808.10546875
20.269804988658688,29808.10546875
20.27080498865869,29808.10546875
20.271804988658687,29808.10546875
20.272804988658685,29808.10546875
20.273804988658686,29808.10546875
20.274804988658687,29808.10546875
20.275804988658685,29808.10546875
20.276804988658682,29808.10546875
20.277804988658684,29808.10546875
20.278804988658685,29808.10546875
20.279804988658682,29808.10546875
20.28080498865868,29808.10546875
20.28180498865868,29808.10546875
20.282804988658683,29808.10546875
20.28380498865868,29808.10546875
20.284804988658678,29808.10546875
20.28580498865868,29808.10546875
20.28680498865868,29808.10546875
20.287804988658678,29808.10546875
20.288804988658676,29808.10546875
20.289804988658677,29808.10546875
20.290804988658678,29808.10546875
20.291804988658676,29808.10546875
20.292804988658673,29808.10546875
20.293804988658675,29808.10546875
20.294804988658676,29808.10546875
20.295804988658674,29808.10546875
20.29680498865867,29808.10546875
20.297804988658672,29808.10546875
20.298804988658674,29808.10546875
20.29980498865867,29808.10546875
20.30080498865867,29808.10546875
20.30180498865867,29808.10546875
20.30280498865867,29808.10546875
20.30380498865867,29808.10546875
20.304804988658667,29808.10546875
20.305804988658668,29808.10546875
20.30680498865867,29808.10546875
20.307804988658667,29808.10546875
20.308804988658665,29808.10546875
20.309804988658666,29808.10546875
20.310804988658667,29808.10546875
20.311804988658665,29808.10546875
20.312804988658662,29808.10546875
20.313804988658664,29808.10546875
20.314804988658665,29808.10546875
20.315804988658662,29808.10546875
20.31680498865866,29808.10546875
20.31780498865866,29808.10546875
20.318804988658663,29808.10546875
20.31980498865866,29808.10546875
20.320804988658658,29808.10546875
20.32180498865866,29808.10546875
20.32280498865866,29808.10546875
20.323804988658658,29808.10546875
20.324804988658656,29808.10546875
20.325804988658657,29808.10546875
20.326804988658658,29808.10546875
20.327804988658656,29808.10546875
20.328804988658653,29808.10546875
20.329804988658655,29808.10546875
20.330804988658656,29808.10546875
20.331804988658654,29808.10546875
20.33280498865865,29808.10546875
20.333804988658652,29808.10546875
20.334804988658654,29808.10546875
20.33580498865865,29808.10546875
20.33680498865865,29808.10546875
20.33780498865865,29808.10546875
20.33880498865865,29808.10546875
20.33980498865865,29808.10546875
20.340804988658647,29808.110976219024
20.341804988658648,29808.155136108246
20.34280498865865,29808.199295997467
20.343804988658647,29808.243455886688
20.344804988658645,29808.28761577591
20.345804988658646,29808.33177566513
20.346804988658647,29808.37593555435
20.347804988658645,29808.420095443573
20.348804988658642,29808.464255332794
20.349804988658644,29808.508415222015
20.350804988658645,29808.552575111236
20.351804988658643,29808.596735000458
20.35280498865864,29808.64089488968
20.35380498865864,29808.6850547789
20.354804988658643,29808.72921466812
20.35580498865864,29808.773374557342
20.356804988658638,29808.817534446564
20.35780498865864,29808.861694335785
20.35880498865864,29808.905854225006
20.359804988658638,29808.950014114227
20.360804988658636,29808.99417400345
20.361804988658637,29809.03833389267
20.362804988658638,29809.08249378189
20.363804988658636,29809.126653671112
20.364804988658634,29809.170813560333
20.365804988658635,29809.214973449554
20.366804988658636,29809.259133338775
20.367804988658634,29809.303293227997
20.36880498865863,29809.347453117218
20.369804988658633,29809.39161300644
20.370804988658634,29809.43577289566
20.37180498865863,29809.47993278488
20.37280498865863,29809.5240926741
20.37380498865863,29809.568252563324
20.37480498865863,29809.612412452545
20.37580498865863,29809.656572341763
20.376804988658627,29809.700732230984
20.377804988658628,29809.744892120205
20.37880498865863,29809.78905200943
20.379804988658627,29809.833211898647
20.380804988658625,29809.87737178787
20.381804988658626,29809.92153167709
20.382804988658627,29809.96569156631
20.383804988658625,29810.009851455532
20.384804988658622,29810.054011344753
20.385804988658624,29810.098171233974
20.386804988658625,29810.142331123196
20.387804988658623,29810.186491012417
20.38880498865862,29810.230650901638
20.38980498865862,29810.27481079086
20.390804988658623,29810.31897068008
20.39180498865862,29810.3631305693
20.392804988658618,29810.407290458523
20.39380498865862,29810.451450347744
20.39480498865862,29810.495610236965
20.395804988658618,29810.539770126186
20.396804988658616,29810.583930015408
20.397804988658617,29810.62808990463
20.39880498865862,29810.67224979385
20.399804988658616,29810.71640968307
20.400804988658614,29810.760569572292
20.401804988658615,29810.804729461513
20.402804988658616,29810.848889350735
20.403804988658614,29810.893049239956
20.40480498865861,29810.937209129177
20.405804988658613,29810.9813690184
20.406804988658614,29811.02552890762
20.40780498865861,29811.06968879684
20.40880498865861,29811.113848686062
20.40980498865861,29811.158008575283
20.41080498865861,29811.202168464504
20.41180498865861,29811.246328353725
20.412804988658607,29811.290488242947
20.413804988658608,29811.334648132168
20.41480498865861,29811.37880802139
20.415804988658607,29811.42296791061
20.416804988658605,29811.46712779983
20.417804988658606,29811.511287689053
20.418804988658607,29811.555447578274
20.419804988658605,29811.599607467495
20.420804988658602,29811.643767356716
20.421804988658604,29811.687927245937
20.422804988658605,29811.73208713516
20.423804988658603,29811.77624702438
20.4248049886586,29811.8204069136
20.4258049886586,29811.864566802822
20.426804988658603,29811.908726692043
20.4278049886586,29811.952886581264
20.428804988658598,29811.997046470486
20.4298049886586,29812.041206359707
20.4308049886586,29812.085366248928
20.431804988658598,29812.12952613815
20.432804988658596,29812.17368602737
20.433804988658597,29812.228660583183
20.4348049886586,29812.316980361626
20.435804988658596,29812.405300140068
20.436804988658594,29812.49361991851
20.437804988658595,29812.581939696953
20.438804988658596,29812.670259475395
20.439804988658594,29812.758579253838
20.44080498865859,29812.84689903228
20.441804988658593,29812.935218810722
20.442804988658594,29813.023538589165
20.44380498865859,29813.111858367607
20.44480498865859,29813.20017814605
20.44580498865859,29813.288497924492
20.44680498865859,29813.376817702934
20.44780498865859,29813.465137481377
20.448804988658587,29813.55345725982
20.449804988658588,29813.64177703826
20.45080498865859,29813.730096816704
20.451804988658587,29813.818416595146
20.452804988658585,29813.90673637359
20.453804988658586,29813.99505615203
20.454804988658587,29814.083375930473
20.455804988658585,29814.171695708916
20.456804988658583,29814.260015487358
20.457804988658584,29814.3483352658
20.458804988658585,29814.436655044243
20.459804988658583,29814.524974822685
20.46080498865858,29814.613294601128
20.46180498865858,29814.70161437957
20.462804988658583,29814.789934158012
20.46380498865858,29814.878253936455
20.464804988658578,29814.966573714897
20.46580498865858,29815.05489349334
20.46680498865858,29815.143213271782
20.46780498865858,29815.231533050224
20.468804988658576,29815.319852828667
20.469804988658577,29815.40817260711
20.47080498865858,29815.49649238555
20.471804988658576,29815.584812163994
20.472804988658574,29815.673131942436
20.473804988658575,29815.76145172088
20.474804988658576,29815.84977149932
20.475804988658574,29815.938091277763
20.47680498865857,29816.026411056206
20.477804988658573,29816.114730834648
20.478804988658574,29816.20305061309
20.47980498865857,29816.291370391533
20.48080498865857,29816.379690169975
20.48180498865857,29816.468009948418
20.48280498865857,29816.55632972686
20.48380498865857,29816.644649505302
20.484804988658567,29816.73296928374
20.48580498865857,29816.821289062183
20.48680498865857,29816.90960884063
20.487804988658567,29816.99792861907
20.488804988658565,29817.08624839751
20.489804988658566,29817.174568175953
20.490804988658567,29817.262887954395
20.491804988658565,29817.351207732838
20.492804988658563,29817.43952751128
20.493804988658564,29817.527847289723
20.494804988658565,29817.616167068165
20.495804988658563,29817.704486846607
20.49680498865856,29817.79280662505
20.49780498865856,29817.881126403492
20.498804988658563,29817.969446181934
20.49980498865856,29818.057765960377
20.500804988658558,29818.14608573882
20.50180498865856,29818.23440551726
20.50280498865856,29818.322725295704
20.50380498865856,29818.411045074146
20.504804988658556,29818.49936485259
20.505804988658557,29818.58768463103
20.50680498865856,29818.676004409474
20.507804988658556,29818.764324187916
20.508804988658554,29818.85264396636
20.509804988658555,29818.9409637448
20.510804988658556,29819.029283523243
20.511804988658554,29819.117603301685
20.51280498865855,29819.205923080128
20.513804988658553,29819.29424285857
20.514804988658554,29819.382562637013
20.51580498865855,29819.470882415455
20.51680498865855,29819.559202193897
20.51780498865855,29819.64752197234
20.51880498865855,29819.735841750782
20.51980498865855,29819.824161529225
20.520804988658547,29819.912481307667
20.52180498865855,29820.00080108611
20.52280498865855,29820.08912086455
20.523804988658547,29820.177440642994
20.524804988658545,29820.265760421436
20.525804988658546,29820.35408019988
20.526804988658547,29820.44239997832
20.527804988658545,29820.530719756764
20.528804988658543,29820.619039535206
20.529804988658544,29820.70735931365
20.530804988658545,29820.79567909209
20.531804988658543,29820.883998870533
20.53280498865854,29820.972318648975
20.53380498865854,29821.060638427418
20.534804988658543,29821.14895820586
20.53580498865854,29821.237277984303
20.536804988658538,29821.325597762745
20.53780498865854,29821.413917541187
20.53880498865854,29821.50223731963
20.53980498865854,29821.590557098072
20.540804988658536,29821.678876876515
20.541804988658537,29821.767196654957
20.54280498865854,29821.8555164334
20.543804988658536,29821.94383621184
20.544804988658534,29822.032155990284
20.545804988658535,29822.120475768726
20.546804988658536,29822.20879554717
20.547804988658534,29822.29711532561
20.54880498865853,29822.385435104054
20.549804988658533,29822.473754882496
20.550804988658534,29822.56207466094
20.55180498865853,29822.65039443938
20.55280498865853,29822.738714217823
20.55380498865853,29822.827033996266
20.554804988658532,29822.915353774708
20.55580498865853,29823.00367355315
20.556804988658527,29823.091993331593
20.55780498865853,29823.180313110035
20.55880498865853,29823.268632888477
20.559804988658527,29823.35695266692
20.560804988658525,29823.44527244536
20.561804988658526,29823.5335922238
20.562804988658527,29823.621912002247
20.563804988658525,29823.710231780686
20.564804988658523,29823.798551559128
20.565804988658524,29823.88687133757
20.566804988658525,29823.975191116013
20.567804988658523,29824.063510894455
20.56880498865852,29824.151830672898
20.56980498865852,29824.24015045134
20.570804988658523,29824.328470229782
20.57180498865852,29824.416790008225
20.57280498865852,29824.505109786667
20.57380498865852,29824.59342956511
20.57480498865852,29824.681749343552
20.57580498865852,29824.770069121994
20.576804988658516,29824.858388900437
20.577804988658517,29824.94670867888
20.57880498865852,29825.03502845732
20.579804988658516,29825.123348235764
20.580804988658514,29825.211668014206
20.581804988658515,29825.29998779265
20.582804988658516,29825.38830757109
20.583804988658514,29825.476627349533
20.58480498865851,29825.564947127976
20.585804988658513,29825.653266906418
20.586804988658514,29825.74158668486
20.58780498865851,29825.829906463303
20.58880498865851,29825.918226241745
20.58980498865851,29826.006546020188
20.590804988658512,29826.09486579863
20.59180498865851,29826.183185577072
20.592804988658507,29826.271505355515
20.59380498865851,29826.359825133957
20.59480498865851,29826.4481449124
20.595804988658507,29826.536464690842
20.596804988658505,29826.624784469284
20.597804988658506,29826.713104247727
20.598804988658507,29826.80142402617
20.599804988658505,29826.88974380461
20.600804988658503,29826.978063583054
20.601804988658504,29827.066383361496
20.602804988658505,29827.15470313994
20.603804988658503,29827.24302291838
20.6048049886585,29827.331342696823
20.6058049886585,29827.419662475266
20.606804988658503,29827.507982253708
20.6078049886585,29827.59630203215
20.6088049886585,29827.684621810593
20.6098049886585,29827.772941589035
20.6108049886585,29827.861261367478
20.6118049886585,29827.94958114592
20.612804988658496,29828.037900924362
20.613804988658497,29828.126220702805
20.6148049886585,29828.214540481247
20.615804988658496,29828.30286025969
20.616804988658494,29828.391180038132
20.617804988658495,29828.479499816574
20.618804988658496,29828.567819595017
20.619804988658494,29828.65613937346
20.62080498865849,29828.7444591519
20.621804988658493,29828.832778930344
20.622804988658494,29828.921098708786
20.62380498865849,29829.00941848723
20.62480498865849,29829.09773826567
20.62580498865849,29829.186058044113
20.626804988658492,29829.274377822556
20.62780498865849,29829.362697601
20.628804988658487,29829.45101737944
20.62980498865849,29829.539337157883
20.63080498865849,29829.627656936325
20.631804988658487,29829.715976714768
20.632804988658485,29829.804296493206
20.633804988658486,29829.892616271653
20.634804988658487,29829.980936050095
20.635804988658485,29830.069255828534
20.636804988658483,29830.157575606976
20.637804988658484,29830.24589538542
20.638804988658485,29830.33421516386
20.639804988658483,29830.422534942303
20.64080498865848,29830.510854720746
20.641804988658482,29830.599174499188
20.642804988658483,29830.68749427763
20.64380498865848,29830.775814056073
20.64480498865848,29830.864133834515
20.64580498865848,29830.952453612957
20.64680498865848,29831.0407733914
20.64780498865848,29831.129093169842
20.648804988658476,29831.217412948285
20.649804988658477,29831.305732726727
20.65080498865848,29831.39405250517
20.651804988658476,29831.48237228361
20.652804988658474,29831.570692062054
20.653804988658475,29831.659011840497
20.654804988658476,29831.74733161894
20.655804988658474,29831.83565139738
20.65680498865847,29831.923971175824
20.657804988658473,29832.012290954266
20.658804988658474,29832.10061073271
20.659804988658472,29832.18893051115
20.66080498865847,29832.277250289593
20.66180498865847,29832.365570068036
20.662804988658472,29832.453889846478
20.66380498865847,29832.54220962492
20.664804988658467,29832.630529403363
20.66580498865847,29832.718849181805
20.66680498865847,29832.807168960248
20.667804988658467,29832.89548873869
20.668804988658465,29832.983808517132
20.669804988658466,29833.072128295575
20.670804988658467,29833.160448074017
20.671804988658465,29833.24876785246
20.672804988658463,29833.3370876309
20.673804988658464,29833.425407409344
20.674804988658465,29833.513727187787
20.675804988658463,29833.60204696623
20.67680498865846,29833.69036674467
20.677804988658462,29833.778686523114
20.678804988658463,29833.867006301556
20.67980498865846,29833.95532608
20.68080498865846,29834.04364585844
20.68180498865846,29834.131965636883
20.68280498865846,29834.220285415326
20.68380498865846,29834.308605193768
20.684804988658456,29834.39692497221
20.685804988658457,29834.485244750653
20.68680498865846,29834.573564529095
20.687804988658456,29834.661884307538
20.688804988658454,29834.75020408598
20.689804988658455,29834.838523864422
20.690804988658456,29834.926843642865
20.691804988658454,29835.015163421307
20.69280498865845,29835.10348319975
20.693804988658453,29835.191802978192
20.694804988658454,29835.280122756634
20.695804988658452,29835.368442535077
20.69680498865845,29835.45676231352
20.69780498865845,29835.54508209196
20.698804988658452,29835.633401870404
20.69980498865845,29835.721721648846
20.700804988658447,29835.81004142729
20.70180498865845,29835.89836120573
20.70280498865845,29835.986680984173
20.703804988658447,29836.075000762616
20.704804988658445,29836.163320541054
20.705804988658446,29836.251640319497
20.706804988658448,29836.339960097943
20.707804988658445,29836.42827987638
20.708804988658443,29836.516599654824
20.709804988658444,29836.604919433266
20.710804988658445,29836.69323921171
20.711804988658443,29836.78155899015
20.71280498865844,29836.869878768593
20.713804988658442,29836.958198547036
20.714804988658443,29837.04651832548
20.71580498865844,29837.13483810392
20.71680498865844,29837.223157882363
20.71780498865844,29837.311477660805
20.71880498865844,29837.399797439248
20.71980498865844,29837.48811721769
20.720804988658436,29837.576436996133
20.721804988658437,29837.664756774575
20.72280498865844,29837.753076553017
20.723804988658436,29837.84139633146
20.724804988658434,29837.929716109902
20.725804988658435,29838.018035888344
20.726804988658436,29838.106355666787
20.727804988658434,29838.19467544523
20.728804988658432,29838.28299522367
20.729804988658433,29838.371315002114
20.730804988658434,29838.459634780556
20.731804988658432,29838.547954559
20.73280498865843,29838.63627433744
20.73380498865843,29838.724594115884
20.734804988658432,29838.812913894326
20.73580498865843,29838.90123367277
20.736804988658427,29838.98955345121
20.73780498865843,29839.077873229653
20.73880498865843,29839.166193008095
20.739804988658427,29839.254512786538
20.740804988658425,29839.34283256498
20.741804988658426,29839.431152343423
20.742804988658428,29839.519472121865
20.743804988658425,29839.607791900307
20.744804988658423,29839.69611167875
20.745804988658424,29839.784431457192
20.746804988658425,29839.872751235634
20.747804988658423,29839.961071014077
20.74880498865842,29840.04939079252
20.749804988658422,29840.13771057096
20.750804988658423,29840.226030349404
20.75180498865842,29840.314350127846
20.75280498865842,29840.40266990629
20.75380498865842,29840.49098968473
20.75480498865842,29840.579309463174
20.75580498865842,29840.667629241616
20.756804988658416,29840.75594902006
20.757804988658417,29840.8442687985
20.75880498865842,29840.92527866347
20.759804988658416,29840.969438552693
20.760804988658414,29841.013598441914
20.761804988658415,29841.057758331135
20.762804988658417,29841.101918220356
20.763804988658414,29841.146078109578
20.764804988658412,29841.1902379988
20.765804988658413,29841.23439788802
20.766804988658414,29841.27855777724
20.767804988658412,29841.322717666462
20.76880498865841,29841.366877555683
20.76980498865841,29841.411037444905
20.770804988658412,29841.455197334126
20.77180498865841,29841.499357223347
20.772804988658407,29841.54351711257
20.77380498865841,29841.58767700179
20.77480498865841,29841.63183689101
20.775804988658408,29841.67599678023
20.776804988658405,29841.720156669453
20.777804988658406,29841.764316558674
20.778804988658408,29841.808476447895
20.779804988658405,29841.852636337117
20.780804988658403,29841.896796226338
20.781804988658404,29841.94095611556
20.782804988658405,29841.98511600478
20.783804988658403,29842.029275894
20.7848049886584,29842.073435783223
20.785804988658402,29842.117595672444
20.786804988658403,29842.161755561665
20.7878049886584,29842.205915450886
20.7888049886584,29842.250075340107
20.7898049886584,29842.29423522933
20.7908049886584,29842.33839511855
20.7918049886584,29842.38255500777
20.792804988658396,29842.426714896992
20.793804988658398,29842.470874786213
20.7948049886584,29842.515034675434
20.795804988658396,29842.559194564656
20.796804988658394,29842.603354453877
20.797804988658395,29842.647514343098
20.798804988658397,29842.69167423232
20.799804988658394,29842.73583412154
20.800804988658392,29842.77999401076
20.801804988658393,29842.824153899983
20.802804988658394,29842.868313789204
20.803804988658392,29842.912473678425
20.80480498865839,29842.956633567646
20.80580498865839,29843.000793456868
20.806804988658392,29843.04495334609
20.80780498865839,29843.08911323531
20.808804988658387,29843.13327312453
20.80980498865839,29843.177433013752
20.81080498865839,29843.221592902973
20.811804988658388,29843.265752792195
20.812804988658385,29843.309912681416
20.813804988658386,29843.354072570637
20.814804988658388,29843.39823245986
20.815804988658385,29843.44239234908
20.816804988658383,29843.486552238297
20.817804988658384,29843.530712127522
20.818804988658385,29843.574872016743
20.819804988658383,29843.61903190596
20.82080498865838,29843.66319179518
20.821804988658382,29843.707351684403
20.822804988658383,29843.751511573624
20.82380498865838,29843.795671462845
20.82480498865838,29843.839831352067
20.82580498865838,29843.883991241288
20.82680498865838,29843.92815113051
20.82780498865838,29843.97231101973
20.828804988658376,29844.01647090895
20.829804988658378,29844.060630798172
20.83080498865838,29844.104790687394
20.831804988658376,29844.148950576615
20.832804988658374,29844.193110465836
20.833804988658375,29844.237270355057
20.834804988658377,29844.28143024428
20.835804988658374,29844.3255901335
20.836804988658372,29844.36975002272
20.837804988658373,29844.413909911942
20.838804988658374,29844.458069801163
20.839804988658372,29844.502229690384
20.84080498865837,29844.546389579606
20.84180498865837,29844.590549468827
20.842804988658372,29844.634709358048
20.84380498865837,29844.67886924727
20.844804988658368,29844.72302913649
20.84580498865837,29844.76718902571
20.84680498865837,29844.811348914933
20.847804988658368,29844.855508804154
20.848804988658365,29844.899668693375
20.849804988658367,29844.943828582596
20.850804988658368,29844.987988471818
20.851804988658365,29845.01953125
20.852804988658363,29845.01953125
20.853804988658364,29845.01953125
20.854804988658366,29845.01953125
20.855804988658363,29845.01953125
20.85680498865836,29845.01953125
20.857804988658362,29845.01953125
20.858804988658363,29845.01953125
20.85980498865836,29845.01953125
20.86080498865836,29845.01953125
20.86180498865836,29845.01953125
20.86280498865836,29845.01953125
20.86380498865836,29845.01953125
20.864804988658356,29845.01953125
20.865804988658358,29845.01953125
20.86680498865836,29845.01953125
20.867804988658357,29845.01953125
20.868804988658354,29845.01953125
20.869804988658355,29845.01953125
20.870804988658357,29845.01953125
20.871804988658354,29845.01953125
20.872804988658352,29845.01953125
20.873804988658353,29845.01953125
20.874804988658354,29845.01953125
20.875804988658352,29845.01953125
20.87680498865835,29845.01953125
20.87780498865835,29845.01953125
20.878804988658352,29845.01953125
20.87980498865835,29845.01953125
20.880804988658348,29845.01953125
20.88180498865835,29845.01953125
20.88280498865835,29845.01953125
20.883804988658348,29845.01953125
20.884804988658345,29845.01953125
20.885804988658347,29845.01953125
20.886804988658348,29845.01953125
20.887804988658345,29845.01953125
20.888804988658343,29845.01953125
20.889804988658344,29845.01953125
20.890804988658346,29845.01953125
20.891804988658343,29845.01953125
20.89280498865834,29845.01953125
20.893804988658342,29845.01953125
20.894804988658343,29845.01953125
20.89580498865834,29845.01953125
20.89680498865834,29845.01953125
20.89780498865834,29845.01953125
20.89880498865834,29845.01953125
20.89980498865834,29845.01953125
20.900804988658336,29845.01953125
20.901804988658338,29845.01953125
20.90280498865834,29845.01953125
20.903804988658337,29845.01953125
20.904804988658334,29845.01953125
20.905804988658335,29845.01953125
20.906804988658337,29845.01953125
20.907804988658334,29845.01953125
20.908804988658332,29845.01953125
20.909804988658333,29845.01953125
20.910804988658334,29845.01953125
20.911804988658332,29845.01953125
20.91280498865833,29845.01953125
20.91380498865833,29845.01953125
20.914804988658332,29845.01953125
20.91580498865833,29845.01953125
20.916804988658328,29845.01953125
20.91780498865833,29845.01953125
20.91880498865833,29845.01953125
20.919804988658328,29845.01953125
20.920804988658325,29845.01953125
20.921804988658327,29845.01953125
20.922804988658328,29845.01953125
20.923804988658325,29845.01953125
20.924804988658323,29845.01953125
20.925804988658324,29845.01953125
20.926804988658326,29845.01953125
20.927804988658323,29845.01953125
20.92880498865832,29845.01953125
20.929804988658322,29845.01953125
20.930804988658323,29845.01953125
20.93180498865832,29845.01953125
20.93280498865832,29845.01953125
20.93380498865832,29845.01953125
20.93480498865832,29845.01953125
20.93580498865832,29845.01953125
20.936804988658317,29845.01953125
20.937804988658318,29845.01953125
20.93880498865832,29845.01953125
20.939804988658317,29845.01953125
20.940804988658314,29845.01953125
20.941804988658316,29845.01953125
20.942804988658317,29845.01953125
20.943804988658314,29845.01953125
20.944804988658312,29845.01953125
20.945804988658313,29845.01953125
20.946804988658315,29845.01953125
20.947804988658312,29845.01953125
20.94880498865831,29845.01953125
20.94980498865831,29845.01953125
20.950804988658312,29845.01953125
20.95180498865831,29845.01953125
20.952804988658308,29845.01953125
20.95380498865831,29845.01953125
20.95480498865831,29845.01953125
20.955804988658308,29845.01953125
20.956804988658305,29845.01953125
20.957804988658307,29845.01953125
20.958804988658308,29845.01953125
20.959804988658306,29845.01953125
20.960804988658303,29845.01953125
20.961804988658304,29845.01953125
20.962804988658306,29845.01953125
20.963804988658303,29845.01953125
20.9648049886583,29845.01953125
20.965804988658302,29845.01953125
20.966804988658303,29845.01953125
20.9678049886583,29845.01953125
20.9688049886583,29845.01953125
20.9698049886583,29845.01953125
20.9708049886583,29845.01953125
20.9718049886583,29845.01953125
20.972804988658297,29845.01953125
20.973804988658298,29845.01953125
20.9748049886583,29845.01953125
20.975804988658297,29845.01953125
20.976804988658294,29845.01953125
20.977804988658296,29845.01953125
20.978804988658297,29845.01953125
20.979804988658294,29845.01953125
20.980804988658292,29845.01953125
20.981804988658293,29845.01953125
20.982804988658295,29845.01953125
20.983804988658292,29845.01953125
20.98480498865829,29845.01953125
20.98580498865829,29845.01953125
20.986804988658292,29845.01953125
20.98780498865829,29845.01953125
20.988804988658288,29845.01953125
20.98980498865829,29845.01953125
20.99080498865829,29845.01953125
20.991804988658288,29845.01953125
20.992804988658285,29845.01953125
20.993804988658287,29845.01953125
20.994804988658288,29845.01953125
20.995804988658286,29845.01953125
20.996804988658283,29845.01953125
20.997804988658284,29845.01953125
20.998804988658286,29845.01953125
20.999804988658283,29845.01953125
21.00080498865828,29845.01953125
21.001804988658282,29845.01953125
21.002804988658283,29845.01953125
21.00380498865828,29845.01953125
21.00480498865828,29845.01953125
21.00580498865828,29845.01953125
21.00680498865828,29845.01953125
21.00780498865828,29845.01953125
21.008804988658277,29845.01953125
21.009804988658278,29845.01953125
21.01080498865828,29845.01953125
21.011804988658277,29845.01953125
21.012804988658274,29845.01953125
21.013804988658276,29845.01953125
21.014804988658277,29845.01953125
21.015804988658275,29845.01953125
21.016804988658272,29845.01953125
21.017804988658273,29845.01953125
21.018804988658275,29845.01953125
21.019804988658272,29845.01953125
21.02080498865827,29845.01953125
21.02180498865827,29845.01953125
21.022804988658272,29845.01953125
21.02380498865827,29845.01953125
21.024804988658268,29845.01953125
21.02580498865827,29845.01953125
21.02680498865827,29845.01953125
21.027804988658268,29845.01953125
21.028804988658266,29845.01953125
21.029804988658267,29845.01953125
21.030804988658268,29845.01953125
21.031804988658266,29845.01953125
21.032804988658263,29845.01953125
21.033804988658265,29845.01953125
21.034804988658266,29845.01953125
21.035804988658263,29845.01953125
21.03680498865826,29845.01953125
21.037804988658262,29845.01953125
21.038804988658264,29845.01953125
21.03980498865826,29845.01953125
21.04080498865826,29845.01953125
21.04180498865826,29845.01953125
21.04280498865826,29845.01953125
21.04380498865826,29845.01953125
21.044804988658257,29845.01953125
21.045804988658258,29845.01953125
21.04680498865826,29845.01953125
21.047804988658257,29845.01953125
21.048804988658254,29845.01953125
21.049804988658256,29845.01953125
21.050804988658257,29845.01953125
21.051804988658255,29845.01953125
21.052804988658252,29845.01953125
21.053804988658253,29845.01953125
21.054804988658255,29845.01953125
21.055804988658252,29845.01953125
21.05680498865825,29845.01953125
21.05780498865825,29845.01953125
21.058804988658252,29845.01953125
21.05980498865825,29845.01953125
21.060804988658248,29845.01953125
21.06180498865825,29845.01953125
21.06280498865825,29845.01953125
21.063804988658248,29845.01953125
21.064804988658246,29845.01953125
21.065804988658247,29845.01953125
21.066804988658248,29845.01953125
21.067804988658246,29845.01953125
21.068804988658243,29845.01953125
21.069804988658245,29845.01953125
21.070804988658246,29845.01953125
21.071804988658243,29845.01953125
21.07280498865824,29845.01953125
21.073804988658242,29845.01953125
21.074804988658244,29845.01953125
21.07580498865824,29845.01953125
21.07680498865824,29845.01953125
21.07780498865824,29845.01953125
21.07880498865824,29845.01953125
21.07980498865824,29845.01953125
21.080804988658237,29845.01953125
21.081804988658238,29845.01953125
21.08280498865824,29845.01953125
21.083804988658237,29845.01953125
21.084804988658234,29845.01953125
21.085804988658236,29845.01953125
21.086804988658237,29845.01953125
21.087804988658235,29845.01953125
21.088804988658232,29845.01953125
21.089804988658233,29845.01953125
21.090804988658235,29845.01953125
21.091804988658232,29845.01953125
21.09280498865823,29845.01953125
21.09380498865823,29845.01953125
21.094804988658233,29845.01953125
21.09580498865823,29845.01953125
21.096804988658228,29845.01953125
21.09780498865823,29845.01953125
21.09880498865823,29845.01953125
21.099804988658228,29845.01953125
21.100804988658226,29845.01953125
21.101804988658227,29845.01953125
21.102804988658228,29845.01953125
21.103804988658226,29845.01953125
21.104804988658223,29845.01953125
21.105804988658225,29845.01953125
21.106804988658226,29845.01953125
21.107804988658224,29845.01953125
21.10880498865822,29845.01953125
21.109804988658222,29845.01953125
21.110804988658224,29845.01953125
21.11180498865822,29845.01953125
21.11280498865822,29845.01953125
21.11380498865822,29845.01953125
21.11480498865822,29845.01953125
21.11580498865822,29845.01953125
21.116804988658217,29845.01953125
21.117804988658218,29845.01953125
21.11880498865822,29845.01953125
21.119804988658217,29845.01953125
21.120804988658215,29845.01953125
21.121804988658216,29845.01953125
21.122804988658217,29845.01953125
21.123804988658215,29845.01953125
21.124804988658212,29845.01953125
21.125804988658214,29845.01953125
21.126804988658215,29845.01953125
21.127804988658212,29845.01953125
21.12880498865821,29845.01953125
21.12980498865821,29845.01953125
21.130804988658213,29845.01953125
21.13180498865821,29845.01953125
21.132804988658208,29845.01953125
21.13380498865821,29845.01953125
21.13480498865821,29845.01953125
21.135804988658208,29845.01953125
21.136804988658206,29845.01953125
21.137804988658207,29845.01953125
21.138804988658208,29845.01953125
21.139804988658206,29845.01953125
21.140804988658203,29845.01953125
21.141804988658205,29845.01953125
21.142804988658206,29845.01953125
21.143804988658204,29845.01953125
21.1448049886582,29845.01953125
21.145804988658202,29845.01953125
21.146804988658204,29845.01953125
21.1478049886582,29845.01953125
21.1488049886582,29845.01953125
21.1498049886582,29845.01953125
21.1508049886582,29845.01953125
21.1518049886582,29845.01953125
21.152804988658197,29845.01953125
21.153804988658198,29845.01953125
21.1548049886582,29845.01953125
21.155804988658197,29845.01953125
21.156804988658195,29845.01953125
21.157804988658196,29845.01953125
21.158804988658197,29845.01953125
21.159804988658195,29845.01953125
21.160804988658192,29845.01953125
21.161804988658194,29845.01953125
21.162804988658195,29845.01953125
21.163804988658192,29845.01953125
21.16480498865819,29845.01953125
21.16580498865819,29845.01953125
21.166804988658193,29845.01953125
21.16780498865819,29845.01953125
21.168804988658188,29845.01953125
21.16980498865819,29845.01953125
21.17080498865819,29845.01953125
21.171804988658188,29845.01953125
21.172804988658186,29845.01953125
21.173804988658187,29845.01953125
21.174804988658188,29845.01953125
21.175804988658186,29845.01953125
21.176804988658184,29845.01041889208
21.177804988658185,29844.96625900286
21.178804988658186,29844.92209911364
21.179804988658184,29844.877939224418
21.18080498865818,29844.833779335197
21.181804988658183,29844.789619445975
21.182804988658184,29844.745459556754
21.18380498865818,29844.701299667533
21.18480498865818,29844.657139778312
21.18580498865818,29844.61297988909
21.18680498865818,29844.56881999987
21.18780498865818,29844.52466011065
21.188804988658177,29844.480500221427
21.189804988658178,29844.436340332206
21.19080498865818,29844.392180442985
21.191804988658177,29844.348020553763
21.192804988658175,29844.303860664542
21.193804988658176,29844.25970077532
21.194804988658177,29844.2155408861
21.195804988658175,29844.17138099688
21.196804988658172,29844.127221107658
21.197804988658174,29844.083061218436
21.198804988658175,29844.038901329215
21.199804988658173,29843.994741439994
21.20080498865817,29843.950581550773
21.20180498865817,29843.90642166155
21.202804988658173,29843.86226177233
21.20380498865817,29843.81810188311
21.204804988658168,29843.773941993888
21.20580498865817,29843.729782104667
21.20680498865817,29843.685622215446
21.207804988658168,29843.641462326224
21.208804988658166,29843.597302437003
21.209804988658167,29843.553142547782
21.210804988658168,29843.50898265856
21.211804988658166,29843.46482276934
21.212804988658164,29843.42066288012
21.213804988658165,29843.376502990897
21.214804988658166,29843.332343101676
21.215804988658164,29843.288183212455
21.21680498865816,29843.244023323234
21.217804988658163,29843.199863434013
21.218804988658164,29843.15570354479
21.21980498865816,29843.11154365557
21.22080498865816,29843.06738376635
21.22180498865816,29843.023223877128
21.22280498865816,29842.979063987907
21.22380498865816,29842.934904098685
21.224804988658157,29842.890744209464
21.225804988658158,29842.846584320243
21.22680498865816,29842.80242443102
21.227804988658157,29842.7582645418
21.228804988658155,29842.71410465258
21.229804988658156,29842.66994476336
21.230804988658157,29842.625784874137
21.231804988658155,29842.581624984916
21.232804988658152,29842.537465095695
21.233804988658154,29842.493305206473
21.234804988658155,29842.449145317252
21.235804988658153,29842.40498542803
21.23680498865815,29842.36082553881
21.23780498865815,29842.31666564959
21.238804988658153,29842.272505760367
21.23980498865815,29842.228345871146
21.240804988658148,29842.184185981925
21.24180498865815,29842.140026092704
21.24280498865815,29842.095866203483
21.243804988658148,29842.05170631426
21.244804988658146,29842.00754642504
21.245804988658147,29841.96338653582
21.24680498865815,29841.919226646598
21.247804988658146,29841.875066757377
21.248804988658144,29841.830906868156
21.249804988658145,29841.786746978934
21.250804988658146,29841.742587089713
21.251804988658144,29841.698427200492
21.25280498865814,29841.65426731127
21.253804988658143,29841.61010742205
21.254804988658144,29841.56594753283
21.25580498865814,29841.521787643607
21.25680498865814,29841.477627754386
21.25780498865814,29841.433467865165
21.25880498865814,29841.389307975944
21.25980498865814,29841.345148086722
21.260804988658137,29841.3009881975
21.261804988658138,29841.25682830828
21.26280498865814,29841.21266841906
21.263804988658137,29841.168508529838
21.264804988658135,29841.12434864062
21.265804988658136,29841.080188751395
21.266804988658137,29841.036028862174
21.267804988658135,29840.991868972957
21.268804988658133,29840.947709083735
21.269804988658134,29840.903549194514
21.270804988658135,29840.85938930529
21.271804988658133,29840.81522941607
21.27280498865813,29840.77106952685
21.27380498865813,29840.72690963763
21.274804988658133,29840.68274974841
21.27580498865813,29840.638589859187
21.276804988658128,29840.594429969966
21.27780498865813,29840.550270080745
21.27880498865813,29840.506110191523
21.279804988658128,29840.461950302302
21.280804988658126,29840.41779041308
21.281804988658127,29840.37363052386
21.28280498865813,29840.32947063464
21.283804988658126,29840.285310745418
21.284804988658124,29840.241150856196
21.285804988658125,29840.196990966975
21.286804988658126,29840.152831077754
21.287804988658124,29840.108671188533
21.28880498865812,29840.06451129931
21.289804988658123,29840.02035141009
21.290804988658124,29839.97619152087
21.29180498865812,29839.932031631648
21.29280498865812,29839.887871742427
21.29380498865812,29839.843711853206
21.29480498865812,29839.799551963984
21.29580498865812,29839.755392074763
21.296804988658117,29839.711232185542
21.297804988658118,29839.66707229632
21.29880498865812,29839.6229124071
21.299804988658117,29839.57875251788
21.300804988658115,29839.534592628657
21.301804988658116,29839.490432739436
21.302804988658117,29839.446272850215
21.303804988658115,29839.402112960994
21.304804988658113,29839.357953071772
21.305804988658114,29839.31379318255
21.306804988658115,29839.26963329333
21.307804988658113,29839.22547340411
21.30880498865811,29839.181313514888
21.30980498865811,29839.137153625667
21.310804988658113,29839.092993736445
21.31180498865811,29839.048833847224
21.312804988658108,29839.004673958003
21.31380498865811,29838.96051406878
21.31480498865811,29838.91635417956
21.31580498865811,29838.87219429034
21.316804988658106,29838.8671875
21.317804988658107,29838.8671875
21.31880498865811,29838.8671875
21.319804988658106,29838.8671875
21.320804988658104,29838.8671875
21.321804988658105,29838.8671875
21.322804988658106,29838.8671875
21.323804988658104,29838.8671875
21.3248049886581,29838.8671875
21.325804988658103,29838.8671875
21.326804988658104,29838.8671875
21.3278049886581,29838.8671875
21.3288049886581,29838.8671875
21.3298049886581,29838.8671875
21.3308049886581,29838.8671875
21.3318049886581,29838.8671875
21.332804988658097,29838.8671875
21.3338049886581,29838.8671875
21.3348049886581,29838.8671875
21.335804988658097,29838.8671875
21.336804988658095,29838.8671875
21.337804988658096,29838.8671875
21.338804988658097,29838.8671875
21.339804988658095,29838.8671875
21.340804988658093,29838.8671875
21.341804988658094,29838.8671875
21.342804988658095,29838.8671875
21.343804988658093,29838.8671875
21.34480498865809,29838.8671875
21.34580498865809,29838.8671875
21.346804988658093,29838.8671875
21.34780498865809,29838.8671875
21.348804988658088,29838.8671875
21.34980498865809,29838.8671875
21.35080498865809,29838.8671875
21.35180498865809,29838.8671875
21.352804988658086,29838.8671875
21.353804988658087,29838.8671875
21.35480498865809,29838.8671875
21.355804988658086,29838.8671875
21.356804988658084,29838.8671875
21.357804988658085,29838.8671875
21.358804988658086,29838.8671875
21.359804988658084,29838.8671875
21.36080498865808,29838.8671875
21.361804988658083,29838.8671875
21.362804988658084,29838.8671875
21.36380498865808,29838.8671875
21.36480498865808,29838.8671875
21.36580498865808,29838.8671875
21.36680498865808,29838.8671875
21.36780498865808,29838.8671875
21.368804988658077,29838.8671875
21.36980498865808,29838.8671875
21.37080498865808,29838.8671875
21.371804988658077,29838.8671875
21.372804988658075,29838.8671875
21.373804988658076,29838.8671875
21.374804988658077,29838.8671875
21.375804988658075,29838.8671875
21.376804988658073,29838.8671875
21.377804988658074,29838.8671875
21.378804988658075,29838.8671875
21.379804988658073,29838.8671875
21.38080498865807,29838.8671875
21.38180498865807,29838.8671875
21.382804988658073,29838.8671875
21.38380498865807,29838.8671875
21.38480498865807,29838.8671875
21.38580498865807,29838.8671875
21.38680498865807,29838.8671875
21.38780498865807,29838.8671875
21.388804988658066,29838.8671875
21.389804988658067,29838.8671875
21.39080498865807,29838.8671875
21.391804988658066,29838.8671875
21.392804988658064,29838.8671875
21.393804988658065,29838.8671875
21.394804988658066,29838.8671875
21.395804988658064,29838.8671875
21.39680498865806,29838.8671875
21.397804988658063,29838.8671875
21.398804988658064,29838.8671875
21.39980498865806,29838.8671875
21.40080498865806,29838.8671875
21.40180498865806,29838.8671875
21.402804988658062,29838.8671875
21.40380498865806,29838.8671875
21.404804988658057,29838.8671875
21.40580498865806,29838.8671875
21.40680498865806,29838.8671875
21.407804988658057,29838.8671875
21.408804988658055,29838.8671875
21.409804988658056,29838.8671875
21.410804988658057,29838.8671875
21.411804988658055,29838.8671875
21.412804988658053,29838.8671875
21.413804988658054,29838.8671875
21.414804988658055,29838.8671875
21.415804988658053,29838.8671875
21.41680498865805,29838.8671875
21.41780498865805,29838.8671875
21.418804988658053,29838.8671875
21.41980498865805,29838.8671875
21.42080498865805,29838.8671875
21.42180498865805,29838.8671875
21.42280498865805,29838.8671875
21.42380498865805,29838.8671875
21.424804988658046,29838.8671875
21.425804988658047,29838.8671875
21.42680498865805,29838.8671875
21.427804988658046,29838.8671875
21.428804988658044,29838.8671875
21.429804988658045,29838.8671875
21.430804988658046,29838.8671875
21.431804988658044,29838.8671875
21.43280498865804,29838.8671875
21.433804988658043,29838.8671875
21.434804988658044,29838.8671875
21.43580498865804,29838.8671875
21.43680498865804,29838.8671875
21.43780498865804,29838.8671875
21.438804988658042,29838.8671875
21.43980498865804,29838.8671875
21.440804988658037,29838.8671875
21.44180498865804,29838.8671875
21.44280498865804,29838.8671875
21.443804988658037,29838.8671875
21.444804988658035,29838.8671875
21.445804988658036,29838.8671875
21.446804988658037,29838.8671875
21.447804988658035,29838.8671875
21.448804988658033,29838.8671875
21.449804988658034,29838.8671875
21.450804988658035,29838.8671875
21.451804988658033,29838.8671875
21.45280498865803,29838.8671875
21.45380498865803,29838.8671875
21.454804988658033,29838.8671875
21.45580498865803,29838.8671875
21.45680498865803,29838.8671875
21.45780498865803,29838.8671875
21.45880498865803,29838.8671875
21.45980498865803,29838.8671875
21.460804988658026,29838.8671875
21.461804988658027,29838.8671875
21.46280498865803,29838.8671875
21.463804988658026,29838.8671875
21.464804988658024,29838.8671875
21.465804988658025,29838.8671875
21.466804988658026,29838.8671875
21.467804988658024,29838.8671875
21.46880498865802,29838.8671875
21.469804988658023,29838.8671875
21.470804988658024,29838.8671875
21.471804988658022,29838.8671875
21.47280498865802,29838.8671875
21.47380498865802,29838.8671875
21.474804988658022,29838.8671875
21.47580498865802,29838.8671875
21.476804988658017,29838.8671875
21.47780498865802,29838.8671875
21.47880498865802,29838.8671875
21.479804988658017,29838.8671875
21.480804988658015,29838.8671875
21.481804988658016,29838.8671875
21.482804988658017,29838.8671875
21.483804988658015,29838.8671875
21.484804988658013,29838.8671875
21.485804988658014,29838.8671875
21.486804988658015,29838.8671875
21.487804988658013,29838.8671875
21.48880498865801,29838.8671875
21.489804988658012,29838.8671875
21.490804988658013,29838.8671875
21.49180498865801,29838.8671875
21.49280498865801,29838.8671875
21.49380498865801,29838.8671875
21.49480498865801,29838.8671875
21.49580498865801,29838.8671875
21.496804988658006,29838.8671875
21.497804988658007,29838.8671875
21.49880498865801,29838.8671875
21.499804988658006,29838.8671875
21.500804988658004,29838.8671875
21.501804988658005,29838.8671875
21.502804988658006,29838.8671875
21.503804988658004,29838.8671875
21.504804988658,29838.8671875
21.505804988658003,29838.8671875
21.506804988658004,29838.8671875
21.507804988658002,29838.8671875
21.508804988658,29838.8671875
21.509804988658,29838.8671875
21.510804988658002,29838.8671875
21.511804988658,29838.8671875
21.512804988657997,29838.8671875
21.513804988658,29838.8671875
21.514804988658,29838.8671875
21.515804988657997,29838.8671875
21.516804988657995,29838.8671875
21.517804988657996,29838.8671875
21.518804988657998,29838.8671875
21.519804988657995,29838.8671875
21.520804988657993,29838.8671875
21.521804988657994,29838.8671875
21.522804988657995,29838.8671875
21.523804988657993,29838.8671875
21.52480498865799,29838.8671875
21.525804988657992,29838.8671875
21.526804988657993,29838.8671875
21.52780498865799,29838.8671875
21.52880498865799,29838.8671875
21.52980498865799,29838.8671875
21.53080498865799,29838.8671875
21.53180498865799,29838.8671875
21.532804988657986,29838.8671875
21.533804988657987,29838.8671875
21.53480498865799,29838.8671875
21.535804988657986,29838.8671875
21.536804988657984,29838.8671875
21.537804988657985,29838.8671875
21.538804988657986,29838.8671875
21.539804988657984,29838.8671875
21.54080498865798,29838.8671875
21.541804988657983,29838.8671875
21.542804988657984,29838.8671875
21.543804988657982,29838.8671875
21.54480498865798,29838.8671875
21.54580498865798,29838.8671875
21.546804988657982,29838.8671875
21.54780498865798,29838.8671875
21.548804988657977,29838.8671875
21.54980498865798,29838.8671875
21.55080498865798,29838.8671875
21.551804988657977,29838.8671875
21.552804988657975,29838.8671875
21.553804988657976,29838.8671875
21.554804988657978,29838.8671875
21.555804988657975,29838.8671875
21.556804988657973,29838.8671875
21.557804988657974,29838.8671875
21.558804988657975,29838.8671875
21.559804988657973,29838.8671875
21.56080498865797,29838.8671875
21.561804988657972,29838.8671875
21.562804988657973,29838.8671875
21.56380498865797,29838.8671875
21.56480498865797,29838.8671875
21.56580498865797,29838.8671875
21.56680498865797,29838.8671875
21.56780498865797,29838.8671875
21.568804988657966,29838.8671875
21.569804988657967,29838.8671875
21.57080498865797,29838.8671875
21.571804988657966,29838.8671875
21.572804988657964,29838.8671875
21.573804988657965,29838.8671875
21.574804988657966,29838.8671875
21.575804988657964,29838.8671875
21.576804988657962,29838.8671875
21.577804988657963,29838.8671875
21.578804988657964,29838.8671875
21.579804988657962,29838.8671875
21.58080498865796,29838.8671875
21.58180498865796,29838.8671875
21.582804988657962,29838.8671875
21.58380498865796,29838.8671875
21.584804988657957,29838.8671875
21.58580498865796,29838.8671875
21.58680498865796,29838.8671875
21.587804988657957,29838.8671875
21.588804988657955,29838.8671875
21.589804988657956,29838.8671875
21.590804988657958,29838.8671875
21.591804988657955,29838.8671875
21.592804988657953,29838.8671875
21.593804988657954,29838.8671875
21.594804988657955,29838.878102302366
21.595804988657953,29838.922262191587
21.59680498865795,29838.966422080808
21.597804988657952,29839.01058197003
21.598804988657953,29839.05474185925
21.59980498865795,29839.09890174847
21.60080498865795,29839.143061637693
21.60180498865795,29839.187221526914
21.60280498865795,29839.231381416135
21.60380498865795,29839.275541305356
21.604804988657946,29839.319701194578
21.605804988657948,29839.3638610838
21.60680498865795,29839.40802097302
21.607804988657946,29839.45218086224
21.608804988657944,29839.496340751462
21.609804988657945,29839.540500640684
21.610804988657947,29839.584660529905
21.611804988657944,29839.628820419126
21.612804988657942,29839.672980308347
21.613804988657943,29839.71714019757
21.614804988657944,29839.76130008679
21.615804988657942,29839.80545997601
21.61680498865794,29839.849619865232
21.61780498865794,29839.893779754453
21.618804988657942,29839.937939643674
21.61980498865794,29839.982099532896
21.620804988657937,29840.026259422117
21.62180498865794,29840.070419311338
21.62280498865794,29840.11457920056
21.623804988657938,29840.15873908978
21.624804988657935,29840.202898979
21.625804988657936,29840.247058868223
21.626804988657938,29840.291218757444
21.627804988657935,29840.335378646665
21.628804988657933,29840.379538535886
21.629804988657934,29840.423698425107
21.630804988657935,29840.46785831433
21.631804988657933,29840.51201820355
21.63280498865793,29840.55617809277
21.633804988657932,29840.600337981992
21.634804988657933,29840.644497871213
21.63580498865793,29840.688657760435
21.63680498865793,29840.732817649656
21.63780498865793,29840.776977538877
21.63880498865793,29840.821137428098
21.63980498865793,29840.86529731732
21.640804988657926,29840.90945720654
21.641804988657928,29840.95361709576
21.64280498865793,29840.997776984983
21.643804988657926,29841.041936874204
21.644804988657924,29841.086096763425
21.645804988657925,29841.130256652646
21.646804988657927,29841.174416541868
21.647804988657924,29841.21857643109
21.648804988657922,29841.26273632031
21.649804988657923,29841.30689620953
21.650804988657924,29841.351056098752
21.651804988657922,29841.395215987974
21.65280498865792,29841.439375877195
21.65380498865792,29841.483535766416
21.654804988657922,29841.527695655637
21.65580498865792,29841.57185554486
21.656804988657917,29841.61601543408
21.65780498865792,29841.6601753233
21.65880498865792,29841.704335212522
21.659804988657918,29841.748495101743
21.660804988657915,29841.792654990964
21.661804988657916,29841.836814880186
21.662804988657918,29841.880974769407
21.663804988657915,29841.925134658628
21.664804988657913,29841.96929454785
21.665804988657914,29842.01345443707
21.666804988657915,29842.05761432629
21.667804988657913,29842.101774215513
21.66880498865791,29842.145934104734
21.669804988657912,29842.190093993955
21.670804988657913,29842.234253883176
21.67180498865791,29842.278413772397
21.67280498865791,29842.32257366162
21.67380498865791,29842.36673355084
21.67480498865791,29842.41089344006
21.67580498865791,29842.455053329282
21.676804988657906,29842.499213218503
21.677804988657908,29842.543373107725
21.67880498865791,29842.587532996946
21.679804988657907,29842.631692886167
21.680804988657904,29842.67585277539
21.681804988657905,29842.72001266461
21.682804988657907,29842.76417255383
21.683804988657904,29842.80833244305
21.684804988657902,29842.852492332273
21.685804988657903,29842.896652221494
21.686804988657904,29842.940812110715
21.687804988657902,29842.984971999937
21.6888049886579,29843.029131889158
21.6898049886579,29843.07329177838
21.690804988657902,29843.1174516676
21.6918049886579,29843.16161155682
21.692804988657898,29843.205771446042
21.6938049886579,29843.249931335264
21.6948049886579,29843.294091224485
21.695804988657898,29843.338251113706
21.696804988657895,29843.382411002927
21.697804988657897,29843.42657089215
21.698804988657898,29843.47073078137
21.699804988657895,29843.51489067059
21.700804988657893,29843.559050559812
21.701804988657894,29843.603210449033
21.702804988657896,29843.647370338254
21.703804988657893,29843.691530227476
21.70480498865789,29843.735690116697
21.705804988657892,29843.779850005918
21.706804988657893,29843.82400989514
21.70780498865789,29843.86816978436
21.70880498865789,29843.912329673578
21.70980498865789,29843.956489562803
21.71080498865789,29844.000649452024
21.71180498865789,29844.04480934124
21.712804988657886,29844.088969230463
21.713804988657888,29844.133129119684
21.71480498865789,29844.177289008905
21.715804988657887,29844.221448898126
21.716804988657884,29844.265608787347
21.717804988657885,29844.30976867657
21.718804988657887,29844.35392856579
21.719804988657884,29844.39808845501
21.720804988657882,29844.442248344232
21.721804988657883,29844.486408233453
21.722804988657884,29844.530568122675
21.723804988657882,29844.574728011896
21.72480498865788,29844.618887901117
21.72580498865788,29844.663047790338
21.726804988657882,29844.70720767956
21.72780498865788,29844.75136756878
21.728804988657878,29844.795527458
21.72980498865788,29844.839687347223
21.73080498865788,29844.883847236444
21.731804988657878,29844.928007125665
21.732804988657875,29844.972167014887
21.733804988657877,29845.016326904108
21.734804988657878,29845.01953125
21.735804988657875,29845.01953125
21.736804988657873,29845.01953125
21.737804988657874,29845.01953125
21.738804988657876,29845.01953125
21.739804988657873,29845.01953125
21.74080498865787,29845.01953125
21.741804988657872,29845.01953125
21.742804988657873,29845.01953125
21.74380498865787,29845.01953125
21.74480498865787,29845.01953125
21.74580498865787,29845.01953125
21.74680498865787,29845.01953125
21.74780498865787,29845.01953125
21.748804988657866,29845.01953125
21.749804988657868,29845.01953125
21.75080498865787,29845.01953125
21.751804988657867,29845.01953125
21.752804988657864,29845.01953125
21.753804988657865,29845.01953125
21.754804988657867,29845.01953125
21.755804988657864,29845.01953125
21.756804988657862,29845.01953125
21.757804988657863,29845.01953125
21.758804988657864,29845.01953125
21.759804988657862,29845.01953125
21.76080498865786,29845.01953125
21.76180498865786,29845.01953125
21.762804988657862,29845.01953125
21.76380498865786,29845.01953125
21.764804988657858,29845.01953125
21.76580498865786,29845.01953125
21.76680498865786,29845.01953125
21.767804988657858,29845.01953125
21.768804988657855,29845.01953125
21.769804988657857,29845.01953125
21.770804988657858,29845.01953125
21.771804988657856,29845.01953125
21.772804988657853,29845.01953125
21.773804988657854,29845.01953125
21.774804988657856,29845.01953125
21.775804988657853,29845.01953125
21.77680498865785,29845.01953125
21.777804988657852,29845.01953125
21.778804988657853,29845.01953125
21.77980498865785,29845.01953125
21.78080498865785,29844.998002052496
21.78180498865785,29844.953842163275
21.78280498865785,29844.909682274054
21.78380498865785,29844.865522384833
21.784804988657847,29844.82136249561
21.785804988657848,29844.77720260639
21.78680498865785,29844.73304271717
21.787804988657847,29844.688882827948
21.788804988657844,29844.644722938727
21.789804988657846,29844.600563049506
21.790804988657847,29844.556403160284
21.791804988657844,29844.512243271063
21.792804988657842,29844.468083381842
21.793804988657843,29844.42392349262
21.794804988657845,29844.3797636034
21.795804988657842,29844.33560371418
21.79680498865784,29844.291443824957
21.79780498865784,29844.247283935736
21.798804988657842,29844.203124046515
21.79980498865784,29844.158964157294
21.800804988657838,29844.114804268072
21.80180498865784,29844.07064437885
21.80280498865784,29844.02648448963
21.803804988657838,29843.98232460041
21.804804988657835,29843.938164711188
21.805804988657837,29843.894004821967
21.806804988657838,29843.849844932745
21.807804988657836,29843.805685043524
21.808804988657833,29843.761525154303
21.809804988657834,29843.71736526508
21.810804988657836,29843.67320537586
21.811804988657833,29843.62904548664
21.81280498865783,29843.584885597418
21.813804988657832,29843.540725708197
21.814804988657833,29843.496565818976
21.81580498865783,29843.452405929755
21.81680498865783,29843.408246040533
21.81780498865783,29843.364086151312
21.81880498865783,29843.31992626209
21.81980498865783,29843.27576637287
21.820804988657827,29843.23160648365
21.821804988657828,29843.187446594427
21.82280498865783,29843.143286705206
21.823804988657827,29843.099126815985
21.824804988657824,29843.054966926764
21.825804988657826,29843.010807037543
21.826804988657827,29842.964544296643
21.827804988657824,29842.876224518204
21.828804988657822,29842.787904739762
21.829804988657823,29842.69958496132
21.830804988657825,29842.611265182877
21.831804988657822,29842.522945404435
21.83280498865782,29842.434625625992
21.83380498865782,29842.34630584755
21.834804988657822,29842.257986069108
21.83580498865782,29842.169666290665
21.836804988657818,29842.081346512223
21.83780498865782,29841.99302673378
21.83880498865782,29841.904706955338
21.839804988657818,29841.816387176896
21.840804988657815,29841.728067398453
21.841804988657817,29841.63974762001
21.842804988657818,29841.55142784157
21.843804988657816,29841.463108063126
21.844804988657813,29841.374788284684
21.845804988657815,29841.28646850624
21.846804988657816,29841.1981487278
21.847804988657813,29841.109828949357
21.84880498865781,29841.021509170914
21.849804988657812,29840.933189392472
21.850804988657814,29840.84486961403
21.85180498865781,29840.756549835587
21.85280498865781,29840.668230057145
21.85380498865781,29840.579910278702
21.85480498865781,29840.49159050026
21.85580498865781,29840.403270721818
21.856804988657807,29840.314950943375
21.857804988657808,29840.226631164933
21.85880498865781,29840.13831138649
21.859804988657807,29840.049991608048
21.860804988657804,29839.961671829606
21.861804988657806,29839.873352051163
21.862804988657807,29839.78503227272
21.863804988657805,29839.69671249428
21.864804988657802,29839.608392715836
21.865804988657803,29839.520072937394
21.866804988657805,29839.43175315895
21.867804988657802,29839.34343338051
21.8688049886578,29839.255113602067
21.8698049886578,29839.166793823624
21.870804988657802,29839.07847404518
21.8718049886578,29838.99015426674
21.872804988657798,29838.901834488297
21.8738049886578,29838.84035110493
21.8748049886578,29838.796191215708
21.875804988657798,29838.752031326487
21.876804988657796,29838.707871437266
21.877804988657797,29838.663711548044
21.878804988657798,29838.619551658823
21.879804988657796,29838.575391769602
21.880804988657793,29838.53123188038
21.881804988657795,29838.48707199116
21.882804988657796,29838.44291210194
21.883804988657793,29838.398752212717
21.88480498865779,29838.354592323496
21.885804988657792,29838.310432434275
21.886804988657794,29838.266272545054
21.88780498865779,29838.222112655832
21.88880498865779,29838.17795276661
21.88980498865779,29838.13379287739
21.89080498865779,29838.08963298817
21.89180498865779,29838.045473098948
21.892804988657787,29838.001313209727
21.893804988657788,29837.957153320505
21.89480498865779,29837.912993431284
21.895804988657787,29837.868833542063
21.896804988657784,29837.82467365284
21.897804988657786,29837.78051376362
21.898804988657787,29837.7363538744
21.899804988657785,29837.692193985178
21.900804988657782,29837.648034095957
21.901804988657783,29837.603874206736
21.902804988657785,29837.559714317515
21.903804988657782,29837.515554428293
21.90480498865778,29837.471394539072
21.90580498865778,29837.42723464985
21.906804988657782,29837.38307476063
21.90780498865778,29837.33891487141
21.908804988657778,29837.294754982187
21.90980498865778,29837.250595092966
21.91080498865778,29837.206435203745
21.911804988657778,29837.162275314524
21.912804988657776,29837.118115425303
21.913804988657777,29837.07395553608
21.914804988657778,29837.02979564686
21.915804988657776,29836.98563575764
21.916804988657773,29836.941475868418
21.917804988657775,29836.897315979197
21.918804988657776,29836.853156089976
21.919804988657773,29836.80158615151
21.92080498865777,29836.713266373066
21.921804988657772,29836.624946594624
21.922804988657774,29836.53662681618
21.92380498865777,29836.44830703774
21.92480498865777,29836.359987259297
21.92580498865777,29836.271667480854
21.92680498865777,29836.183347702412
21.92780498865777,29836.09502792397
21.928804988657767,29836.006708145527
21.929804988657768,29835.918388367085
21.93080498865777,29835.830068588642
21.931804988657767,29835.7417488102
21.932804988657765,29835.653429031758
21.933804988657766,29835.565109253315
21.934804988657767,29835.476789474873
21.935804988657765,29835.38846969643
21.936804988657762,29835.300149917988
21.937804988657764,29835.211830139546
21.938804988657765,29835.123510361103
21.939804988657762,29835.03519058266
21.94080498865776,29834.94687080422
21.94180498865776,29834.858551025776
21.942804988657763,29834.770231247334
21.94380498865776,29834.68191146889
21.944804988657758,29834.59359169045
21.94580498865776,29834.505271912007
21.94680498865776,29834.416952133564
21.947804988657758,29834.328632355122
21.948804988657756,29834.24031257668
21.949804988657757,29834.151992798237
21.950804988657758,29834.063673019795
21.951804988657756,29833.975353241352
21.952804988657753,29833.88703346291
21.953804988657755,29833.798713684468
21.954804988657756,29833.710393906025
21.955804988657754,29833.622074127583
21.95680498865775,29833.53375434914
21.957804988657752,29833.445434570698
21.958804988657754,29833.357114792256
21.95980498865775,29833.268795013813
21.96080498865775,29833.18047523537
21.96180498865775,29833.09215545693
21.96280498865775,29833.003835678486
21.96380498865775,29832.915515900044
21.964804988657747,29832.8271961216
21.965804988657748,29832.73887634316
21.96680498865775,29832.650556564717
21.967804988657747,29832.562236786274
21.968804988657745,29832.473917007832
21.969804988657746,29832.38559722939
21.970804988657747,29832.297277450947
21.971804988657745,29832.208957672505
21.972804988657742,29832.120637894066
21.973804988657744,29832.032318115624
21.974804988657745,29831.943998337178
21.975804988657742,29831.85567855874
21.97680498865774,29831.767358780296
21.97780498865774,29831.679039001854
21.978804988657743,29831.59071922341
21.97980498865774,29831.50239944497
21.980804988657738,29831.414079666527
21.98180498865774,29831.325759888085
21.98280498865774,29831.237440109642
21.983804988657738,29831.1491203312
21.984804988657736,29831.060800552757
21.985804988657737,29830.972480774315
21.986804988657738,29830.884160995873
21.987804988657736,29830.79584121743
21.988804988657733,29830.707521438988
21.989804988657735,29830.619201660546
21.990804988657736,29830.530881882103
21.991804988657734,29830.44256210366
21.99280498865773,29830.35424232522
21.993804988657732,29830.265922546776
21.994804988657734,29830.177602768334
21.99580498865773,29830.08928298989
21.99680498865773,29830.00096321145
21.99780498865773,29829.912643433006
21.99880498865773,29829.824323654564
21.99980498865773,29829.73600387612
22.000804988657727,29829.64768409768
22.001804988657728,29829.559364319237
22.00280498865773,29829.471044540795
22.003804988657727,29829.382724762352
22.004804988657725,29829.29440498391
22.005804988657726,29829.206085205467
22.006804988657727,29829.117765427025
22.007804988657725,29829.029445648583
22.008804988657722,29828.94112587014
22.009804988657724,29828.852806091698
22.010804988657725,29828.764486313255
22.011804988657723,29828.676166534813
22.01280498865772,29828.58784675637
22.01380498865772,29828.49952697793
22.014804988657723,29828.411207199486
22.01580498865772,29828.322887421044
22.016804988657718,29828.2345676426
22.01780498865772,29828.14624786416
22.01880498865772,29828.057928085716
22.019804988657718,29827.969608307274
22.020804988657716,29827.88128852883
22.021804988657717,29827.79296875039
22.022804988657718,29827.704648971947
22.023804988657716,29827.616329193504
22.024804988657714,29827.528009415062
22.025804988657715,29827.43968963662
22.026804988657716,29827.351369858177
22.027804988657714,29827.263050079735
22.02880498865771,29827.174730301293
22.029804988657713,29827.08641052285
22.030804988657714,29826.998090744408
22.03180498865771,29826.909770965965
22.03280498865771,29826.821451187523
22.03380498865771,29826.73313140908
22.03480498865771,29826.64481163064
22.03580498865771,29826.556491852196
22.036804988657707,29826.468172073754
22.037804988657708,29826.37985229531
22.03880498865771,29826.29153251687
22.039804988657707,29826.203212738426
22.040804988657705,29826.114892959984
22.041804988657706,29826.02657318154
22.042804988657707,29825.9382534031
22.043804988657705,29825.849933624657
22.044804988657702,29825.761613846218
22.045804988657704,29825.673294067776
22.046804988657705,29825.58497428933
22.047804988657703,29825.49665451089
22.0488049886577,29825.40833473245
22.0498049886577,29825.320014954006
22.050804988657703,29825.231695175564
22.0518049886577,29825.14337539712
22.052804988657698,29825.05505561868
22.0538049886577,29824.966735840237
22.0548049886577,29824.878416061794
22.055804988657698,29824.790096283352
22.056804988657696,29824.70177650491
22.057804988657697,29824.613456726467
22.0588049886577,29824.525136948025
22.059804988657696,29824.436817169582
22.060804988657694,29824.34849739114
22.061804988657695,29824.260177612698
22.062804988657696,29824.171857834255
22.063804988657694,29824.083538055813
22.06480498865769,29823.99521827737
22.065804988657693,29823.906898498928
22.066804988657694,29823.818578720486
22.06780498865769,29823.730258942043
22.06880498865769,29823.6419391636
22.06980498865769,29823.55361938516
22.07080498865769,29823.465299606716
22.07180498865769,29823.376979828274
22.072804988657687,29823.28866004983
22.073804988657688,29823.20034027139
22.07480498865769,29823.112020492947
22.075804988657687,29823.023700714504
22.076804988657685,29822.935380936062
22.077804988657686,29822.84706115762
22.078804988657687,29822.758741379177
22.079804988657685,29822.670421600735
22.080804988657682,29822.582101822292
22.081804988657684,29822.49378204385
22.082804988657685,29822.405462265408
22.083804988657683,29822.317142486965
22.08480498865768,29822.228822708523
22.08580498865768,29822.14050293008
22.086804988657683,29822.052183151638
22.08780498865768,29821.963863373196
22.088804988657678,29821.875543594753
22.08980498865768,29821.78722381631
22.09080498865768,29821.69890403787
22.091804988657678,29821.610584259426
22.092804988657676,29821.522264480984
22.093804988657677,29821.43394470254
22.09480498865768,29821.3456249241
22.095804988657676,29821.257305145657
22.096804988657674,29821.168985367214
22.097804988657675,29821.08066558877
22.098804988657676,29820.99234581033
22.099804988657674,29820.904026031887
22.10080498865767,29820.815706253445
22.101804988657673,29820.727386475002
22.102804988657674,29820.63906669656
22.10380498865767,29820.550746918118
22.10480498865767,29820.462427139675
22.10580498865767,29820.374107361233
22.10680498865767,29820.28578758279
22.10780498865767,29820.197467804348
22.108804988657667,29820.109148025906
22.109804988657668,29820.020828247463
22.11080498865767,29819.93250846902
22.111804988657667,29819.84418869058
22.112804988657665,29819.755868912136
22.113804988657666,29819.667549133694
22.114804988657667,29819.57922935525
22.115804988657665,29819.49090957681
22.116804988657663,29819.40258979837
22.117804988657664,29819.314270019924
22.118804988657665,29819.22595024148
22.119804988657663,29819.137630463043
22.12080498865766,29819.0493106846
22.12180498865766,29818.96099090616
22.122804988657663,29818.872671127716
22.12380498865766,29818.784351349273
22.124804988657658,29818.69603157083
22.12580498865766,29818.60771179239
22.12680498865766,29818.519392013946
22.127804988657658,29818.431072235504
22.128804988657656,29818.34275245706
22.129804988657657,29818.25443267862
22.13080498865766,29818.166112900177
22.131804988657656,29818.077793121734
22.132804988657654,29817.989473343292
22.133804988657655,29817.90115356485
22.134804988657656,29817.812833786407
22.135804988657654,29817.724514007965
22.13680498865765,29817.636194229523
22.137804988657653,29817.54787445108
22.138804988657654,29817.459554672638
22.13980498865765,29817.371234894195
22.14080498865765,29817.282915115753
22.14180498865765,29817.19459533731
22.14280498865765,29817.10627555887
22.14380498865765,29817.017955780426
22.144804988657647,29816.929636001983
22.14580498865765,29816.84131622354
22.14680498865765,29816.7529964451
22.147804988657647,29816.664676666656
22.148804988657645,29816.576356888214
22.149804988657646,29816.48803710977
22.150804988657647,29816.39971733133
22.151804988657645,29816.311397552887
22.152804988657643,29816.223077774444
22.153804988657644,29816.134757996002
22.154804988657645,29816.04643821756
22.155804988657643,29815.958118439117
22.15680498865764,29815.869798660675
22.15780498865764,29815.781478882232
22.158804988657643,29815.69315910379
22.15980498865764,29815.604839325348
22.160804988657638,29815.516519546905
22.16180498865764,29815.428199768463
22.16280498865764,29815.33987999002
22.16380498865764,29815.251560211578
22.164804988657636,29815.163240433136
22.165804988657637,29815.074920654693
22.16680498865764,29814.98660087625
22.167804988657636,29814.89828109781
22.168804988657634,29814.809961319366
22.169804988657635,29814.721641540924
22.170804988657636,29814.63332176248
22.171804988657634,29814.54500198404
22.17280498865763,29814.456682205597
22.173804988657633,29814.368362427154
22.174804988657634,29814.280042648712
22.17580498865763,29814.19172287027
22.17680498865763,29814.103403091827
22.17780498865763,29814.015083313385
22.17880498865763,29813.926763534942
22.17980498865763,29813.8384437565
22.180804988657627,29813.750123978058
22.18180498865763,29813.661804199615
22.18280498865763,29813.573484421173
22.183804988657627,29813.48516464273
22.184804988657625,29813.396844864288
22.185804988657626,29813.308525085846
22.186804988657627,29813.220205307403
22.187804988657625,29813.13188552896
22.188804988657623,29813.04356575052
22.189804988657624,29812.955245972076
22.190804988657625,29812.866926193634
22.191804988657623,29812.77860641519
22.19280498865762,29812.690286636753
22.19380498865762,29812.601966858307
22.194804988657623,29812.513647079864
22.19580498865762,29812.425327301426
22.196804988657618,29812.337007522983
22.19780498865762,29812.24868774454
22.19880498865762,29812.18369960805
22.19980498865762,29812.139539718828
22.200804988657616,29812.095379829607
22.201804988657617,29812.051219940386
22.20280498865762,29812.007060051164
22.203804988657616,29811.962900161943
22.204804988657614,29811.918740272722
22.205804988657615,29811.8745803835
22.206804988657616,29811.83042049428
22.207804988657614,29811.78626060506
22.20880498865761,29811.742100715837
22.209804988657613,29811.697940826616
22.210804988657614,29811.653780937395
22.21180498865761,29811.609621048174
22.21280498865761,29811.565461158953
22.21380498865761,29811.52130126973
22.21480498865761,29811.47714138051
22.21580498865761,29811.43298149129
22.216804988657607,29811.388821602068
22.21780498865761,29811.344661712847
22.21880498865761,29811.300501823625
22.219804988657607,29811.256341934404
22.220804988657605,29811.212182045183
22.221804988657606,29811.16802215596
22.222804988657607,29811.12386226674
22.223804988657605,29811.07970237752
22.224804988657603,29811.0355424883
22.225804988657604,29810.991382599077
22.226804988657605,29810.947222709856
22.227804988657603,29810.903062820635
22.2288049886576,29810.858902931413
22.2298049886576,29810.814743042192
22.230804988657603,29810.77058315297
22.2318049886576,29810.72642326375
22.2328049886576,29810.68226337453
22.2338049886576,29810.638103485308
22.2348049886576,29810.593943596086
22.2358049886576,29810.549783706865
22.236804988657596,29810.505623817644
22.237804988657597,29810.461463928423
22.2388049886576,29810.4173040392
22.239804988657596,29810.37314414998
22.240804988657594,29810.32898426076
22.241804988657595,29810.284824371538
22.242804988657596,29810.240664482317
22.243804988657594,29810.196504593096
22.24480498865759,29810.15625
22.245804988657593,29810.15625
22.246804988657594,29810.15625
22.24780498865759,29810.15625
22.24880498865759,29810.15625
22.24980498865759,29810.15625
22.250804988657592,29810.15625
22.25180498865759,29810.15625
22.252804988657587,29810.15625
22.25380498865759,29810.15625
22.25480498865759,29810.15625
22.255804988657587,29810.15625
22.256804988657585,29810.15625
22.257804988657586,29810.15625
22.258804988657587,29810.15625
22.259804988657585,29810.15625
22.260804988657583,29810.15625
22.261804988657584,29810.15625
22.262804988657585,29810.15625
22.263804988657583,29810.15625
22.26480498865758,29810.15625
22.26580498865758,29810.15625
22.266804988657583,29810.15625
22.26780498865758,29810.15625
22.26880498865758,29810.15625
22.26980498865758,29810.15625
22.27080498865758,29810.15625
22.27180498865758,29810.15625
22.272804988657576,29810.15625
22.273804988657577,29810.15625
22.27480498865758,29810.15625
22.275804988657576,29810.15625
22.276804988657574,29810.15625
22.277804988657575,29810.15625
22.278804988657576,29810.15625
22.279804988657574,29810.15625
22.28080498865757,29810.15625
22.281804988657573,29810.15625
22.282804988657574,29810.15625
22.28380498865757,29810.15625
22.28480498865757,29810.15625
22.28580498865757,29810.15625
22.286804988657572,29810.15625
22.28780498865757,29810.15625
22.288804988657567,29810.15625
22.28980498865757,29810.15625
22.29080498865757,29810.15625
22.291804988657567,29810.12761116048
22.292804988657565,29810.083451271257
22.293804988657566,29810.039291382036
22.294804988657567,29809.995131492815
22.295804988657565,29809.950971603594
22.296804988657563,29809.906811714372
22.297804988657564,29809.86265182515
22.298804988657565,29809.81849193593
22.299804988657563,29809.77433204671
22.30080498865756,29809.730172157488
22.301804988657562,29809.686012268266
22.302804988657563,29809.641852379045
22.30380498865756,29809.597692489824
22.30480498865756,29809.553532600603
22.30580498865756,29809.50937271138
22.30680498865756,29809.46521282216
22.30780498865756,29809.42105293294
22.308804988657556,29809.37689304372
22.309804988657557,29809.3327331545
22.31080498865756,29809.288573265276
22.311804988657556,29809.24441337606
22.312804988657554,29809.200253486837
22.313804988657555,29809.156093597616
22.314804988657556,29809.111933708395
22.315804988657554,29809.067773819173
22.31680498865755,29809.023613929952
22.317804988657553,29808.97945404073
22.318804988657554,29808.93529415151
22.319804988657552,29808.89113426229
22.32080498865755,29808.846974373067
22.32180498865755,29808.802814483846
22.322804988657552,29808.758654594625
22.32380498865755,29808.714494705404
22.324804988657547,29808.670334816183
22.32580498865755,29808.62617492696
22.32680498865755,29808.58201503774
22.327804988657547,29808.53785514852
22.328804988657545,29808.493695259298
22.329804988657546,29808.449535370077
22.330804988657547,29808.405375480856
22.331804988657545,29808.361215591634
22.332804988657543,29808.317055702413
22.333804988657544,29808.272895813192
22.334804988657545,29808.22873592397
22.335804988657543,29808.18457603475
22.33680498865754,29808.14041614553
22.337804988657542,29808.10546875
22.338804988657543,29808.10546875
22.33980498865754,29808.10546875
22.34080498865754,29808.10546875
22.34180498865754,29808.10546875
22.34280498865754,29808.10546875
22.34380498865754,29808.10546875
22.344804988657536,29808.10546875
22.345804988657537,29808.10546875
22.34680498865754,29808.10546875
22.347804988657536,29808.10546875
22.348804988657534,29808.10546875
22.349804988657535,29808.10546875
22.350804988657536,29808.10546875
22.351804988657534,29808.10546875
22.35280498865753,29808.10546875
22.353804988657533,29808.10546875
22.354804988657534,29808.10546875
22.355804988657532,29808.10546875
22.35680498865753,29808.10546875
22.35780498865753,29808.10546875
22.358804988657532,29808.10546875
22.35980498865753,29808.10546875
22.360804988657527,29808.10546875
22.36180498865753,29808.10546875
22.36280498865753,29808.10546875
22.363804988657527,29808.10546875
22.364804988657525,29808.10546875
22.365804988657526,29808.10546875
22.366804988657528,29808.10546875
22.367804988657525,29808.10546875
22.368804988657523,29808.10546875
22.369804988657524,29808.10546875
22.370804988657525,29808.10546875
22.371804988657523,29808.10546875
22.37280498865752,29808.10546875
22.373804988657522,29808.10546875
22.374804988657523,29808.10546875
22.37580498865752,29808.10546875
22.37680498865752,29808.10546875
22.37780498865752,29808.10546875
22.37880498865752,29808.10546875
22.37980498865752,29808.10546875
22.380804988657516,29808.10546875
22.381804988657517,29808.10546875
22.38280498865752,29808.10546875
22.383804988657516,29808.10546875
22.384804988657514,29808.13941478709
22.385804988657515,29808.18357467631
22.386804988657516,29808.22773456553
22.387804988657514,29808.271894454752
22.388804988657512,29808.316054343974
22.389804988657513,29808.360214233195
22.390804988657514,29808.404374122416
22.391804988657512,29808.448534011637
22.39280498865751,29808.49269390086
22.39380498865751,29808.53685379008
22.394804988657512,29808.5810136793
22.39580498865751,29808.625173568522
22.396804988657507,29808.669333457743
22.39780498865751,29808.713493346964
22.39880498865751,29808.757653236185
22.399804988657507,29808.801813125407
22.400804988657505,29808.845973014628
22.401804988657506,29808.89013290385
22.402804988657508,29808.93429279307
22.403804988657505,29808.97845268229
22.404804988657503,29809.022612571513
22.405804988657504,29809.066772460734
22.406804988657505,29809.110932349955
22.407804988657503,29809.155092239176
22.4088049886575,29809.199252128397
22.409804988657502,29809.24341201762
22.410804988657503,29809.28757190684
22.4118049886575,29809.33173179606
22.4128049886575,29809.375891685282
22.4138049886575,29809.420051574503
22.4148049886575,29809.464211463724
22.4158049886575,29809.508371352946
22.416804988657496,29809.552531242167
22.417804988657497,29809.596691131388
22.4188049886575,29809.64085102061
22.419804988657496,29809.68501090983
22.420804988657494,29809.72917079905
22.421804988657495,29809.773330688273
22.422804988657496,29809.817490577494
22.423804988657494,29809.861650466715
22.424804988657492,29809.905810355936
22.425804988657493,29809.949970245158
22.426804988657494,29809.99413013438
22.427804988657492,29810.0382900236
22.42880498865749,29810.08244991282
22.42980498865749,29810.126609802042
22.430804988657492,29810.170769691264
22.43180498865749,29810.214929580485
22.432804988657487,29810.259089469706
22.43380498865749,29810.303249358927
22.43480498865749,29810.34740924815
22.435804988657488,29810.39156913737
22.436804988657485,29810.43572902659
22.437804988657486,29810.479888915812
22.438804988657488,29810.524048805033
22.439804988657485,29810.568208694254
22.440804988657483,29810.612368583475
22.441804988657484,29810.656528472697
22.442804988657485,29810.700688361918
22.443804988657483,29810.74484825114
22.44480498865748,29810.78900814036
22.445804988657482,29810.83316802958
22.446804988657483,29810.877327918803
22.44780498865748,29810.921487808024
22.44880498865748,29810.965647697245
22.44980498865748,29811.009807586466
22.45080498865748,29811.053967475687
22.45180498865748,29811.09812736491
22.452804988657476,29811.142287254126
22.453804988657478,29811.18644714335
22.45480498865748,29811.230607032572
22.455804988657476,29811.27476692179
22.456804988657474,29811.31892681101
22.457804988657475,29811.363086700232
22.458804988657477,29811.407246589453
22.459804988657474,29811.451406478674
22.460804988657472,29811.495566367896
22.461804988657473,29811.539726257117
22.462804988657474,29811.583886146338
22.463804988657472,29811.62804603556
22.46480498865747,29811.67220592478
22.46580498865747,29811.716365814
22.466804988657472,29811.760525703223
22.46780498865747,29811.804685592444
22.468804988657467,29811.848845481665
22.46980498865747,29811.893005370886
22.47080498865747,29811.937165260108
22.471804988657468,29811.98132514933
22.472804988657465,29812.02548503855
22.473804988657466,29812.06964492777
22.474804988657468,29812.113804816992
22.475804988657465,29812.157964706214
22.476804988657463,29812.202124595435
22.477804988657464,29812.246284484656
22.478804988657465,29812.290444373877
22.479804988657463,29812.3346042631
22.48080498865746,29812.37876415232
22.481804988657462,29812.42292404154
22.482804988657463,29812.467083930762
22.48380498865746,29812.511243819983
22.48480498865746,29812.555403709204
22.48580498865746,29812.599563598425
22.48680498865746,29812.643723487647
22.48780498865746,29812.687883376868
22.488804988657456,29812.73204326609
22.489804988657458,29812.77620315531
22.49080498865746,29812.82036304453
22.491804988657456,29812.864522933753
22.492804988657454,29812.908682822974
22.493804988657455,29812.952842712195
22.494804988657457,29812.997002601416
22.495804988657454,29813.041162490637
22.496804988657452,29813.08532237986
22.497804988657453,29813.12948226908
22.498804988657454,29813.1736421583
22.499804988657452,29813.217802047522
22.50080498865745,29813.261961936743
22.50180498865745,29813.306121825965
22.502804988657452,29813.350281715186
22.50380498865745,29813.394441604407
22.504804988657447,29813.438601493628
22.50580498865745,29813.48276138285
22.50680498865745,29813.52692127207
22.507804988657448,29813.57108116129
22.508804988657445,29813.615241050513
22.509804988657447,29813.659400939734
22.510804988657448,29813.703560828955
22.511804988657445,29813.747720718176
22.512804988657443,29813.791880607398
22.513804988657444,29813.83604049662
22.514804988657446,29813.88020038584
22.515804988657443,29813.92436027506
22.51680498865744,29813.968520164282
22.517804988657442,29814.012680053504
22.518804988657443,29814.056839942725
22.51980498865744,29814.100999831946
22.52080498865744,29814.145159721167
22.52180498865744,29814.18931961039
22.52280498865744,29814.23347949961
22.52380498865744,29814.2578125
22.524804988657436,29814.2578125
22.525804988657438,29814.2578125
22.52680498865744,29814.2578125
22.527804988657437,29814.2578125
22.528804988657434,29814.2578125
22.529804988657435,29814.2578125
22.530804988657437,29814.2578125
22.531804988657434,29814.2578125
22.532804988657432,29814.2578125
22.533804988657433,29814.2578125
22.534804988657434,29814.2578125
22.535804988657432,29814.2578125
22.53680498865743,29814.2578125
22.53780498865743,29814.2578125
22.538804988657432,29814.2578125
22.53980498865743,29814.2578125
22.540804988657428,29814.2578125
22.54180498865743,29814.2578125
22.54280498865743,29814.2578125
22.543804988657428,29814.2578125
22.544804988657425,29814.2578125
22.545804988657427,29814.2578125
22.546804988657428,29814.2578125
22.547804988657425,29814.2578125
22.548804988657423,29814.2578125
22.549804988657424,29814.2578125
22.550804988657426,29814.2578125
22.551804988657423,29814.2578125
22.55280498865742,29814.2578125
22.553804988657422,29814.2578125
22.554804988657423,29814.2578125
22.55580498865742,29814.2578125
22.55680498865742,29814.2578125
22.55780498865742,29814.2578125
22.55880498865742,29814.2578125
22.55980498865742,29814.2578125
22.560804988657416,29814.2578125
22.561804988657418,29814.2578125
22.56280498865742,29814.2578125
22.563804988657417,29814.2578125
22.564804988657414,29814.2578125
22.565804988657415,29814.2578125
22.566804988657417,29814.2578125
22.567804988657414,29814.2578125
22.568804988657412,29814.2578125
22.569804988657413,29814.2578125
22.570804988657414,29814.2578125
22.571804988657412,29814.2578125
22.57280498865741,29814.2578125
22.57380498865741,29814.2578125
22.574804988657412,29814.2578125
22.57580498865741,29814.2578125
22.576804988657408,29814.2578125
22.57780498865741,29814.2578125
22.57880498865741,29814.2578125
22.579804988657408,29814.2578125
22.580804988657405,29814.2578125
22.581804988657407,29814.2578125
22.582804988657408,29814.2578125
22.583804988657405,29814.2578125
22.584804988657403,29814.2578125
22.585804988657404,29814.2578125
22.586804988657406,29814.2578125
22.587804988657403,29814.2578125
22.5888049886574,29814.2578125
22.589804988657402,29814.2578125
22.590804988657403,29814.2578125
22.5918049886574,29814.2578125
22.5928049886574,29814.2578125
22.5938049886574,29814.2578125
22.5948049886574,29814.2578125
22.5958049886574,29814.2578125
22.596804988657397,29814.2578125
22.597804988657398,29814.2578125
22.5988049886574,29814.2578125
22.599804988657397,29814.2578125
22.600804988657394,29814.2578125
22.601804988657396,29814.2578125
22.602804988657397,29814.2578125
22.603804988657394,29814.2578125
22.604804988657392,29814.2578125
22.605804988657393,29814.2578125
22.606804988657395,29814.2578125
22.607804988657392,29814.2578125
22.60880498865739,29814.2578125
22.60980498865739,29814.2578125
22.610804988657392,29814.2578125
22.61180498865739,29814.2578125
22.612804988657388,29814.2578125
22.61380498865739,29814.2578125
22.61480498865739,29814.2578125
22.615804988657388,29814.2578125
22.616804988657385,29814.2578125
22.617804988657387,29814.2578125
22.618804988657388,29814.2578125
22.619804988657386,29814.2578125
22.620804988657383,29814.2578125
22.621804988657384,29814.2578125
22.622804988657386,29814.2578125
22.623804988657383,29814.2578125
22.62480498865738,29814.2578125
22.625804988657382,29814.2578125
22.626804988657383,29814.2578125
22.62780498865738,29814.2578125
22.62880498865738,29814.2578125
22.62980498865738,29814.2578125
22.63080498865738,29814.2578125
22.63180498865738,29814.2578125
22.632804988657377,29814.2578125
22.633804988657378,29814.2578125
22.63480498865738,29814.2578125
22.635804988657377,29814.2578125
22.636804988657374,29814.2578125
22.637804988657376,29814.2578125
22.638804988657377,29814.2578125
22.639804988657374,29814.2578125
22.640804988657372,29814.2578125
22.641804988657373,29814.2578125
22.642804988657375,29814.2578125
22.643804988657372,29814.2578125
22.64480498865737,29814.2578125
22.64580498865737,29814.2578125
22.646804988657372,29814.2578125
22.64780498865737,29814.2578125
22.648804988657368,29814.2578125
22.64980498865737,29814.2578125
22.65080498865737,29814.2578125
22.651804988657368,29814.2578125
22.652804988657365,29814.2578125
22.653804988657367,29814.2578125
22.654804988657368,29814.2578125
22.655804988657366,29814.2578125
22.656804988657363,29814.2578125
22.657804988657364,29814.2578125
22.658804988657366,29814.2578125
22.659804988657363,29814.2578125
22.66080498865736,29814.2578125
22.661804988657362,29814.2578125
22.662804988657363,29814.2578125
22.66380498865736,29814.2578125
22.66480498865736,29814.2578125
22.66580498865736,29814.2578125
22.66680498865736,29814.2578125
22.66780498865736,29814.2578125
22.668804988657357,29814.2578125
22.669804988657358,29814.2578125
22.67080498865736,29814.2578125
22.671804988657357,29814.2578125
22.672804988657354,29814.2578125
22.673804988657356,29814.2578125
22.674804988657357,29814.2578125
22.675804988657354,29814.2578125
22.676804988657352,29814.2578125
22.677804988657353,29814.2578125
22.678804988657355,29814.2578125
22.679804988657352,29814.2578125
22.68080498865735,29814.2578125
22.68180498865735,29814.2578125
22.682804988657352,29814.2578125
22.68380498865735,29814.2578125
22.684804988657348,29814.2578125
22.68580498865735,29814.2578125
22.68680498865735,29814.2578125
22.687804988657348,29814.2578125
22.688804988657346,29814.2578125
22.689804988657347,29814.2578125
22.690804988657348,29814.2578125
22.691804988657346,29814.2578125
22.692804988657343,29814.2578125
22.693804988657345,29814.2578125
22.694804988657346,29814.2578125
22.695804988657343,29814.2578125
22.69680498865734,29814.2578125
22.697804988657342,29814.2578125
22.698804988657344,29814.2578125
22.69980498865734,29814.2578125
22.70080498865734,29814.2578125
22.70180498865734,29814.2578125
22.70280498865734,29814.2578125
22.70380498865734,29814.2578125
22.704804988657337,29814.2578125
22.705804988657338,29814.2578125
22.70680498865734,29814.2578125
22.707804988657337,29814.2578125
22.708804988657334,29814.2578125
22.709804988657336,29814.2578125
22.710804988657337,29814.2578125
22.711804988657335,29814.2578125
22.712804988657332,29814.2578125
22.713804988657333,29814.2578125
22.714804988657335,29814.2578125
22.715804988657332,29814.2578125
22.71680498865733,29814.2578125
22.71780498865733,29814.2578125
22.718804988657332,29814.2578125
22.71980498865733,29814.2578125
22.720804988657328,29814.2578125
22.72180498865733,29814.2578125
22.72280498865733,29814.2578125
22.723804988657328,29814.2578125
22.724804988657326,29814.2578125
22.725804988657327,29814.2578125
22.726804988657328,29814.2578125
22.727804988657326,29814.2578125
22.728804988657323,29814.2578125
22.729804988657325,29814.2578125
22.730804988657326,29814.2578125
22.731804988657323,29814.2578125
22.73280498865732,29814.2578125
22.733804988657322,29814.2578125
22.734804988657324,29814.2578125
22.73580498865732,29814.2578125
22.73680498865732,29814.2578125
22.73780498865732,29814.2578125
22.73880498865732,29814.2578125
22.73980498865732,29814.2578125
22.740804988657317,29814.2578125
22.741804988657318,29814.2578125
22.74280498865732,29814.2578125
22.743804988657317,29814.2578125
22.744804988657314,29814.2578125
22.745804988657316,29814.2578125
22.746804988657317,29814.2578125
22.747804988657315,29814.2578125
22.748804988657312,29814.2578125
22.749804988657313,29814.2578125
22.750804988657315,29814.2578125
22.751804988657312,29814.2578125
22.75280498865731,29814.2578125
22.75380498865731,29814.2578125
22.754804988657312,29814.2578125
22.75580498865731,29814.2578125
22.756804988657308,29814.2578125
22.75780498865731,29814.2578125
22.75880498865731,29814.2578125
22.759804988657308,29814.2578125
22.760804988657306,29814.2578125
22.761804988657307,29814.2578125
22.762804988657308,29814.2578125
22.763804988657306,29814.2578125
22.764804988657303,29814.2578125
22.765804988657305,29814.2578125
22.766804988657306,29814.2578125
22.767804988657304,29814.2578125
22.7688049886573,29814.2578125
22.769804988657302,29814.2578125
22.770804988657304,29814.2578125
22.7718049886573,29814.2578125
22.7728049886573,29814.2578125
22.7738049886573,29814.2578125
22.7748049886573,29814.2578125
22.7758049886573,29814.2578125
22.776804988657297,29814.2578125
22.777804988657298,29814.2578125
22.7788049886573,29814.2578125
22.779804988657297,29814.2578125
22.780804988657295,29814.2578125
22.781804988657296,29814.2578125
22.782804988657297,29814.2578125
22.783804988657295,29814.2578125
22.784804988657292,29814.2578125
22.785804988657294,29814.2578125
22.786804988657295,29814.2578125
22.787804988657292,29814.2578125
22.78880498865729,29814.2578125
22.78980498865729,29814.2578125
22.790804988657293,29814.2578125
22.79180498865729,29814.2578125
22.792804988657288,29814.2578125
22.79380498865729,29814.2578125
22.79480498865729,29814.2578125
22.795804988657288,29814.2578125
22.796804988657286,29814.2578125
22.797804988657287,29814.2578125
22.798804988657288,29814.2578125
22.799804988657286,29814.2578125
22.800804988657283,29814.2578125
22.801804988657285,29814.2578125
22.802804988657286,29814.079070092317
22.803804988657284,29813.85827064621
22.80480498865728,29813.637471200105
22.805804988657282,29813.416671754
22.806804988657284,29813.195872307893
22.80780498865728,29812.975072861787
22.80880498865728,29812.75427341568
22.80980498865728,29812.533473969575
22.81080498865728,29812.31267452347
22.81180498865728,29812.091875077364
22.812804988657277,29811.87107563126
22.813804988657278,29811.65027618515
22.81480498865728,29811.429476739046
22.815804988657277,29811.208677292943
22.816804988657275,29810.987877846837
22.817804988657276,29810.76707840073
22.818804988657277,29810.546278954625
22.819804988657275,29810.32547950852
22.820804988657272,29810.104680062414
22.821804988657274,29809.883880616308
22.822804988657275,29809.6630811702
22.823804988657272,29809.442281724096
22.82480498865727,29809.22148227799
22.82580498865727,29809.000682831884
22.826804988657273,29808.779883385778
22.82780498865727,29808.559083939672
22.828804988657268,29808.338284493566
22.82980498865727,29808.11748504746
22.83080498865727,29807.896685601354
22.831804988657268,29807.675886155248
22.832804988657266,29807.455086709142
22.833804988657267,29807.234287263036
22.834804988657268,29807.01348781693
22.835804988657266,29806.792688370824
22.836804988657263,29806.57188892472
22.837804988657265,29806.351089478612
22.838804988657266,29806.130290032506
22.839804988657264,29805.9094905864
22.84080498865726,29805.688691140298
22.841804988657262,29805.46789169419
22.842804988657264,29805.247092248082
22.84380498865726,29805.02629280198
22.84480498865726,29804.805493355874
22.84580498865726,29804.58469390977
22.84680498865726,29804.363894463662
22.84780498865726,29804.143095017556
22.848804988657257,29803.90597343574
22.849804988657258,29803.641014100413
22.85080498865726,29803.376054765085
22.851804988657257,29803.11109542976
22.852804988657255,29802.84613609443
22.853804988657256,29802.581176759104
22.854804988657257,29802.316217423777
22.855804988657255,29802.05125808845
22.856804988657252,29801.786298753123
22.857804988657254,29801.521339417795
22.858804988657255,29801.25638008247
22.859804988657253,29800.99142074714
22.86080498865725,29800.726461411814
22.86180498865725,29800.461502076487
22.862804988657253,29800.19654274116
22.86380498865725,29799.931583405832
22.864804988657248,29799.66662407051
22.86580498865725,29799.401664735182
22.86680498865725,29799.13670539985
22.867804988657248,29798.871746064528
22.868804988657246,29798.6067867292
22.869804988657247,29798.341827393873
22.870804988657248,29798.076868058546
22.871804988657246,29797.81190872322
22.872804988657244,29797.54694938789
22.873804988657245,29797.281990052565
22.874804988657246,29797.017030717238
22.875804988657244,29796.75207138191
22.87680498865724,29796.487112046583
22.877804988657243,29796.222152711256
22.878804988657244,29795.95719337593
22.87980498865724,29795.6922340406
22.88080498865724,29795.427274705275
22.88180498865724,29795.162315369947
22.88280498865724,29794.89735603462
22.88380498865724,29794.632396699293
22.884804988657237,29794.367437363966
22.885804988657238,29794.10247802864
22.88680498865724,29793.83751869331
22.887804988657237,29793.572559357985
22.888804988657235,29793.30760002266
22.889804988657236,29793.042640687334
22.890804988657237,29792.777681352003
22.891804988657235,29792.51272201668
22.892804988657232,29792.247762681352
22.893804988657234,29791.982803346025
22.894804988657235,29791.717844010698
22.895804988657233,29791.411828996264
22.89680498865723,29791.102709771716
22.89780498865723,29790.793590547168
22.898804988657233,29790.48447132262
22.89980498865723,29790.17535209807
22.900804988657228,29789.866232873526
22.90180498865723,29789.557113648978
22.90280498865723,29789.247994424426
22.903804988657228,29788.93887519988
22.904804988657226,29788.629755975333
22.905804988657227,29788.320636750785
22.90680498865723,29788.011517526236
22.907804988657226,29787.702398301688
22.908804988657224,29787.39327907714
22.909804988657225,29787.08415985259
22.910804988657226,29786.775040628043
22.911804988657224,29786.465921403495
22.91280498865722,29786.156802178946
22.913804988657223,29785.847682954398
22.914804988657224,29785.53856372985
22.91580498865722,29785.2294445053
22.91680498865722,29784.920325280753
22.91780498865722,29784.611206056205
22.91880498865722,29784.302086831656
22.91980498865722,29783.992967607108
22.920804988657217,29783.683848382563
22.921804988657218,29783.374729158015
22.92280498865722,29783.065609933463
22.923804988657217,29782.756490708918
22.924804988657215,29782.44737148437
22.925804988657216,29782.13825225982
22.926804988657217,29781.829133035273
22.927804988657215,29781.520013810725
22.928804988657213,29781.210894586176
22.929804988657214,29780.901775361628
22.930804988657215,29780.59265613708
22.931804988657213,29780.28353691253
22.93280498865721,29779.974417687983
22.93380498865721,29779.665298463435
22.934804988657213,29779.356179238886
22.93580498865721,29779.047060014338
22.936804988657208,29778.73794078979
22.93780498865721,29778.42882156524
22.93880498865721,29778.119702340693
22.939804988657208,29777.810583116145
22.940804988657206,29777.5014638916
22.941804988657207,29777.21397400033
22.94280498865721,29776.949014665002
22.943804988657206,29776.684055329675
22.944804988657204,29776.419095994348
22.945804988657205,29776.15413665902
22.946804988657206,29775.889177323694
22.947804988657204,29775.624217988367
22.9488049886572,29775.35925865304
22.949804988657203,29775.094299317712
22.950804988657204,29774.829339982385
22.9518049886572,29774.564380647058
22.9528049886572,29774.29942131173
22.9538049886572,29774.034461976404
22.9548049886572,29773.769502641077
22.9558049886572,29773.50454330575
22.956804988657197,29773.239583970422
22.957804988657198,29772.974624635095
22.9588049886572,29772.709665299768
22.959804988657197,29772.44470596444
22.960804988657195,29772.179746629117
22.961804988657196,29771.914787293787
22.962804988657197,29771.64982795846
22.963804988657195,29771.384868623136
22.964804988657193,29771.11990928781
22.965804988657194,29770.85494995248
22.966804988657195,29770.589990617154
22.967804988657193,29770.325031281827
22.96880498865719,29770.0600719465
22.96980498865719,29769.795112611173
22.970804988657193,29769.530153275846
22.97180498865719,29769.26519394052
22.972804988657188,29769.00023460519
22.97380498865719,29768.735275269864
22.97480498865719,29768.470315934537
22.97580498865719,29768.20535659921
22.976804988657186,29767.940397263883
22.977804988657187,29767.675437928556
22.97880498865719,29767.41047859323
22.979804988657186,29767.1455192579
22.980804988657184,29766.880559922574
22.981804988657185,29766.615600587247
22.982804988657186,29766.35064125192
22.983804988657184,29766.085681916593
22.98480498865718,29765.820722581266
22.985804988657183,29765.55576324594
22.986804988657184,29765.29080391061
22.98780498865718,29765.025844575284
22.98880498865718,29764.76088523996
22.98980498865718,29764.49592590463
22.99080498865718,29764.230966569303
22.99180498865718,29763.96600723398
22.992804988657177,29763.701047898652
22.99380498865718,29763.436088563325
22.99480498865718,29763.171129227998
22.995804988657177,29762.90616989267
22.996804988657175,29762.641210557344
22.997804988657176,29762.376251222016
22.998804988657177,29762.11129188669
22.999804988657175,29761.846332551362
23.000804988657173,29761.581373216035
23.001804988657174,29761.316413880708
23.002804988657175,29761.05145454538
23.003804988657173,29760.786495210054
23.00480498865717,29760.521535874726
23.00580498865717,29760.2565765394
23.006804988657173,29759.991617204072
23.00780498865717,29759.726657868745
23.008804988657168,29759.461698533418
23.00980498865717,29759.19673919809
23.01080498865717,29758.931779862764
23.01180498865717,29758.666820527436
23.012804988657166,29758.401861192113
23.013804988657167,29758.136901856782
23.01480498865717,29757.871942521455
23.015804988657166,29757.60698318613
23.016804988657164,29757.342023850804
23.017804988657165,29757.077064515477
23.018804988657166,29756.81210518015
23.019804988657164,29756.547145844823
23.02080498865716,29756.282186509496
23.021804988657163,29756.01722717417
23.022804988657164,29755.75226783884
23.02380498865716,29755.487308503514
23.02480498865716,29755.222349168187
23.02580498865716,29754.95738983286
23.02680498865716,29754.692430497533
23.02780498865716,29754.427471162206
23.028804988657157,29754.16251182688
23.02980498865716,29753.89755249155
23.03080498865716,29753.632593156224
23.031804988657157,29753.367633820897
23.032804988657155,29753.10267448557
23.033804988657156,29752.837715150243
23.034804988657157,29752.572755814916
23.035804988657155,29752.30779647959
23.036804988657153,29752.042837144265
23.037804988657154,29751.777877808934
23.038804988657155,29751.512918473607
23.039804988657153,29751.247959138283
23.04080498865715,29750.982999802956
23.04180498865715,29750.71804046763
23.042804988657153,29750.453081132302
23.04380498865715,29750.188121796975
23.044804988657148,29749.923162461648
23.04580498865715,29749.65820312632
23.04680498865715,29749.393243790993
23.04780498865715,29749.128284455666
23.048804988657146,29748.86332512034
23.049804988657147,29748.598365785012
23.05080498865715,29748.333406449685
23.051804988657146,29748.068447114358
23.052804988657144,29747.80348777903
23.053804988657145,29747.538528443703
23.054804988657146,29747.273569108376
23.055804988657144,29747.00860977305
23.05680498865714,29746.743650437722
23.057804988657143,29746.478691102395
23.058804988657144,29746.213731767068
23.05980498865714,29745.94877243174
23.06080498865714,29745.683813096417
23.06180498865714,29745.41885376109
23.062804988657142,29745.15389442576
23.06380498865714,29744.888935090436
23.064804988657137,29744.62397575511
23.06580498865714,29744.35901641978
23.06680498865714,29744.094057084454
23.067804988657137,29743.829097749127
23.068804988657135,29743.5641384138
23.069804988657136,29743.299179078473
23.070804988657137,29743.034219743146
23.071804988657135,29742.76926040782
23.072804988657133,29742.50430107249
23.073804988657134,29742.239341737164
23.074804988657135,29741.974382401837
23.075804988657133,29741.70942306651
23.07680498865713,29741.444463731183
23.07780498865713,29741.179504395855
23.078804988657133,29740.91454506053
23.07980498865713,29740.6495857252
23.08080498865713,29740.384626389874
23.08180498865713,29740.119667054547
23.08280498865713,29739.85470771922
23.08380498865713,29739.589748383893
23.084804988657126,29739.32478904857
23.085804988657127,29739.059829713242
23.08680498865713,29738.79487037791
23.087804988657126,29738.529911042588
23.088804988657124,29738.26495170726
23.089804988657125,29737.999992371933
23.090804988657126,29737.735033036606
23.091804988657124,29737.47007370128
23.09280498865712,29737.205114365952
23.093804988657123,29736.940155030625
23.094804988657124,29736.675195695298
23.09580498865712,29736.41023635997
23.09680498865712,29736.145277024643
23.09780498865712,29735.880317689316
23.098804988657122,29735.61535835399
23.09980498865712,29735.350399018662
23.100804988657117,29735.085439683335
23.10180498865712,29734.820480348008
23.10280498865712,29734.55552101268
23.103804988657117,29734.290561677353
23.104804988657115,29734.025602342026
23.105804988657116,29733.7606430067
23.106804988657117,29733.49568367137
23.107804988657115,29733.230724336045
23.108804988657113,29732.96576500072
23.109804988657114,29732.700805665394
23.110804988657115,29732.435846330063
23.111804988657113,29732.17088699474
23.11280498865711,29731.905927659413
23.11380498865711,29731.640968324085
23.114804988657113,29731.37600898876
23.11580498865711,29731.11104965343
23.11680498865711,29730.846090318104
23.11780498865711,29730.581130982777
23.11880498865711,29730.31617164745
23.11980498865711,29730.051212312123
23.120804988657106,29729.786252976795
23.121804988657107,29729.52129364147
23.12280498865711,29729.25633430614
23.123804988657106,29728.991374970814
23.124804988657104,29728.726415635487
23.125804988657105,29728.46145630016
23.126804988657106,29728.196496964832
23.127804988657104,29727.931537629505
23.1288049886571,29727.666578294178
23.129804988657103,29727.40161895885
23.130804988657104,29727.136659623524
23.1318049886571,29726.871700288197
23.1328049886571,29726.606740952873
23.1338049886571,29726.341781617542
23.134804988657102,29726.076822282215
23.1358049886571,29725.81186294689
23.136804988657097,29725.546903611565
23.1378049886571,29725.281944276237
23.1388049886571,29725.01698494091
23.139804988657097,29724.752025605583
23.140804988657095,29724.487066270256
23.141804988657096,29724.22210693493
23.142804988657097,29723.9571475996
23.143804988657095,29723.692188264275
23.144804988657093,29723.427228928947
23.145804988657094,29723.16226959362
23.146804988657095,29722.897310258293
23.147804988657093,29722.632350922966
23.14880498865709,29722.36739158764
23.149804988657092,29722.10243225231
23.150804988657093,29721.837472916985
23.15180498865709,29721.572513581657
23.15280498865709,29721.30755424633
23.15380498865709,29721.042594911003
23.15480498865709,29720.777635575676
23.15580498865709,29720.51267624035
23.156804988657086,29720.24771690502
23.157804988657087,29719.982757569695
23.15880498865709,29719.717798234367
23.159804988657086,29719.45283889904
23.160804988657084,29719.187879563717
23.161804988657085,29718.922920228386
23.162804988657086,29718.65796089306
23.163804988657084,29718.393001557735
23.16480498865708,29718.128042222408
23.165804988657083,29717.86308288708
23.166804988657084,29717.598123551754
23.167804988657082,29717.333164216427
23.16880498865708,29717.0682048811
23.16980498865708,29716.803245545772
23.170804988657082,29716.538286210445
23.17180498865708,29716.273326875118
23.172804988657077,29716.00836753979
23.17380498865708,29715.730590821873
23.17480498865708,29715.421471597325
23.175804988657077,29715.112352372777
23.176804988657075,29714.80323314823
23.177804988657076,29714.49411392368
23.178804988657078,29714.18499469913
23.179804988657075,29713.875875474587
23.180804988657073,29713.56675625004
23.181804988657074,29713.25763702549
23.182804988657075,29712.94851780094
23.183804988657073,29712.639398576393
23.18480498865707,29712.330279351845
23.185804988657072,29712.021160127297
23.186804988657073,29711.71204090275
23.18780498865707,29711.4029216782
23.18880498865707,29711.09380245365
23.18980498865707,29710.784683229103
23.19080498865707,29710.475564004555
23.19180498865707,29710.166444780007
23.192804988657066,29709.85732555546
23.193804988657067,29709.54820633091
23.19480498865707,29709.23908710636
23.195804988657066,29708.929967881813
23.196804988657064,29708.62084865727
23.197804988657065,29708.311729432717
23.198804988657066,29708.00261020817
23.199804988657064,29707.693490983624
23.20080498865706,29707.384371759075
23.201804988657063,29707.075252534527
23.202804988657064,29706.76613330998
23.203804988657062,29706.45701408543
23.20480498865706,29706.147894860882
23.20580498865706,29705.838775636334
23.206804988657062,29705.529656411785
23.20780498865706,29705.220537187237
23.208804988657057,29704.91141796269
23.20980498865706,29704.60229873814
23.21080498865706,29704.293179513592
23.211804988657057,29703.984060289044
23.212804988657055,29703.674941064495
23.213804988657056,29703.365821839947
23.214804988657058,29703.0567026154
23.215804988657055,29702.74758339085
23.216804988657053,29702.438464166305
23.217804988657054,29702.129344941754
23.218804988657055,29701.820225717205
23.219804988657053,29701.511106492657
23.22080498865705,29701.427292824017
23.221804988657052,29701.383132934796
23.222804988657053,29701.338973045575
23.22380498865705,29701.294813156353
23.22480498865705,29701.250653267132
23.22580498865705,29701.20649337791
23.22680498865705,29701.16233348869
23.22780498865705,29701.11817359947
23.228804988657046,29701.074013710248
23.229804988657047,29701.029853821026
23.23080498865705,29700.985693931805
23.231804988657046,29700.941534042584
23.232804988657044,29700.897374153363
23.233804988657045,29700.85321426414
23.234804988657046,29700.80905437492
23.235804988657044,29700.7648944857
23.236804988657042,29700.720734596478
23.237804988657043,29700.676574707257
23.238804988657044,29700.632414818036
23.239804988657042,29700.588254928814
23.24080498865704,29700.544095039593
23.24180498865704,29700.499935150372
23.242804988657042,29700.45577526115
23.24380498865704,29700.41161537193
23.244804988657037,29700.36745548271
23.24580498865704,29700.323295593487
23.24680498865704,29700.279135704266
23.247804988657037,29700.234975815045
23.248804988657035,29700.190815925824
23.249804988657036,29700.146656036603
23.250804988657038,29700.10249614738
23.251804988657035,29700.05833625816
23.252804988657033,29700.01417636894
23.253804988657034,29699.970016479718
23.254804988657035,29699.925856590497
23.255804988657033,29699.881696701275
23.25680498865703,29699.837536812054
23.257804988657032,29699.793376922833
23.258804988657033,29699.74921703361
23.25980498865703,29699.70505714439
23.26080498865703,29699.66089725517
23.26180498865703,29699.61673736595
23.26280498865703,29699.572577476727
23.26380498865703,29699.528417587506
23.264804988657026,29699.484257698285
23.265804988657028,29699.440097809063
23.26680498865703,29699.4140625
23.267804988657026,29699.4140625
23.268804988657024,29699.4140625
23.269804988657025,29699.4140625
23.270804988657027,29699.4140625
23.271804988657024,29699.4140625
23.272804988657022,29699.4140625
23.273804988657023,29699.4140625
23.274804988657024,29699.4140625
23.275804988657022,29699.4140625
23.27680498865702,29699.4140625
23.27780498865702,29699.4140625
23.278804988657022,29699.4140625
23.27980498865702,29699.4140625
23.280804988657017,29699.4140625
23.28180498865702,29699.4140625
23.28280498865702,29699.4140625
23.283804988657018,29699.4140625
23.284804988657015,29699.4140625
23.285804988657016,29699.4140625
23.286804988657018,29699.4140625
23.287804988657015,29699.4140625
23.288804988657013,29699.4140625
23.289804988657014,29699.4140625
23.290804988657015,29699.4140625
23.291804988657013,29699.4140625
23.29280498865701,29699.4140625
23.293804988657012,29699.4140625
23.294804988657013,29699.4140625
23.29580498865701,29699.4140625
23.29680498865701,29699.4140625
23.29780498865701,29699.4140625
23.29880498865701,29699.4140625
23.29980498865701,29699.4140625
23.300804988657006,29699.4140625
23.301804988657008,29699.4140625
23.30280498865701,29699.4140625
23.303804988657006,29699.4140625
23.304804988657004,29699.4140625
23.305804988657005,29699.4140625
23.306804988657007,29699.4140625
23.307804988657004,29699.4140625
23.308804988657002,29699.4140625
23.309804988657003,29699.4140625
23.310804988657004,29699.4140625
23.311804988657002,29699.4140625
23.312804988657,29699.4140625
23.313804988657,29699.456920623554
23.314804988657002,29699.501080512775
23.315804988657,29699.545240401996
23.316804988656997,29699.589400291217
23.317804988657,29699.63356018044
23.318804988657,29699.67772006966
23.319804988656998,29699.72187995888
23.320804988656995,29699.766039848102
23.321804988656996,29699.810199737323
23.322804988656998,29699.854359626544
23.323804988656995,29699.898519515766
23.324804988656993,29699.942679404987
23.325804988656994,29699.986839294208
23.326804988656995,29700.03099918343
23.327804988656993,29700.07515907265
23.32880498865699,29700.11931896187
23.329804988656992,29700.163478851093
23.330804988656993,29700.207638740314
23.33180498865699,29700.251798629535
23.33280498865699,29700.295958518756
23.33380498865699,29700.340118407978
23.33480498865699,29700.3842782972
23.33580498865699,29700.42843818642
23.336804988656986,29700.47259807564
23.337804988656988,29700.516757964862
23.33880498865699,29700.560917854084
23.339804988656986,29700.605077743305
23.340804988656984,29700.649237632526
23.341804988656985,29700.693397521747
23.342804988656987,29700.73755741097
23.343804988656984,29700.78171730019
23.344804988656982,29700.825877189407
23.345804988656983,29700.870037078632
23.346804988656984,29700.914196967853
23.347804988656982,29700.95835685707
23.34880498865698,29701.00251674629
23.34980498865698,29701.046676635513
23.350804988656982,29701.090836524738
23.35180498865698,29701.134996413955
23.352804988656978,29701.179156303177
23.35380498865698,29701.223316192398
23.35480498865698,29701.26747608162
23.355804988656978,29701.31163597084
23.356804988656975,29701.35579586006
23.357804988656977,29701.399955749283
23.358804988656978,29701.444115638504
23.359804988656975,29701.488275527725
23.360804988656973,29701.532435416946
23.361804988656974,29701.576595306167
23.362804988656976,29701.62075519539
23.363804988656973,29701.66491508461
23.36480498865697,29701.70907497383
23.365804988656972,29701.753234863052
23.366804988656973,29701.797394752273
23.36780498865697,29701.841554641494
23.36880498865697,29701.885714530716
23.36980498865697,29701.929874419937
23.37080498865697,29701.974034309158
23.37180498865697,29702.01819419838
23.372804988656966,29702.0623540876
23.373804988656968,29702.10651397682
23.37480498865697,29702.150673866043
23.375804988656967,29702.194833755264
23.376804988656964,29702.238993644485
23.377804988656965,29702.283153533706
23.378804988656967,29702.327313422928
23.379804988656964,29702.37147331215
23.380804988656962,29702.41563320137
23.381804988656963,29702.45979309059
23.382804988656964,29702.503952979812
23.383804988656962,29702.548112869034
23.38480498865696,29702.592272758255
23.38580498865696,29702.636432647476
23.386804988656962,29702.680592536697
23.38780498865696,29702.72475242592
23.388804988656958,29702.76891231514
23.38980498865696,29702.81307220436
23.39080498865696,29702.857232093582
23.391804988656958,29702.901391982803
23.392804988656955,29702.945551872024
23.393804988656957,29702.989711761245
23.394804988656958,29703.033871650467
23.395804988656955,29703.078031539688
23.396804988656953,29703.12219142891
23.397804988656954,29703.16635131813
23.398804988656956,29703.21051120735
23.399804988656953,29703.254671096573
23.40080498865695,29703.298830985794
23.401804988656952,29703.342990875015
23.402804988656953,29703.387150764236
23.40380498865695,29703.431310653457
23.40480498865695,29703.47547054268
23.40580498865695,29703.5196304319
23.40680498865695,29703.56379032112
23.40780498865695,29703.607950210342
23.408804988656946,29703.652110099563
23.409804988656948,29703.696269988784
23.41080498865695,29703.740429878006
23.411804988656947,29703.784589767227
23.412804988656944,29703.828749656448
23.413804988656945,29703.87290954567
23.414804988656947,29703.91706943489
23.415804988656944,29703.96122932411
23.416804988656942,29704.005389213333
23.417804988656943,29704.049549102554
23.418804988656944,29704.093708991775
23.419804988656942,29704.137868880996
23.42080498865694,29704.182028770218
23.42180498865694,29704.22618865944
23.422804988656942,29704.27034854866
23.42380498865694,29704.31450843788
23.424804988656938,29704.358668327102
23.42580498865694,29704.402828216324
23.42680498865694,29704.446988105545
23.427804988656938,29704.491147994766
23.428804988656935,29704.535307883987
23.429804988656937,29704.57946777321
23.430804988656938,29704.62362766243
23.431804988656936,29704.66778755165
23.432804988656933,29704.711947440872
23.433804988656934,29704.756107330093
23.434804988656936,29704.800267219314
23.435804988656933,29704.844427108535
23.43680498865693,29704.888586997757
23.437804988656932,29704.932746886978
23.438804988656933,29704.9769067762
23.43980498865693,29705.02106666542
23.44080498865693,29705.06522655464
23.44180498865693,29705.109386443863
23.44280498865693,29705.153546333084
23.44380498865693,29705.197706222305
23.444804988656927,29705.241866111526
23.445804988656928,29705.286026000747
23.44680498865693,29705.33018588997
23.447804988656927,29705.37434577919
23.448804988656924,29705.41850566841
23.449804988656926,29705.462665557632
23.450804988656927,29705.506825446853
23.451804988656924,29705.550985336075
23.452804988656922,29705.62388420059
23.453804988656923,29705.712203979034
23.454804988656925,29705.800523757476
23.455804988656922,29705.88884353592
23.45680498865692,29705.977163314357
23.45780498865692,29706.0654830928
23.458804988656922,29706.153802871246
23.45980498865692,29706.242122649684
23.460804988656918,29706.330442428127
23.46180498865692,29706.41876220657
23.46280498865692,29706.50708198501
23.463804988656918,29706.595401763454
23.464804988656915,29706.683721541896
23.465804988656917,29706.77204132034
23.466804988656918,29706.86036109878
23.467804988656916,29706.948680877224
23.468804988656913,29707.037000655666
23.469804988656914,29707.12532043411
23.470804988656916,29707.21364021255
23.471804988656913,29707.301959990993
23.47280498865691,29707.390279769435
23.473804988656912,29707.478599547878
23.474804988656913,29707.56691932632
23.47580498865691,29707.655239104763
23.47680498865691,29707.743558883205
23.47780498865691,29707.831878661647
23.47880498865691,29707.92019844009
23.47980498865691,29708.008518218532
23.480804988656907,29708.096837996975
23.481804988656908,29708.185157775417
23.48280498865691,29708.27347755386
23.483804988656907,29708.3617973323
23.484804988656904,29708.450117110744
23.485804988656906,29708.538436889186
23.486804988656907,29708.62675666763
23.487804988656904,29708.71507644607
23.488804988656902,29708.803396224514
23.489804988656903,29708.891716002956
23.490804988656905,29708.9800357814
23.491804988656902,29709.06835555984
23.4928049886569,29709.156675338283
23.4938049886569,29709.244995116725
23.494804988656902,29709.333314895168
23.4958049886569,29709.42163467361
23.496804988656898,29709.509954452053
23.4978049886569,29709.598274230495
23.4988049886569,29709.67728137947
23.499804988656898,29709.721441268688
23.500804988656895,29709.76560115791
23.501804988656897,29709.80976104713
23.502804988656898,29709.85392093635
23.503804988656896,29709.898080825573
23.504804988656893,29709.942240714794
23.505804988656894,29709.986400604015
23.506804988656896,29710.030560493236
23.507804988656893,29710.074720382458
23.50880498865689,29710.11888027168
23.509804988656892,29710.1630401609
23.510804988656893,29710.20720005012
23.51180498865689,29710.251359939342
23.51280498865689,29710.295519828564
23.51380498865689,29710.339679717785
23.51480498865689,29710.383839607006
23.51580498865689,29710.427999496227
23.516804988656887,29710.47215938545
23.517804988656888,29710.51631927467
23.51880498865689,29710.56047916389
23.519804988656887,29710.604639053112
23.520804988656884,29710.648798942333
23.521804988656886,29710.692958831554
23.522804988656887,29710.737118720775
23.523804988656885,29710.781278609997
23.524804988656882,29710.825438499218
23.525804988656883,29710.86959838844
23.526804988656885,29710.91375827766
23.527804988656882,29710.95791816688
23.52880498865688,29711.002078056103
23.52980498865688,29711.046237945324
23.530804988656882,29711.090397834545
23.53180498865688,29711.134557723766
23.532804988656878,29711.178717612987
23.53380498865688,29711.22287750221
23.53480498865688,29711.26703739143
23.535804988656878,29711.31119728065
23.536804988656876,29711.355357169872
23.537804988656877,29711.399517059093
23.538804988656878,29711.443676948315
23.539804988656876,29711.487836837536
23.540804988656873,29711.531996726757
23.541804988656875,29711.576156615978
23.542804988656876,29711.6203165052
23.543804988656873,29711.66447639442
23.54480498865687,29711.70863628364
23.545804988656872,29711.752796172863
23.546804988656874,29711.796956062084
23.54780498865687,29711.841115951305
23.54880498865687,29711.885275840526
23.54980498865687,29711.929435729748
23.55080498865687,29711.97359561897
23.55180498865687,29712.01775550819
23.552804988656867,29712.06191539741
23.553804988656868,29712.106075286632
23.55480498865687,29712.150235175854
23.555804988656867,29712.194395065075
23.556804988656864,29712.238554954296
23.557804988656866,29712.282714843517
23.558804988656867,29712.32687473274
23.559804988656865,29712.37103462196
23.560804988656862,29712.41519451118
23.561804988656863,29712.459354400402
23.562804988656865,29712.503514289623
23.563804988656862,29712.547674178844
23.56480498865686,29712.591834068066
23.56580498865686,29712.635993957287
23.566804988656862,29712.680153846508
23.56780498865686,29712.72431373573
23.568804988656858,29712.76847362495
23.56980498865686,29712.81263351417
23.57080498865686,29712.856793403393
23.571804988656858,29712.900953292614
23.572804988656856,29712.945113181835
23.573804988656857,29712.989273071056
23.574804988656858,29713.033432960277
23.575804988656856,29713.0775928495
23.576804988656853,29713.12175273872
23.577804988656855,29713.16591262794
23.578804988656856,29713.210072517162
23.579804988656853,29713.254232406383
23.58080498865685,29713.298392295605
23.581804988656852,29713.342552184826
23.582804988656854,29713.386712074047
23.58380498865685,29713.430871963268
23.58480498865685,29713.47503185249
23.58580498865685,29713.51919174171
23.58680498865685,29713.56335163093
23.58780498865685,29713.607511520153
23.588804988656847,29713.651671409374
23.589804988656848,29713.695831298595
23.59080498865685,29713.739991187816
23.591804988656847,29713.798770904075
23.592804988656845,29713.887090682518
23.593804988656846,29713.97541046096
23.594804988656847,29714.063730239403
23.595804988656845,29714.152050017845
23.596804988656842,29714.240369796287
23.597804988656844,29714.32868957473
23.598804988656845,29714.417009353172
23.599804988656842,29714.505329131614
23.60080498865684,29714.593648910057
23.60180498865684,29714.6819686885
23.602804988656843,29714.77028846694
23.60380498865684,29714.858608245384
23.604804988656838,29714.946928023823
23.60580498865684,29715.03524780227
23.60680498865684,29715.12356758071
23.607804988656838,29715.21188735915
23.608804988656836,29715.300207137592
23.609804988656837,29715.388526916035
23.610804988656838,29715.476846694477
23.611804988656836,29715.56516647292
23.612804988656833,29715.65348625136
23.613804988656835,29715.741806029804
23.614804988656836,29715.830125808247
23.615804988656834,29715.91844558669
23.61680498865683,29716.00676536513
23.617804988656832,29716.095085143574
23.618804988656834,29716.183404922016
23.61980498865683,29716.27172470046
23.62080498865683,29716.3600444789
23.62180498865683,29716.448364257343
23.62280498865683,29716.536684035786
23.62380498865683,29716.625003814228
23.624804988656827,29716.71332359267
23.625804988656828,29716.801643371113
23.62680498865683,29716.889963149555
23.627804988656827,29716.978282927997
23.628804988656825,29717.06660270644
23.629804988656826,29717.154922484882
23.630804988656827,29717.243242263325
23.631804988656825,29717.331562041767
23.632804988656822,29717.41988182021
23.633804988656824,29717.50820159865
23.634804988656825,29717.596521377094
23.635804988656822,29717.684841155537
23.63680498865682,29717.77316093398
23.63780498865682,29717.86148071242
23.638804988656823,29717.87109375
23.63980498865682,29717.87109375
23.640804988656818,29717.87109375
23.64180498865682,29717.87109375
23.64280498865682,29717.87109375
23.643804988656818,29717.87109375
23.644804988656816,29717.87109375
23.645804988656817,29717.87109375
23.646804988656818,29717.87109375
23.647804988656816,29717.87109375
23.648804988656813,29717.87109375
23.649804988656815,29717.87109375
23.650804988656816,29717.87109375
23.651804988656814,29717.87109375
23.65280498865681,29717.87109375
23.653804988656812,29717.87109375
23.654804988656814,29717.87109375
23.65580498865681,29717.87109375
23.65680498865681,29717.87109375
23.65780498865681,29717.87109375
23.65880498865681,29717.87109375
23.65980498865681,29717.87109375
23.660804988656807,29717.87109375
23.661804988656808,29717.87109375
23.66280498865681,29717.87109375
23.663804988656807,29717.87109375
23.664804988656805,29717.87109375
23.665804988656806,29717.87109375
23.666804988656807,29717.87109375
23.667804988656805,29717.87109375
23.668804988656802,29717.87109375
23.669804988656804,29717.87109375
23.670804988656805,29717.87109375
23.671804988656802,29717.87109375
23.6728049886568,29717.87109375
23.6738049886568,29717.87109375
23.674804988656803,29717.87109375
23.6758049886568,29717.87109375
23.676804988656798,29717.87109375
23.6778049886568,29717.87109375
23.6788049886568,29717.87109375
23.679804988656798,29717.87109375
23.680804988656796,29717.87109375
23.681804988656797,29717.87109375
23.682804988656798,29717.87109375
23.683804988656796,29717.87109375
23.684804988656794,29717.87109375
23.685804988656795,29717.87109375
23.686804988656796,29717.87109375
23.687804988656794,29717.87109375
23.68880498865679,29717.87109375
23.689804988656793,29717.87109375
23.690804988656794,29717.87109375
23.69180498865679,29717.87109375
23.69280498865679,29717.87109375
23.69380498865679,29717.87109375
23.69480498865679,29717.87109375
23.69580498865679,29717.87109375
23.696804988656787,29717.87109375
23.697804988656788,29717.87109375
23.69880498865679,29717.87109375
23.699804988656787,29717.87109375
23.700804988656785,29717.87109375
23.701804988656786,29717.87109375
23.702804988656787,29717.87109375
23.703804988656785,29717.87109375
23.704804988656782,29717.87109375
23.705804988656784,29717.87109375
23.706804988656785,29717.87109375
23.707804988656783,29717.87109375
23.70880498865678,29717.87109375
23.70980498865678,29717.87109375
23.710804988656783,29717.87109375
23.71180498865678,29717.87109375
23.712804988656778,29717.87109375
23.71380498865678,29717.87109375
23.71480498865678,29717.87109375
23.715804988656778,29717.87109375
23.716804988656776,29717.87109375
23.717804988656777,29717.87109375
23.718804988656778,29717.87109375
23.719804988656776,29717.87109375
23.720804988656774,29717.87109375
23.721804988656775,29717.87109375
23.722804988656776,29717.87109375
23.723804988656774,29717.87109375
23.72480498865677,29717.87109375
23.725804988656773,29717.87109375
23.726804988656774,29717.87109375
23.72780498865677,29717.87109375
23.72880498865677,29717.87109375
23.72980498865677,29717.87109375
23.73080498865677,29717.87109375
23.73180498865677,29717.87109375
23.732804988656767,29717.87109375
23.733804988656768,29717.87109375
23.73480498865677,29717.87109375
23.735804988656767,29717.87109375
23.736804988656765,29717.87109375
23.737804988656766,29717.87109375
23.738804988656767,29717.87109375
23.739804988656765,29717.87109375
23.740804988656762,29717.87109375
23.741804988656764,29717.87109375
23.742804988656765,29717.87109375
23.743804988656763,29717.87109375
23.74480498865676,29717.87109375
23.74580498865676,29717.87109375
23.746804988656763,29717.87109375
23.74780498865676,29717.87109375
23.748804988656758,29717.87109375
23.74980498865676,29717.87109375
23.75080498865676,29717.87109375
23.751804988656758,29717.87109375
23.752804988656756,29717.87109375
23.753804988656757,29717.87109375
23.75480498865676,29717.87109375
23.755804988656756,29717.87109375
23.756804988656754,29717.87109375
23.757804988656755,29717.87109375
23.758804988656756,29717.87109375
23.759804988656754,29717.87109375
23.76080498865675,29717.87109375
23.761804988656753,29717.87109375
23.762804988656754,29717.87109375
23.76380498865675,29717.87109375
23.76480498865675,29717.87109375
23.76580498865675,29717.87109375
23.76680498865675,29717.87109375
23.76780498865675,29717.87109375
23.768804988656747,29717.87109375
23.769804988656748,29717.87109375
23.77080498865675,29717.87109375
23.771804988656747,29717.87109375
23.772804988656745,29717.87109375
23.773804988656746,29717.87109375
23.774804988656747,29717.87109375
23.775804988656745,29717.87109375
23.776804988656743,29717.87109375
23.777804988656744,29717.87109375
23.778804988656745,29717.87109375
23.779804988656743,29717.87109375
23.78080498865674,29717.87109375
23.78180498865674,29717.87109375
23.782804988656743,29717.87109375
23.78380498865674,29717.87109375
23.784804988656738,29717.87109375
23.78580498865674,29717.87109375
23.78680498865674,29717.87109375
23.787804988656738,29717.87109375
23.788804988656736,29717.87109375
23.789804988656737,29717.87109375
23.79080498865674,29717.87109375
23.791804988656736,29717.87109375
23.792804988656734,29717.87109375
23.793804988656735,29717.87109375
23.794804988656736,29717.87109375
23.795804988656734,29717.87109375
23.79680498865673,29717.87109375
23.797804988656733,29717.87109375
23.798804988656734,29717.87109375
23.79980498865673,29717.87109375
23.80080498865673,29717.87109375
23.80180498865673,29717.87109375
23.80280498865673,29717.87109375
23.80380498865673,29717.87109375
23.804804988656727,29717.87109375
23.80580498865673,29717.87109375
23.80680498865673,29717.87109375
23.807804988656727,29717.87109375
23.808804988656725,29717.87109375
23.809804988656726,29717.87109375
23.810804988656727,29717.87109375
23.811804988656725,29717.87109375
23.812804988656723,29717.87109375
23.813804988656724,29717.87109375
23.814804988656725,29717.87109375
23.815804988656723,29717.87109375
23.81680498865672,29717.87109375
23.81780498865672,29717.87109375
23.818804988656723,29717.87109375
23.81980498865672,29717.87109375
23.820804988656718,29717.87109375
23.82180498865672,29717.87109375
23.82280498865672,29717.87109375
23.82380498865672,29717.876901626347
23.824804988656716,29717.921061515568
23.825804988656717,29717.96522140479
23.82680498865672,29718.00938129401
23.827804988656716,29718.05354118323
23.828804988656714,29718.097701072453
23.829804988656715,29718.141860961674
23.830804988656716,29718.186020850895
23.831804988656714,29718.230180740116
23.83280498865671,29718.274340629338
23.833804988656713,29718.31850051856
23.834804988656714,29718.36266040778
23.83580498865671,29718.406820297
23.83680498865671,29718.450980186222
23.83780498865671,29718.495140075443
23.83880498865671,29718.539299964665
23.83980498865671,29718.583459853886
23.840804988656707,29718.627619743107
23.84180498865671,29718.67177963233
23.84280498865671,29718.71593952155
23.843804988656707,29718.76009941077
23.844804988656705,29718.804259299992
23.845804988656706,29718.848419189213
23.846804988656707,29718.892579078434
23.847804988656705,29718.936738967655
23.848804988656703,29718.980898856877
23.849804988656704,29719.025058746098
23.850804988656705,29719.06921863532
23.851804988656703,29719.11337852454
23.8528049886567,29719.15753841376
23.8538049886567,29719.201698302983
23.854804988656703,29719.245858192204
23.8558049886567,29719.290018081425
23.856804988656698,29719.334177970646
23.8578049886567,29719.378337859867
23.8588049886567,29719.42249774909
23.8598049886567,29719.46665763831
23.860804988656696,29719.51081752753
23.861804988656697,29719.554977416752
23.8628049886567,29719.599137305973
23.863804988656696,29719.643297195194
23.864804988656694,29719.687457084416
23.865804988656695,29719.731616973637
23.866804988656696,29719.775776862858
23.867804988656694,29719.81993675208
23.86880498865669,29719.8640966413
23.869804988656693,29719.90825653052
23.870804988656694,29719.952416419743
23.87180498865669,29719.996576308964
23.87280498865669,29720.040736198185
23.87380498865669,29720.084896087406
23.87480498865669,29720.129055976628
23.87580498865669,29720.17321586585
23.876804988656687,29720.21737575507
23.87780498865669,29720.26153564429
23.87880498865669,29720.305695533512
23.879804988656687,29720.349855422734
23.880804988656685,29720.394015311955
23.881804988656686,29720.438175201176
23.882804988656687,29720.482335090397
23.883804988656685,29720.52649497962
23.884804988656683,29720.57065486884
23.885804988656684,29720.61481475806
23.886804988656685,29720.658974647282
23.887804988656683,29720.703134536503
23.88880498865668,29720.747294425724
23.88980498865668,29720.791454314945
23.890804988656683,29720.835614204167
23.89180498865668,29720.879774093388
23.89280498865668,29720.92393398261
23.89380498865668,29720.96809387183
23.89480498865668,29721.01225376105
23.89580498865668,29721.056413650273
23.896804988656676,29721.100573539494
23.897804988656677,29721.144733428715
23.89880498865668,29721.188893317936
23.899804988656676,29721.233053207157
23.900804988656674,29721.27721309638
23.901804988656675,29721.3213729856
23.902804988656676,29721.36553287482
23.903804988656674,29721.409692764042
23.90480498865667,29721.453852653263
23.905804988656673,29721.498012542485
23.906804988656674,29721.542172431706
23.90780498865667,29721.586332320927
23.90880498865667,29721.630492210148
23.90980498865667,29721.67465209937
23.910804988656672,29721.71881198859
23.91180498865667,29721.76297187781
23.912804988656667,29721.807131767033
23.91380498865667,29721.851291656254
23.91480498865667,29721.895451545475
23.915804988656667,29721.939611434696
23.916804988656665,29722.00600147175
23.917804988656666,29722.138481139413
23.918804988656667,29722.270960807076
23.919804988656665,29722.40344047474
23.920804988656663,29722.535920142403
23.921804988656664,29722.668399810067
23.922804988656665,29722.80087947773
23.923804988656663,29722.933359145394
23.92480498865666,29723.065838813058
23.92580498865666,29723.19831848072
23.926804988656663,29723.330798148385
23.92780498865666,29723.46327781605
23.92880498865666,29723.595757483712
23.92980498865666,29723.728237151376
23.93080498865666,29723.86071681904
23.93180498865666,29723.993196486703
23.932804988656656,29724.125676154366
23.933804988656657,29724.25815582203
23.93480498865666,29724.390635489694
23.935804988656656,29724.523115157357
23.936804988656654,29724.65559482502
23.937804988656655,29724.788074492684
23.938804988656656,29724.920554160348
23.939804988656654,29725.05303382801
23.94080498865665,29725.18551349567
23.941804988656653,29725.317993163335
23.942804988656654,29725.450472831002
23.94380498865665,29725.582952498662
23.94480498865665,29725.715432166326
23.94580498865665,29725.84791183399
23.946804988656652,29725.980391501653
23.94780498865665,29726.112871169316
23.948804988656647,29726.24535083698
23.94980498865665,29726.377830504643
23.95080498865665,29726.510310172307
23.951804988656647,29726.64278983997
23.952804988656645,29726.775269507634
23.953804988656646,29726.907749175298
23.954804988656647,29727.04022884296
23.955804988656645,29727.172708510625
23.956804988656643,29727.30518817829
23.957804988656644,29727.437667845952
23.958804988656645,29727.570147513616
23.959804988656643,29727.70262718128
23.96080498865664,29727.835106848943
23.96180498865664,29727.967586516606
23.962804988656643,29728.10006618427
23.96380498865664,29728.232545851934
23.96480498865664,29728.365025519597
23.96580498865664,29728.49750518726
23.96680498865664,29728.629984854924
23.96780498865664,29728.762464522588
23.968804988656636,29728.89494419025
23.969804988656637,29729.027423857915
23.97080498865664,29729.15990352558
23.971804988656636,29729.292383193242
23.972804988656634,29729.424862860906
23.973804988656635,29729.55734252857
23.974804988656636,29729.689822196233
23.975804988656634,29729.822301863896
23.97680498865663,29729.95478153156
23.977804988656633,29730.087261199224
23.978804988656634,29730.219740866887
23.979804988656632,29730.35222053455
23.98080498865663,29730.484700202214
23.98180498865663,29730.617179869878
23.982804988656632,29730.74965953754
23.98380498865663,29730.882139205205
23.984804988656627,29731.01461887287
23.98580498865663,29731.147098540532
23.98680498865663,29731.279578208196
23.987804988656627,29731.41205787586
23.988804988656625,29731.54453754352
23.989804988656626,29731.677017211183
23.990804988656627,29731.80949687885
23.991804988656625,29731.94197654651
23.992804988656623,29732.074456214174
23.993804988656624,29732.206935881837
23.994804988656625,29732.3394155495
23.995804988656623,29732.471895217164
23.99680498865662,29732.604374884828
23.997804988656622,29732.73685455249
23.998804988656623,29732.869334220155
23.99980498865662,29733.00181388782
24.00080498865662,29733.134293555482
24.00180498865662,29733.266773223146
24.00280498865662,29733.39925289081
24.00380498865662,29733.531732558473
24.004804988656616,29733.664212226136
24.005804988656617,29733.7966918938
24.00680498865662,29733.929171561464
24.007804988656616,29734.061651229127
24.008804988656614,29734.19413089679
24.009804988656615,29734.326610564454
24.010804988656616,29734.459090232118
24.011804988656614,29734.59156989978
24.01280498865661,29734.724049567445
24.013804988656613,29734.85652923511
24.014804988656614,29734.989008902772
24.015804988656612,29735.121488570436
24.01680498865661,29735.2539682381
24.01780498865661,29735.386447905763
24.018804988656612,29735.518927573426
24.01980498865661,29735.65140724109
24.020804988656607,29735.783886908754
24.02180498865661,29735.916366576417
24.02280498865661,29736.04884624408
24.023804988656607,29736.181325911744
24.024804988656605,29736.313805579408
24.025804988656606,29736.44628524707
24.026804988656608,29736.578764914735
24.027804988656605,29736.7112445824
24.028804988656603,29736.843724250062
24.029804988656604,29736.976203917726
24.030804988656605,29737.10868358539
24.031804988656603,29737.241163253053
24.0328049886566,29737.373642920717
24.033804988656602,29737.50612258838
24.034804988656603,29737.638602256044
24.0358049886566,29737.771081923707
24.0368049886566,29737.90356159137
24.0378049886566,29738.036041259034
24.0388049886566,29738.168520926698
24.0398049886566,29738.30100059436
24.040804988656596,29738.43348026202
24.041804988656597,29738.565959929685
24.0428049886566,29738.698439597352
24.043804988656596,29738.830919265012
24.044804988656594,29738.963398932676
24.045804988656595,29739.09587860034
24.046804988656596,29739.228358268003
24.047804988656594,29739.360837935666
24.04880498865659,29739.49331760333
24.049804988656593,29739.625797270994
24.050804988656594,29739.758276938657
24.051804988656592,29739.89075660632
24.05280498865659,29740.023236273984
24.05380498865659,29740.155715941648
24.054804988656592,29740.28819560931
24.05580498865659,29740.420675276975
24.056804988656587,29740.55315494464
24.05780498865659,29740.685634612302
24.05880498865659,29740.818114279966
24.059804988656587,29740.95059394763
24.060804988656585,29741.083073615293
24.061804988656586,29741.215553282957
24.062804988656588,29741.34803295062
24.063804988656585,29741.480512618284
24.064804988656583,29741.612992285947
24.065804988656584,29741.74547195361
24.066804988656585,29741.877951621274
24.067804988656583,29742.010431288938
24.06880498865658,29742.1429109566
24.069804988656582,29742.275390624265
24.070804988656583,29742.40787029193
24.07180498865658,29742.540349959592
24.07280498865658,29742.672829627256
24.07380498865658,29742.80530929492
24.07480498865658,29742.937788962583
24.07580498865658,29743.070268630247
24.076804988656576,29743.20274829791
24.077804988656577,29743.335227965574
24.07880498865658,29743.467707633237
24.079804988656576,29743.6001873009
24.080804988656574,29743.732666968564
24.081804988656575,29743.865146636228
24.082804988656576,29743.99762630389
24.083804988656574,29744.130105971555
24.084804988656572,29744.26258563922
24.085804988656573,29744.395065306882
24.086804988656574,29744.527544974546
24.087804988656572,29744.66002464221
24.08880498865657,29744.79250430987
24.08980498865657,29744.924983977537
24.090804988656572,29745.0574636452
24.09180498865657,29745.18994331286
24.092804988656567,29745.322422980524
24.09380498865657,29745.454902648187
24.09480498865657,29745.58738231585
24.095804988656568,29745.719861983514
24.096804988656565,29745.852341651178
24.097804988656566,29745.98482131884
24.098804988656568,29746.117300986505
24.099804988656565,29746.24978065417
24.100804988656563,29746.382260321832
24.101804988656564,29746.514739989496
24.102804988656565,29746.668949126215
24.103804988656563,29746.8455886831
24.10480498865656,29747.022228239985
24.105804988656562,29747.19886779687
24.106804988656563,29747.375507353754
24.10780498865656,29747.55214691064
24.10880498865656,29747.72878646752
24.10980498865656,29747.905426024405
24.11080498865656,29748.082065581293
24.11180498865656,29748.258705138174
24.112804988656556,29748.43534469506
24.113804988656558,29748.611984251944
24.11480498865656,29748.78862380883
24.115804988656556,29748.965263365713
24.116804988656554,29749.141902922598
24.117804988656555,29749.318542479483
24.118804988656557,29749.495182036368
24.119804988656554,29749.671821593252
24.120804988656552,29749.848461150137
24.121804988656553,29750.025100707022
24.122804988656554,29750.201740263907
24.123804988656552,29750.37837982079
24.12480498865655,29750.555019377676
24.12580498865655,29750.73165893456
24.126804988656552,29750.908298491446
24.12780498865655,29751.08493804833
24.128804988656547,29751.261577605215
24.12980498865655,29751.4382171621
24.13080498865655,29751.614856718985
24.131804988656548,29751.79149627587
24.132804988656545,29751.968135832754
24.133804988656546,29752.14477538964
24.134804988656548,29752.321414946524
24.135804988656545,29752.49805450341
24.136804988656543,29752.674694060293
24.137804988656544,29752.851333617178
24.138804988656545,29753.027973174063
24.139804988656543,29753.204612730948
24.14080498865654,29753.381252287832
24.141804988656542,29753.557891844717
24.142804988656543,29753.734531401602
24.14380498865654,29753.911170958487
24.14480498865654,29754.087810515368
24.14580498865654,29754.264450072253
24.14680498865654,29754.44108962914
24.14780498865654,29754.617729186022
24.148804988656536,29754.794368742907
24.149804988656538,29754.97100829979
24.15080498865654,29755.147647856676
24.151804988656536,29755.32428741356
24.152804988656534,29755.500926970446
24.153804988656535,29755.67756652733
24.154804988656537,29755.854206084216
24.155804988656534,29756.0308456411
24.156804988656532,29756.207485197985
24.157804988656533,29756.38412475487
24.158804988656534,29756.560764311755
24.159804988656532,29756.73740386864
24.16080498865653,29756.914043425524
24.16180498865653,29757.09068298241
24.162804988656532,29757.267322539294
24.16380498865653,29757.44396209618
24.164804988656527,29757.620601653063
24.16580498865653,29757.797241209948
24.16680498865653,29757.973880766833
24.167804988656528,29758.150520323718
24.168804988656525,29758.327159880602
24.169804988656526,29758.503799437487
24.170804988656528,29758.68043899437
24.171804988656525,29758.857078551257
24.172804988656523,29759.03371810814
24.173804988656524,29759.210357665026
24.174804988656525,29759.38699722191
24.175804988656523,29759.563636778796
24.17680498865652,29759.74027633568
24.177804988656522,29759.916915892565
24.178804988656523,29760.09355544945
24.17980498865652,29760.270195006335
24.18080498865652,29760.44683456322
24.18180498865652,29760.623474120104
24.18280498865652,29760.80011367699
24.18380498865652,29760.976753233874
24.184804988656516,29761.153392790755
24.185804988656518,29761.33003234764
24.18680498865652,29761.506671904528
24.187804988656517,29761.68331146141
24.188804988656514,29761.859951018294
24.189804988656515,29762.03659057518
24.190804988656517,29762.213230132063
24.191804988656514,29762.38986968895
24.192804988656512,29762.566509245833
24.193804988656513,29762.743148802718
24.194804988656514,29762.919788359603
24.195804988656512,29763.096427916487
24.19680498865651,29763.273067473372
24.19780498865651,29763.449707030257
24.198804988656512,29763.62634658714
24.19980498865651,29763.802986144026
24.200804988656508,29763.97962570091
24.20180498865651,29764.156265257796
24.20280498865651,29764.33290481468
24.203804988656508,29764.509544371565
24.204804988656505,29764.68618392845
24.205804988656507,29764.862823485335
24.206804988656508,29765.03946304222
24.207804988656505,29765.216102599104
24.208804988656503,29765.39274215599
24.209804988656504,29765.569381712874
24.210804988656506,29765.74602126976
24.211804988656503,29765.922660826644
24.2128049886565,29766.09930038353
24.213804988656502,29766.275939940413
24.214804988656503,29766.452579497298
24.2158049886565,29766.629219054183
24.2168049886565,29766.805858611067
24.2178049886565,29766.982498167952
24.2188049886565,29767.159137724837
24.2198049886565,29767.33577728172
24.220804988656496,29767.512416838603
24.221804988656498,29767.68905639549
24.2228049886565,29767.865695952376
24.223804988656497,29768.042335509257
24.224804988656494,29768.218975066142
24.225804988656495,29768.395614623027
24.226804988656497,29768.57225417991
24.227804988656494,29768.748893736796
24.228804988656492,29768.92553329368
24.229804988656493,29769.102172850566
24.230804988656494,29769.27881240745
24.231804988656492,29769.455451964335
24.23280498865649,29769.63209152122
24.23380498865649,29769.808731078105
24.234804988656492,29769.98537063499
24.23580498865649,29770.162010191874
24.236804988656488,29770.33864974876
24.23780498865649,29770.515289305644
24.23880498865649,29770.69192886253
24.239804988656488,29770.868568419413
24.240804988656485,29771.045207976298
24.241804988656487,29771.221847533183
24.242804988656488,29771.398487090068
24.243804988656485,29771.575126646952
24.244804988656483,29771.751766203837
24.245804988656484,29771.928405760722
24.246804988656486,29772.105045317607
24.247804988656483,29772.28168487449
24.24880498865648,29772.458324431376
24.249804988656482,29772.63496398826
24.250804988656483,29772.811603545146
24.25180498865648,29772.98824310203
24.25280498865648,29773.164882658915
24.25380498865648,29773.3415222158
24.25480498865648,29773.518161772685
24.25580498865648,29773.69480132957
24.256804988656476,29773.87144088645
24.257804988656478,29774.048080443335
24.25880498865648,29774.224720000224
24.259804988656477,29774.401359557105
24.260804988656474,29774.57799911399
24.261804988656476,29774.754638670875
24.262804988656477,29774.93127822776
24.263804988656474,29775.107917784644
24.264804988656472,29775.28455734153
24.265804988656473,29775.461196898414
24.266804988656475,29775.6378364553
24.267804988656472,29775.814476012183
24.26880498865647,29775.991115569068
24.26980498865647,29776.167755125953
24.270804988656472,29776.344394682837
24.27180498865647,29776.521034239722
24.272804988656468,29776.697673796607
24.27380498865647,29776.87431335349
24.27480498865647,29777.050952910377
24.275804988656468,29777.22759246726
24.276804988656465,29777.404232024146
24.277804988656467,29777.58087158103
24.278804988656468,29777.757511137916
24.279804988656466,29777.9341506948
24.280804988656463,29778.110790251685
24.281804988656464,29778.28742980857
24.282804988656466,29778.464069365455
24.283804988656463,29778.64070892234
24.28480498865646,29778.817348479224
24.285804988656462,29778.99398803611
24.286804988656463,29779.170627592994
24.28780498865646,29779.34726714988
24.28880498865646,29779.49156284257
24.28980498865646,29779.624042510233
24.29080498865646,29779.756522177897
24.29180498865646,29779.88900184556
24.292804988656457,29780.021481513224
24.293804988656458,29780.153961180888
24.29480498865646,29780.28644084855
24.295804988656457,29780.418920516215
24.296804988656454,29780.55140018388
24.297804988656456,29780.683879851542
24.298804988656457,29780.816359519205
24.299804988656454,29780.94883918687
24.300804988656452,29781.081318854533
24.301804988656453,29781.213798522196
24.302804988656455,29781.34627818986
24.303804988656452,29781.478757857523
24.30480498865645,29781.611237525187
24.30580498865645,29781.74371719285
24.306804988656452,29781.876196860514
24.30780498865645,29782.008676528178
24.308804988656448,29782.14115619584
24.30980498865645,29782.273635863505
24.31080498865645,29782.40611553117
24.311804988656448,29782.538595198832
24.312804988656445,29782.671074866495
24.313804988656447,29782.80355453416
24.314804988656448,29782.936034201823
24.315804988656446,29783.068513869486
24.316804988656443,29783.20099353715
24.317804988656444,29783.333473204813
24.318804988656446,29783.465952872477
24.319804988656443,29783.59843254014
24.32080498865644,29783.730912207804
24.321804988656442,29783.863391875468
24.322804988656443,29783.99587154313
24.32380498865644,29784.128351210795
24.32480498865644,29784.26083087846
24.32580498865644,29784.393310546122
24.32680498865644,29784.525790213786
24.32780498865644,29784.65826988145
24.328804988656437,29784.790749549113
24.329804988656438,29784.923229216776
24.33080498865644,29785.05570888444
24.331804988656437,29785.188188552103
24.332804988656434,29785.320668219763
24.333804988656436,29785.45314788743
24.334804988656437,29785.57271003673
24.335804988656434,29785.66102981517
24.336804988656432,29785.749349593614
24.337804988656433,29785.837669372057
24.338804988656435,29785.9259891505
24.339804988656432,29786.01430892894
24.34080498865643,29786.102628707384
24.34180498865643,29786.190948485826
24.342804988656432,29786.27926826427
24.34380498865643,29786.36758804271
24.344804988656428,29786.455907821153
24.34580498865643,29786.544227599596
24.34680498865643,29786.632547378038
24.347804988656428,29786.72086715648
24.348804988656426,29786.80918693492
24.349804988656427,29786.89750671336
24.350804988656428,29786.985826491808
24.351804988656426,29787.074146270246
24.352804988656423,29787.16246604869
24.353804988656425,29787.25078582713
24.354804988656426,29787.339105605573
24.355804988656423,29787.427425384016
24.35680498865642,29787.51574516246
24.357804988656422,29787.6040649409
24.358804988656424,29787.692384719343
24.35980498865642,29787.780704497785
24.36080498865642,29787.869024276228
24.36180498865642,29787.95734405467
24.36280498865642,29788.045663833112
24.36380498865642,29788.133983611555
24.364804988656417,29788.222303389997
24.365804988656418,29788.31062316844
24.36680498865642,29788.398942946882
24.367804988656417,29788.487262725324
24.368804988656414,29788.575582503767
24.369804988656416,29788.66390228221
24.370804988656417,29788.75222206065
24.371804988656415,29788.840541839094
24.372804988656412,29788.928861617536
24.373804988656413,29789.01718139598
24.374804988656415,29789.10550117442
24.375804988656412,29789.193820952863
24.37680498865641,29789.282140731306
24.37780498865641,29789.37046050975
24.378804988656412,29789.45878028819
24.37980498865641,29789.547100066633
24.380804988656408,29789.635419845075
24.38180498865641,29789.723739623518
24.38280498865641,29789.81205940196
24.383804988656408,29789.900379180403
24.384804988656406,29789.988698958845
24.385804988656407,29790.077018737287
24.386804988656408,29790.16533851573
24.387804988656406,29790.253658294172
24.388804988656403,29790.341978072614
24.389804988656405,29790.430297851057
24.390804988656406,29790.5186176295
24.391804988656403,29790.60693740794
24.3928049886564,29790.695257186384
24.393804988656402,29790.783576964826
24.394804988656404,29790.87189674327
24.3958049886564,29790.96021652171
24.3968049886564,29791.048536300154
24.3978049886564,29791.136856078596
24.3988049886564,29791.22517585704
24.3998049886564,29791.31349563548
24.400804988656397,29791.401815413923
24.401804988656398,29791.490135192365
24.4028049886564,29791.578454970808
24.403804988656397,29791.66677474925
24.404804988656394,29791.755094527693
24.405804988656396,29791.843414306135
24.406804988656397,29791.931734084577
24.407804988656395,29792.02005386302
24.408804988656392,29792.108373641462
24.409804988656393,29792.196693419904
24.410804988656395,29792.285013198347
24.411804988656392,29792.37333297679
24.41280498865639,29792.46165275523
24.41380498865639,29792.549972533674
24.414804988656392,29792.638292312116
24.41580498865639,29792.72661209056
24.416804988656388,29792.814931869
24.41780498865639,29792.903251647444
24.41880498865639,29792.991571425886
24.419804988656388,29793.07989120433
24.420804988656386,29793.16821098277
24.421804988656387,29793.256530761213
24.422804988656388,29793.344850539655
24.423804988656386,29793.433170318098
24.424804988656383,29793.521490096537
24.425804988656385,29793.60980987498
24.426804988656386,29793.698129653425
24.427804988656384,29793.786449431864
24.42880498865638,29793.874769210306
24.429804988656382,29793.96308898875
24.430804988656384,29794.05140876719
24.43180498865638,29794.139728545633
24.43280498865638,29794.228048324076
24.43380498865638,29794.316368102518
24.43480498865638,29794.40468788096
24.43580498865638,29794.493007659403
24.436804988656377,29794.581327437845
24.437804988656378,29794.669647216288
24.43880498865638,29794.75796699473
24.439804988656377,29794.846286773172
24.440804988656375,29794.934606551615
24.441804988656376,29795.022926330057
24.442804988656377,29795.1112461085
24.443804988656375,29795.199565886942
24.444804988656372,29795.287885665384
24.445804988656374,29795.376205443827
24.446804988656375,29795.46452522227
24.447804988656372,29795.55284500071
24.44880498865637,29795.641164779154
24.44980498865637,29795.729484557596
24.450804988656373,29795.81780433604
24.45180498865637,29795.90612411448
24.452804988656368,29795.994443892923
24.45380498865637,29796.082763671366
24.45480498865637,29796.171083449808
24.455804988656368,29796.25940322825
24.456804988656366,29796.347723006693
24.457804988656367,29796.436042785135
24.458804988656368,29796.524362563578
24.459804988656366,29796.61268234202
24.460804988656363,29796.701002120462
24.461804988656365,29796.789321898905
24.462804988656366,29796.877641677347
24.463804988656364,29796.96596145579
24.46480498865636,29797.054281234232
24.465804988656362,29797.142601012674
24.466804988656364,29797.230920791117
24.46780498865636,29797.31924056956
24.46880498865636,29797.407560348
24.46980498865636,29797.495880126444
24.47080498865636,29797.584199904886
24.47180498865636,29797.67251968333
24.472804988656357,29797.76083946177
24.473804988656358,29797.849159240213
24.47480498865636,29797.937479018656
24.475804988656357,29798.025798797098
24.476804988656355,29798.11411857554
24.477804988656356,29798.202438353983
24.478804988656357,29798.290758132425
24.479804988656355,29798.379077910868
24.480804988656352,29798.46739768931
24.481804988656354,29798.555717467752
24.482804988656355,29798.644037246195
24.483804988656352,29798.732357024637
24.48480498865635,29798.82067680308
24.48580498865635,29798.908996581522
24.486804988656353,29798.997316359964
24.48780498865635,29799.085636138407
24.488804988656348,29799.17395591685
24.48980498865635,29799.26227569529
24.49080498865635,29799.350595473734
24.491804988656348,29799.438915252176
24.492804988656346,29799.52723503062
24.493804988656347,29799.61555480906
24.494804988656348,29799.703874587503
24.495804988656346,29799.792194365946
24.496804988656343,29799.880514144385
24.497804988656345,29799.968833922827
24.498804988656346,29800.057153701273
24.499804988656344,29800.14547347971
24.50080498865634,29800.233793258154
24.501804988656342,29800.322113036596
24.502804988656344,29800.41043281504
24.50380498865634,29800.49875259348
24.50480498865634,29800.587072371924
24.50580498865634,29800.675392150366
24.50680498865634,29800.76371192881
24.50780498865634,29800.85203170725
24.508804988656337,29800.940351485693
24.509804988656338,29801.028671264135
24.51080498865634,29801.116991042578
24.511804988656337,29801.20531082102
24.512804988656335,29801.293630599463
24.513804988656336,29801.381950377905
24.514804988656337,29801.470270156347
24.515804988656335,29801.55858993479
24.516804988656332,29801.646909713232
24.517804988656334,29801.735229491675
24.518804988656335,29801.823549270117
24.519804988656333,29801.91186904856
24.52080498865633,29801.976656913503
24.52180498865633,29802.020816802724
24.522804988656333,29802.064976691945
24.52380498865633,29802.109136581166
24.524804988656328,29802.153296470387
24.52580498865633,29802.19745635961
24.52680498865633,29802.24161624883
24.527804988656328,29802.28577613805
24.528804988656326,29802.329936027272
24.529804988656327,29802.374095916493
24.530804988656328,29802.418255805715
24.531804988656326,29802.462415694936
24.532804988656324,29802.506575584153
24.533804988656325,29802.550735473378
24.534804988656326,29802.5948953626
24.535804988656324,29802.639055251817
24.53680498865632,29802.683215141038
24.537804988656323,29802.72737503026
24.538804988656324,29802.77153491948
24.53980498865632,29802.8156948087
24.54080498865632,29802.859854697923
24.54180498865632,29802.904014587144
24.54280498865632,29802.948174476365
24.54380498865632,29802.992334365586
24.544804988656317,29803.036494254808
24.545804988656318,29803.08065414403
24.54680498865632,29803.12481403325
24.547804988656317,29803.16897392247
24.548804988656315,29803.213133811692
24.549804988656316,29803.257293700914
24.550804988656317,29803.301453590135
24.551804988656315,29803.345613479356
24.552804988656312,29803.389773368577
24.553804988656314,29803.4339332578
24.554804988656315,29803.47809314702
24.555804988656313,29803.52225303624
24.55680498865631,29803.566412925462
24.55780498865631,29803.610572814683
24.558804988656313,29803.654732703904
24.55980498865631,29803.698892593125
24.560804988656308,29803.743052482347
24.56180498865631,29803.787212371568
24.56280498865631,29803.83137226079
24.563804988656308,29803.87553215001
24.564804988656306,29803.91969203923
24.565804988656307,29803.963851928453
24.56680498865631,29804.008011817674
24.567804988656306,29804.052171706895
24.568804988656304,29804.096331596116
24.569804988656305,29804.140491485337
24.570804988656306,29804.18465137456
24.571804988656304,29804.22881126378
24.5728049886563,29804.272971153
24.573804988656303,29804.317131042222
24.574804988656304,29804.361290931443
24.5758049886563,29804.405450820665
24.5768049886563,29804.449610709886
24.5778049886563,29804.493770599107
24.5788049886563,29804.537930488328
24.5798049886563,29804.58209037755
24.580804988656297,29804.62625026677
24.581804988656298,29804.67041015599
24.5828049886563,29804.714570045213
24.583804988656297,29804.758729934434
24.584804988656295,29804.802889823655
24.585804988656296,29804.847049712876
24.586804988656297,29804.891209602098
24.587804988656295,29804.93536949132
24.588804988656292,29804.97952938054
24.589804988656294,29805.02368926976
24.590804988656295,29805.067849158982
24.591804988656293,29805.112009048204
24.59280498865629,29805.156168937425
24.59380498865629,29805.200328826646
24.594804988656293,29805.244488715867
24.59580498865629,29805.28864860509
24.596804988656288,29805.33280849431
24.59780498865629,29805.37696838353
24.59880498865629,29805.421128272752
24.599804988656288,29805.465288161973
24.600804988656286,29805.509448051194
24.601804988656287,29805.553607940416
24.60280498865629,29805.597767829637
24.603804988656286,29805.641927718858
24.604804988656284,29805.68608760808
24.605804988656285,29805.7302474973
24.606804988656286,29805.77440738652
24.607804988656284,29805.818567275743
24.60880498865628,29805.862727164964
24.609804988656283,29805.906887054185
24.610804988656284,29805.951046943406
24.61180498865628,29805.995206832627
24.61280498865628,29806.03936672185
24.61380498865628,29806.08352661107
24.61480498865628,29806.12768650029
24.61580498865628,29806.171846389512
24.616804988656277,29806.216006278733
24.617804988656278,29806.260166167955
24.61880498865628,29806.304326057176
24.619804988656277,29806.348485946397
24.620804988656275,29806.392645835618
24.621804988656276,29806.43680572484
24.622804988656277,29806.48096561406
24.623804988656275,29806.52512550328
24.624804988656273,29806.569285392503
24.625804988656274,29806.613445281724
24.626804988656275,29806.657605170945
24.627804988656273,29806.701765060167
24.62880498865627,29806.745924949388
24.62980498865627,29806.79008483861
24.630804988656273,29806.83424472783
24.63180498865627,29806.87840461705
24.632804988656268,29806.922564506272
24.63380498865627,29806.966724395494
24.63480498865627,29807.010884284715
24.635804988656268,29807.055044173936
24.636804988656266,29807.099204063157
24.637804988656267,29807.14336395238
24.63880498865627,29807.1875238416
24.639804988656266,29807.23168373082
24.640804988656264,29807.275843620042
24.641804988656265,29807.320003509263
24.642804988656266,29807.364163398484
24.643804988656264,29807.408323287706
24.64480498865626,29807.452483176927
24.645804988656263,29807.496643066148
24.646804988656264,29807.54080295537
24.64780498865626,29807.58496284459
24.64880498865626,29807.62912273381
24.64980498865626,29807.673282623033
24.65080498865626,29807.717442512254
24.65180498865626,29807.761602401475
24.652804988656257,29807.805762290696
24.65380498865626,29807.849922179917
24.65480498865626,29807.89408206914
24.655804988656257,29807.93824195836
24.656804988656255,29807.98240184758
24.657804988656256,29808.026561736802
24.658804988656257,29808.070721626023
24.659804988656255,29808.114881515245
24.660804988656253,29808.159041404466
24.661804988656254,29808.203201293687
24.662804988656255,29808.24736118291
24.663804988656253,29808.29152107213
24.66480498865625,29808.33568096135
24.66580498865625,29808.37984085057
24.666804988656253,29808.424000739793
24.66780498865625,29808.468160629014
24.668804988656248,29808.512320518235
24.66980498865625,29808.556480407457
24.67080498865625,29808.600640296678
24.67180498865625,29808.6448001859
24.672804988656246,29808.68896007512
24.673804988656247,29808.73311996434
24.67480498865625,29808.777279853563
24.675804988656246,29808.821439742784
24.676804988656244,29808.865599632005
24.677804988656245,29808.909759521226
24.678804988656246,29808.953919410447
24.679804988656244,29808.99807929967
24.68080498865624,29809.042239188886
24.681804988656243,29809.08639907811
24.682804988656244,29809.130558967332
24.68380498865624,29809.17471885655
24.68480498865624,29809.21887874577
24.68580498865624,29809.263038634992
24.68680498865624,29809.307198524213
24.68780498865624,29809.351358413434
24.688804988656237,29809.395518302656
24.68980498865624,29809.439678191877
24.69080498865624,29809.483838081098
24.691804988656237,29809.52799797032
24.692804988656235,29809.57215785954
24.693804988656236,29809.61631774876
24.694804988656237,29809.660477637983
24.695804988656235,29809.704637527204
24.696804988656233,29809.748797416425
24.697804988656234,29809.792957305646
24.698804988656235,29809.837117194867
24.699804988656233,29809.88127708409
24.70080498865623,29809.92543697331
24.70180498865623,29809.96959686253
24.702804988656233,29810.013756751752
24.70380498865623,29810.057916640973
24.704804988656228,29810.102076530195
24.70580498865623,29810.146236419416
24.70680498865623,29810.224542617278
24.70780498865623,29810.31286239572
24.708804988656226,29810.401182174162
24.709804988656227,29810.489501952605
24.71080498865623,29810.577821731047
24.711804988656226,29810.66614150949
24.712804988656224,29810.754461287932
24.713804988656225,29810.842781066374
24.714804988656226,29810.931100844817
24.715804988656224,29811.01942062326
24.71680498865622,29811.107740401698
24.717804988656223,29811.196060180144
24.718804988656224,29811.284379958586
24.71980498865622,29811.37269973703
24.72080498865622,29811.461019515467
24.72180498865622,29811.54933929391
24.722804988656222,29811.637659072356
24.72380498865622,29811.725978850794
24.724804988656217,29811.814298629237
24.72580498865622,29811.90261840768
24.72680498865622,29811.99093818612
24.727804988656217,29812.079257964564
24.728804988656215,29812.167577743006
24.729804988656216,29812.25589752145
24.730804988656217,29812.34421729989
24.731804988656215,29812.432537078334
24.732804988656213,29812.520856856776
24.733804988656214,29812.60917663522
24.734804988656215,29812.69749641366
24.735804988656213,29812.785816192103
24.73680498865621,29812.874135970545
24.73780498865621,29812.962455748988
24.738804988656213,29813.05077552743
24.73980498865621,29813.139095305873
24.74080498865621,29813.227415084315
24.74180498865621,29813.315734862757
24.74280498865621,29813.4040546412
24.74380498865621,29813.492374419642
24.744804988656206,29813.580694198085
24.745804988656207,29813.669013976527
24.74680498865621,29813.75733375497
24.747804988656206,29813.84565353341
24.748804988656204,29813.933973311854
24.749804988656205,29814.022293090296
24.750804988656206,29814.11061286874
24.751804988656204,29814.19893264718
24.7528049886562,29814.287252425624
24.753804988656203,29814.375572204066
24.754804988656204,29814.46389198251
24.7558049886562,29814.55221176095
24.7568049886562,29814.640531539393
24.7578049886562,29814.728851317836
24.758804988656202,29814.817171096278
24.7598049886562,29814.90549087472
24.760804988656197,29814.993810653163
24.7618049886562,29815.082130431605
24.7628049886562,29815.170450210047
24.763804988656197,29815.25876998849
24.764804988656195,29815.347089766932
24.765804988656196,29815.435409545375
24.766804988656197,29815.523729323817
24.767804988656195,29815.61204910226
24.768804988656193,29815.7003688807
24.769804988656194,29815.788688659144
24.770804988656195,29815.877008437586
24.771804988656193,29815.96532821603
24.77280498865619,29816.05364799447
24.77380498865619,29816.141967772914
24.774804988656193,29816.230287551356
24.77580498865619,29816.3186073298
24.77680498865619,29816.40692710824
24.77780498865619,29816.495246886683
24.77880498865619,29816.583566665126
24.77980498865619,29816.671886443568
24.780804988656186,29816.76020622201
24.781804988656187,29816.848526000453
24.78280498865619,29816.936845778895
24.783804988656186,29817.025165557337
24.784804988656184,29817.11348533578
24.785804988656185,29817.201805114222
24.786804988656186,29817.290124892665
24.787804988656184,29817.378444671107
24.78880498865618,29817.46676444955
24.789804988656183,29817.55508422799
24.790804988656184,29817.643404006434
24.79180498865618,29817.731723784877
24.79280498865618,29817.82004356332
24.79380498865618,29817.90836334176
24.794804988656182,29817.996683120204
24.79580498865618,29818.085002898646
24.796804988656177,29818.173322677085
24.79780498865618,29818.261642455527
24.79880498865618,29818.349962233973
24.799804988656177,29818.438282012412
24.800804988656175,29818.526601790854
24.801804988656176,29818.614921569297
24.802804988656177,29818.70324134774
24.803804988656175,29818.79156112618
24.804804988656173,29818.879880904624
24.805804988656174,29818.968200683066
24.806804988656175,29819.05652046151
24.807804988656173,29819.14484023995
24.80880498865617,29819.233160018393
24.809804988656172,29819.321479796836
24.810804988656173,29819.409799575278
24.81180498865617,29819.49811935372
24.81280498865617,29819.586439132163
24.81380498865617,29819.674758910605
24.81480498865617,29819.763078689048
24.81580498865617,29819.85139846749
24.816804988656166,29819.939718245932
24.817804988656167,29820.028038024375
24.81880498865617,29820.116357802817
24.819804988656166,29820.20467758126
24.820804988656164,29820.292997359702
24.821804988656165,29820.381317138144
24.822804988656166,29820.469636916587
24.823804988656164,29820.55795669503
24.82480498865616,29820.64627647347
24.825804988656163,29820.734596251914
24.826804988656164,29820.822916030356
24.827804988656162,29820.9112358088
24.82880498865616,29820.99955558724
24.82980498865616,29821.087875365683
24.830804988656162,29821.176195144126
24.83180498865616,29821.26451492257
24.832804988656157,29821.35283470101
24.83380498865616,29821.441154479453
24.83480498865616,29821.529474257895
24.835804988656157,29821.617794036338
24.836804988656155,29821.70611381478
24.837804988656156,29821.794433593222
24.838804988656157,29821.882753371665
24.839804988656155,29821.971073150107
24.840804988656153,29822.05939292855
24.841804988656154,29822.147712706992
24.842804988656155,29822.236032485434
24.843804988656153,29822.324352263877
24.84480498865615,29822.41267204232
24.845804988656152,29822.50099182076
24.846804988656153,29822.589311599204
24.84780498865615,29822.677631377646
24.84880498865615,29822.76595115609
24.84980498865615,29822.85427093453
24.85080498865615,29822.942590712973
24.85180498865615,29823.030910491416
24.852804988656146,29823.11923026986
24.853804988656147,29823.2075500483
24.85480498865615,29823.295869826743
24.855804988656146,29823.384189605185
24.856804988656144,29823.472509383628
24.857804988656145,29823.56082916207
24.858804988656146,29823.649148940513
24.859804988656144,29823.737468718955
24.86080498865614,29823.825788497397
24.861804988656143,29823.91410827584
24.862804988656144,29824.002428054282
24.863804988656142,29824.090747832724
24.86480498865614,29824.179067611167
24.86580498865614,29824.26738738961
24.866804988656142,29824.35570716805
24.86780498865614,29824.444026946494
24.868804988656137,29824.532346724933
24.86980498865614,29824.62066650338
24.87080498865614,29824.70898628182
24.871804988656137,29824.79730606026
24.872804988656135,29824.885625838702
24.873804988656136,29824.973945617145
24.874804988656138,29825.062265395587
24.875804988656135,29825.15058517403
24.876804988656133,29825.23890495247
24.877804988656134,29825.327224730914
24.878804988656135,29825.415544509357
24.879804988656133,29825.5038642878
24.88080498865613,29825.59218406624
24.881804988656132,29825.680503844684
24.882804988656133,29825.768823623126
24.88380498865613,29825.85714340157
24.88480498865613,29825.94546318001
24.88580498865613,29826.033782958453
24.88680498865613,29826.122102736896
24.88780498865613,29826.210422515338
24.888804988656126,29826.29874229378
24.889804988656127,29826.387062072223
24.89080498865613,29826.475381850665
24.891804988656126,29826.563701629108
24.892804988656124,29826.65202140755
24.893804988656125,29826.740341185992
24.894804988656126,29826.828660964435
24.895804988656124,29826.916980742877
24.896804988656122,29827.00530052132
24.897804988656123,29827.093620299762
24.898804988656124,29827.181940078204
24.899804988656122,29827.270259856647
24.90080498865612,29827.35857963509
24.90180498865612,29827.44689941353
24.902804988656122,29827.535219191974
24.90380498865612,29827.623538970416
24.904804988656117,29827.71185874886
24.90580498865612,29827.8001785273
24.90680498865612,29827.888498305743
24.907804988656117,29827.976818084186
24.908804988656115,29828.065137862628
24.909804988656116,29828.15345764107
24.910804988656118,29828.241777419513
24.911804988656115,29828.330097197955
24.912804988656113,29828.418416976398
24.913804988656114,29828.50673675484
24.914804988656115,29828.595056533282
24.915804988656113,29828.683376311725
24.91680498865611,29828.771696090167
24.917804988656112,29828.86001586861
24.918804988656113,29828.948335647052
24.91980498865611,29829.036655425494
24.92080498865611,29829.124975203937
24.92180498865611,29829.21329498238
24.92280498865611,29829.30161476082
24.92380498865611,29829.389934539264
24.924804988656106,29829.478254317706
24.925804988656107,29829.56657409615
24.92680498865611,29829.65489387459
24.927804988656106,29829.743213653033
24.928804988656104,29829.831533431476
24.929804988656105,29829.919853209918
24.930804988656107,29830.00817298836
24.931804988656104,29830.096492766803
24.932804988656102,29830.184812545245
24.933804988656103,29830.273132323688
24.934804988656104,29830.36145210213
24.935804988656102,29830.449771880572
24.9368049886561,29830.538091659015
24.9378049886561,29830.626411437457
24.938804988656102,29830.7147312159
24.9398049886561,29830.803050994342
24.940804988656097,29830.891370772784
24.9418049886561,29830.979690551227
24.9428049886561,29831.06801032967
24.943804988656098,29831.15633010811
24.944804988656095,29831.24464988655
24.945804988656096,29831.332969664993
24.946804988656098,29831.42128944344
24.947804988656095,29831.509609221877
24.948804988656093,29831.59792900032
24.949804988656094,29831.686248778762
24.950804988656095,29831.774568557204
24.951804988656093,29831.862888335647
24.95280498865609,29831.95120811409
24.953804988656092,29832.03952789253
24.954804988656093,29832.127847670974
24.95580498865609,29832.216167449416
24.95680498865609,29832.30448722786
24.95780498865609,29832.3928070063
24.95880498865609,29832.481126784744
24.95980498865609,29832.569446563186
24.960804988656086,29832.65776634163
24.961804988656088,29832.74608612007
24.96280498865609,29832.834405898513
24.963804988656086,29832.922725676955
24.964804988656084,29833.011045455398
24.965804988656085,29833.09936523384
24.966804988656087,29833.187685012283
24.967804988656084,29833.276004790725
24.968804988656082,29833.364324569167
24.969804988656083,29833.45264434761
24.970804988656084,29833.540964126052
24.971804988656082,29833.629283904495
24.97280498865608,29833.717603682937
24.97380498865608,29833.80592346138
24.974804988656082,29833.89424323982
24.97580498865608,29833.982563018264
24.976804988656077,29834.070882796706
24.97780498865608,29834.15920257515
24.97880498865608,29834.24752235359
24.979804988656078,29834.335842132034
24.980804988656075,29834.424161910476
24.981804988656076,29834.51248168892
24.982804988656078,29834.60080146736
24.983804988656075,29834.689121245803
24.984804988656073,29834.777441024245
24.985804988656074,29834.865760802688
24.986804988656075,29834.95408058113
24.987804988656073,29835.042400359573
24.98880498865607,29835.130720138015
24.989804988656072,29835.219039916457
24.990804988656073,29835.3073596949
24.99180498865607,29835.395679473342
24.99280498865607,29835.483999251785
24.99380498865607,29835.572319030227
24.99480498865607,29835.66063880867
24.99580498865607,29835.74895858711
24.996804988656066,29835.837278365554
24.997804988656068,29835.925598143996
24.99880498865607,29836.01391792244
24.999804988656066,29836.10223770088
25.000804988656064,29836.190557479324
25.001804988656065,29836.278877257766
25.002804988656067,29836.36719703621
25.003804988656064,29836.45551681465
25.004804988656062,29836.543836593093
25.005804988656063,29836.632156371536
25.006804988656064,29836.720476149978
25.007804988656062,29836.80879592842
25.00880498865606,29836.897115706863
25.00980498865606,29836.985435485305
25.010804988656062,29837.073755263747
25.01180498865606,29837.16207504219
25.012804988656058,29837.250394820632
25.01380498865606,29837.338714599075
25.01480498865606,29837.427034377517
25.015804988656058,29837.51535415596
25.016804988656055,29837.603673934398
25.017804988656057,29837.69199371284
25.018804988656058,29837.780313491287
25.019804988656055,29837.868633269725
25.020804988656053,29837.956953048168
25.021804988656054,29838.04527282661
25.022804988656056,29838.133592605052
25.023804988656053,29838.221912383495
25.02480498865605,29838.310232161937
25.025804988656052,29838.39855194038
25.026804988656053,29838.486871718822
25.02780498865605,29838.575191497264
25.02880498865605,29838.663511275707
25.02980498865605,29838.75183105415
25.03080498865605,29838.84015083259
25.03180498865605,29838.928470611034
25.032804988656046,29839.016790389476
25.033804988656048,29839.10511016792
25.03480498865605,29839.19342994636
25.035804988656047,29839.281749724803
25.036804988656044,29839.370069503246
25.037804988656045,29839.458389281688
25.038804988656047,29839.54670906013
25.039804988656044,29839.635028838573
25.040804988656042,29839.723348617015
25.041804988656043,29839.811668395458
25.042804988656044,29839.8999881739
25.043804988656042,29839.988307952342
25.04480498865604,29840.076627730785
25.04580498865604,29840.164947509227
25.046804988656042,29840.25326728767
25.04780498865604,29840.341587066112
25.048804988656038,29840.429906844554
25.04980498865604,29840.518226622997
25.05080498865604,29840.60654640144
25.051804988656038,29840.69486617988
25.052804988656035,29840.783185958324
25.053804988656037,29840.871505736766
25.054804988656038,29840.95982551521
25.055804988656035,29841.04814529365
25.056804988656033,29841.136465072093
25.057804988656034,29841.224784850536
25.058804988656036,29841.313104628978
25.059804988656033,29841.40142440742
25.06080498865603,29841.489744185863
25.061804988656032,29841.578063964305
25.062804988656033,29841.666383742748
25.06380498865603,29841.75470352119
25.06480498865603,29841.843023299632
25.06580498865603,29841.931343078075
25.06680498865603,29842.019662856517
25.06780498865603,29842.10798263496
25.068804988656026,29842.196302413402
25.069804988656028,29842.284622191844
25.07080498865603,29842.372941970287
25.071804988656027,29842.46126174873
25.072804988656024,29842.54958152717
25.073804988656025,29842.637901305614
25.074804988656027,29842.726221084056
25.075804988656024,29842.8145408625
25.076804988656022,29842.90286064094
25.077804988656023,29842.97996520969
25.078804988656024,29843.024125098913
25.079804988656022,29843.068284988134
25.08080498865602,29843.112444877355
25.08180498865602,29843.156604766576
25.082804988656022,29843.200764655798
25.08380498865602,29843.24492454502
25.084804988656018,29843.28908443424
25.08580498865602,29843.33324432346
25.08680498865602,29843.377404212682
25.087804988656018,29843.421564101904
25.088804988656015,29843.465723991125
25.089804988656017,29843.509883880346
25.090804988656018,29843.554043769567
25.091804988656015,29843.59820365879
25.092804988656013,29843.64236354801
25.093804988656014,29843.68652343723
25.094804988656016,29843.730683326452
25.095804988656013,29843.774843215673
25.09680498865601,29843.819003104894
25.097804988656012,29843.863162994116
25.098804988656013,29843.907322883337
25.09980498865601,29843.951482772558
25.10080498865601,29843.99564266178
25.10180498865601,29844.039802551
25.10280498865601,29844.08396244022
25.10380498865601,29844.128122329443
25.104804988656007,29844.172282218664
25.105804988656008,29844.216442107885
25.10680498865601,29844.260601997106
25.107804988656007,29844.304761886327
25.108804988656004,29844.34892177555
25.109804988656006,29844.39308166477
25.110804988656007,29844.43724155399
25.111804988656004,29844.481401443212
25.112804988656002,29844.525561332433
25.113804988656003,29844.569721221655
25.114804988656005,29844.613881110876
25.115804988656002,29844.658041000097
25.116804988656,29844.70220088932
25.117804988656,29844.74636077854
25.118804988656002,29844.79052066776
25.119804988656,29844.83468055698
25.120804988655998,29844.878840446203
25.121804988656,29844.923000335424
25.122804988656,29844.967160224645
25.123804988655998,29845.011320113867
25.124804988655995,29845.01953125
25.125804988655997,29845.01953125
25.126804988655998,29845.01953125
25.127804988655996,29845.01953125
25.128804988655993,29845.01953125
25.129804988655994,29845.01953125
25.130804988655996,29845.01953125
25.131804988655993,29845.01953125
25.13280498865599,29845.01953125
25.133804988655992,29845.01953125
25.134804988655993,29845.01953125
25.13580498865599,29845.01953125
25.13680498865599,29845.01953125
25.13780498865599,29845.01953125
25.13880498865599,29845.01953125
25.13980498865599,29845.01953125
25.140804988655987,29845.01953125
25.141804988655988,29845.01953125
25.14280498865599,29845.01953125
25.143804988655987,29845.01953125
25.144804988655984,29845.01953125
25.145804988655986,29845.01953125
25.146804988655987,29845.01953125
25.147804988655984,29845.01953125
25.148804988655982,29845.01953125
25.149804988655983,29845.01953125
25.150804988655985,29845.01953125
25.151804988655982,29845.01953125
25.15280498865598,29845.01953125
25.15380498865598,29845.01953125
25.154804988655982,29845.01953125
25.15580498865598,29845.01953125
25.156804988655978,29845.01953125
25.15780498865598,29845.01953125
25.15880498865598,29845.01953125
25.159804988655978,29845.01953125
25.160804988655975,29845.01953125
25.161804988655977,29845.01953125
25.162804988655978,29845.01953125
25.163804988655976,29845.01953125
25.164804988655973,29845.01953125
25.165804988655974,29845.01953125
25.166804988655976,29845.01953125
25.167804988655973,29845.01953125
25.16880498865597,29845.01953125
25.169804988655972,29845.01953125
25.170804988655973,29845.01953125
25.17180498865597,29845.01953125
25.17280498865597,29845.01953125
25.17380498865597,29845.01953125
25.17480498865597,29845.01953125
25.17580498865597,29845.01953125
25.176804988655967,29845.01953125
25.177804988655968,29845.01953125
25.17880498865597,29845.01953125
25.179804988655967,29845.01953125
25.180804988655964,29845.01953125
25.181804988655966,29845.01953125
25.182804988655967,29845.01953125
25.183804988655965,29845.01953125
25.184804988655962,29845.01953125
25.185804988655963,29845.01953125
25.186804988655965,29845.01953125
25.187804988655962,29845.01953125
25.18880498865596,29845.01953125
25.18980498865596,29845.01953125
25.190804988655962,29845.01953125
25.19180498865596,29845.01953125
25.192804988655958,29845.01953125
25.19380498865596,29845.01953125
25.19480498865596,29845.01953125
25.195804988655958,29845.01953125
25.196804988655956,29845.01953125
25.197804988655957,29845.01953125
25.198804988655958,29845.01953125
25.199804988655956,29845.01953125
25.200804988655953,29845.01953125
25.201804988655955,29845.01953125
25.202804988655956,29845.01953125
25.203804988655953,29845.01953125
25.20480498865595,29845.01953125
25.205804988655952,29845.01953125
25.206804988655954,29845.01953125
25.20780498865595,29845.01953125
25.20880498865595,29845.01953125
25.20980498865595,29845.01953125
25.21080498865595,29845.01953125
25.21180498865595,29845.01953125
25.212804988655947,29845.01953125
25.213804988655948,29845.01953125
25.21480498865595,29845.01953125
25.215804988655947,29845.01953125
25.216804988655944,29845.01953125
25.217804988655946,29845.01953125
25.218804988655947,29845.01953125
25.219804988655945,29845.01953125
25.220804988655942,29845.01953125
25.221804988655943,29845.01953125
25.222804988655945,29845.01953125
25.223804988655942,29845.01953125
25.22480498865594,29845.01953125
25.22580498865594,29845.01953125
25.226804988655942,29845.01953125
25.22780498865594,29845.01953125
25.228804988655938,29845.01953125
25.22980498865594,29845.01953125
25.23080498865594,29845.01953125
25.231804988655938,29845.01953125
25.232804988655936,29845.01953125
25.233804988655937,29845.01953125
25.234804988655938,29845.01953125
25.235804988655936,29845.01953125
25.236804988655933,29845.01953125
25.237804988655935,29845.01953125
25.238804988655936,29845.01953125
25.239804988655933,29845.01953125
25.24080498865593,29845.01953125
25.241804988655932,29845.01953125
25.242804988655934,29845.01953125
25.24380498865593,29845.01953125
25.24480498865593,29845.01953125
25.24580498865593,29845.01953125
25.24680498865593,29845.01953125
25.24780498865593,29845.01953125
25.248804988655927,29845.01953125
25.249804988655928,29845.01953125
25.25080498865593,29845.01953125
25.251804988655927,29845.01953125
25.252804988655924,29845.01953125
25.253804988655926,29845.01953125
25.254804988655927,29845.01953125
25.255804988655925,29845.01953125
25.256804988655922,29845.01953125
25.257804988655923,29845.01953125
25.258804988655925,29845.01953125
25.259804988655922,29845.01953125
25.26080498865592,29845.01953125
25.26180498865592,29845.01953125
25.262804988655923,29845.01953125
25.26380498865592,29845.01953125
25.264804988655918,29845.01953125
25.26580498865592,29845.01953125
25.26680498865592,29845.01953125
25.267804988655918,29845.01953125
25.268804988655916,29845.01953125
25.269804988655917,29845.01953125
25.270804988655918,29845.01953125
25.271804988655916,29845.01953125
25.272804988655913,29845.01953125
25.273804988655915,29845.01953125
25.274804988655916,29845.01953125
25.275804988655914,29845.01953125
25.27680498865591,29845.01953125
25.277804988655912,29845.01953125
25.278804988655914,29845.01953125
25.27980498865591,29845.01953125
25.28080498865591,29845.01953125
25.28180498865591,29845.01953125
25.28280498865591,29845.01953125
25.28380498865591,29845.01953125
25.284804988655907,29845.01953125
25.285804988655908,29845.01953125
25.28680498865591,29845.01953125
25.287804988655907,29845.01953125
25.288804988655905,29845.01953125
25.289804988655906,29845.01953125
25.290804988655907,29845.01953125
25.291804988655905,29845.01953125
25.292804988655902,29845.01953125
25.293804988655904,29845.01953125
25.294804988655905,29845.01953125
25.295804988655902,29845.01953125
25.2968049886559,29845.01953125
25.2978049886559,29845.01953125
25.298804988655903,29845.01953125
25.2998049886559,29845.01953125
25.300804988655898,29845.01953125
25.3018049886559,29845.01953125
25.3028049886559,29845.01953125
25.303804988655898,29845.01953125
25.304804988655896,29845.01953125
25.305804988655897,29845.01953125
25.306804988655898,29845.01953125
25.307804988655896,29845.01953125
25.308804988655893,29845.01953125
25.309804988655895,29845.01953125
25.310804988655896,29845.01953125
25.311804988655894,29845.01953125
25.31280498865589,29845.01953125
25.313804988655892,29845.01953125
25.314804988655894,29845.01953125
25.31580498865589,29845.01953125
25.31680498865589,29845.01953125
25.31780498865589,29845.01953125
25.31880498865589,29845.01953125
25.31980498865589,29845.01953125
25.320804988655887,29845.01953125
25.321804988655888,29845.01953125
25.32280498865589,29845.01953125
25.323804988655887,29845.01953125
25.324804988655885,29845.01953125
25.325804988655886,29845.01953125
25.326804988655887,29845.01953125
25.327804988655885,29845.01953125
25.328804988655882,29845.01953125
25.329804988655884,29845.01953125
25.330804988655885,29845.01953125
25.331804988655882,29845.01953125
25.33280498865588,29845.01953125
25.33380498865588,29845.01953125
25.334804988655883,29845.01953125
25.33580498865588,29845.01953125
25.336804988655878,29845.01953125
25.33780498865588,29845.01953125
25.33880498865588,29845.01953125
25.339804988655878,29845.01953125
25.340804988655876,29845.01953125
25.341804988655877,29845.01953125
25.342804988655878,29845.01953125
25.343804988655876,29845.01953125
25.344804988655874,29845.01953125
25.345804988655875,29845.01953125
25.346804988655876,29845.01953125
25.347804988655874,29845.01953125
25.34880498865587,29845.01953125
25.349804988655873,29845.01953125
25.350804988655874,29845.01953125
25.35180498865587,29845.01953125
25.35280498865587,29845.01953125
25.35380498865587,29845.01953125
25.35480498865587,29845.01953125
25.35580498865587,29845.01953125
25.356804988655867,29845.01953125
25.357804988655868,29845.01953125
25.35880498865587,29845.01953125
25.359804988655867,29845.01953125
25.360804988655865,29845.01953125
25.361804988655866,29845.01953125
25.362804988655867,29845.01953125
25.363804988655865,29845.01953125
25.364804988655862,29845.01953125
25.365804988655864,29845.01953125
25.366804988655865,29845.01953125
25.367804988655863,29845.01953125
25.36880498865586,29845.01953125
25.36980498865586,29845.01953125
25.370804988655863,29845.01953125
25.37180498865586,29845.01953125
25.372804988655858,29845.01953125
25.37380498865586,29845.01953125
25.37480498865586,29845.01953125
25.375804988655858,29845.01953125
25.376804988655856,29845.01953125
25.377804988655857,29845.01953125
25.378804988655858,29845.01953125
25.379804988655856,29845.01953125
25.380804988655854,29845.01953125
25.381804988655855,29845.01953125
25.382804988655856,29845.01953125
25.383804988655854,29845.01953125
25.38480498865585,29845.01953125
25.385804988655853,29845.01953125
25.386804988655854,29845.01953125
25.38780498865585,29845.01953125
25.38880498865585,29845.01953125
25.38980498865585,29845.01953125
25.39080498865585,29845.01953125
25.39180498865585,29845.01953125
25.392804988655847,29845.01953125
25.393804988655848,29845.01953125
25.39480498865585,29845.01953125
25.395804988655847,29845.01953125
25.396804988655845,29845.01953125
25.397804988655846,29845.01953125
25.398804988655847,29845.01953125
25.399804988655845,29845.01953125
25.400804988655842,29845.01953125
25.401804988655844,29845.01953125
25.402804988655845,29845.01953125
25.403804988655843,29845.01953125
25.40480498865584,29845.01953125
25.40580498865584,29845.01953125
25.406804988655843,29845.01953125
25.40780498865584,29845.01953125
25.408804988655838,29845.01953125
25.40980498865584,29845.01953125
25.41080498865584,29845.01953125
25.411804988655838,29845.01953125
25.412804988655836,29845.01953125
25.413804988655837,29845.01953125
25.41480498865584,29845.01953125
25.415804988655836,29845.01953125
25.416804988655834,29845.01953125
25.417804988655835,29845.01953125
25.418804988655836,29845.01953125
25.419804988655834,29845.01953125
25.42080498865583,29845.01953125
25.421804988655833,29845.01953125
25.422804988655834,29845.01953125
25.42380498865583,29845.01953125
25.42480498865583,29845.01953125
25.42580498865583,29845.01953125
25.42680498865583,29845.01953125
25.42780498865583,29845.01953125
25.428804988655827,29845.01953125
25.429804988655828,29845.01953125
25.43080498865583,29845.01953125
25.431804988655827,29845.01953125
25.432804988655825,29845.01953125
25.433804988655826,29845.01953125
25.434804988655827,29845.01953125
25.435804988655825,29845.01953125
25.436804988655823,29845.01953125
25.437804988655824,29845.01953125
25.438804988655825,29845.01953125
25.439804988655823,29845.01953125
25.44080498865582,29845.01953125
25.44180498865582,29845.01953125
25.442804988655823,29845.01953125
25.44380498865582,29845.01953125
25.444804988655818,29845.01953125
25.44580498865582,29845.01953125
25.44680498865582,29845.01953125
25.447804988655818,29845.01953125
25.448804988655816,29845.01953125
25.449804988655817,29845.01953125
25.45080498865582,29845.01953125
25.451804988655816,29845.01953125
25.452804988655814,29845.01953125
25.453804988655815,29845.01953125
25.454804988655816,29845.01953125
25.455804988655814,29845.01953125
25.45680498865581,29845.01953125
25.457804988655813,29845.01953125
25.458804988655814,29845.01953125
25.45980498865581,29845.01953125
25.46080498865581,29845.01953125
25.46180498865581,29845.01953125
25.46280498865581,29845.01953125
25.46380498865581,29845.01953125
25.464804988655807,29845.01953125
25.465804988655808,29845.01953125
25.46680498865581,29845.01953125
25.467804988655807,29845.01953125
25.468804988655805,29845.01953125
25.469804988655806,29845.01953125
25.470804988655807,29845.01953125
25.471804988655805,29845.01953125
25.472804988655803,29845.01953125
25.473804988655804,29845.01953125
25.474804988655805,29845.01953125
25.475804988655803,29845.01953125
25.4768049886558,29845.01953125
25.4778049886558,29845.01953125
25.478804988655803,29845.01953125
25.4798049886558,29845.01953125
25.480804988655798,29845.01953125
25.4818049886558,29845.01953125
25.4828049886558,29845.01953125
25.4838049886558,29845.01953125
25.484804988655796,29845.01953125
25.485804988655797,29845.01953125
25.4868049886558,29845.01953125
25.487804988655796,29845.01953125
25.488804988655794,29845.01953125
25.489804988655795,29845.01953125
25.490804988655796,29845.01953125
25.491804988655794,29845.01953125
25.49280498865579,29845.01953125
25.493804988655793,29845.01953125
25.494804988655794,29845.01953125
25.49580498865579,29845.03254890414
25.49680498865579,29845.07670879336
25.49780498865579,29845.12086868258
25.49880498865579,29845.165028571802
25.49980498865579,29845.209188461024
25.500804988655787,29845.253348350245
25.50180498865579,29845.297508239466
25.50280498865579,29845.341668128687
25.503804988655787,29845.38582801791
25.504804988655785,29845.42998790713
25.505804988655786,29845.47414779635
25.506804988655787,29845.518307685572
25.507804988655785,29845.562467574793
25.508804988655783,29845.606627464014
25.509804988655784,29845.650787353236
25.510804988655785,29845.694947242457
25.511804988655783,29845.739107131678
25.51280498865578,29845.7832670209
25.51380498865578,29845.82742691012
25.514804988655783,29845.87158679934
25.51580498865578,29845.915746688563
25.516804988655778,29845.959906577784
25.51780498865578,29846.004066467005
25.51880498865578,29846.048226356226
25.51980498865578,29846.092386245447
25.520804988655776,29846.13654613467
25.521804988655777,29846.18070602389
25.52280498865578,29846.22486591311
25.523804988655776,29846.269025802332
25.524804988655774,29846.313185691553
25.525804988655775,29846.357345580775
25.526804988655776,29846.401505469996
25.527804988655774,29846.445665359217
25.52880498865577,29846.489825248438
25.529804988655773,29846.53398513766
25.530804988655774,29846.57814502688
25.53180498865577,29846.6223049161
25.53280498865577,29846.666464805323
25.53380498865577,29846.710624694544
25.53480498865577,29846.754784583765
25.53580498865577,29846.798944472986
25.536804988655767,29846.843104362208
25.53780498865577,29846.88726425143
25.53880498865577,29846.93142414065
25.539804988655767,29846.97558402987
25.540804988655765,29847.019743919092
25.541804988655766,29847.063903808314
25.542804988655767,29847.108063697535
25.543804988655765,29847.152223586756
25.544804988655763,29847.196383475977
25.545804988655764,29847.2405433652
25.546804988655765,29847.28470325442
25.547804988655763,29847.32886314364
25.54880498865576,29847.373023032862
25.54980498865576,29847.417182922083
25.550804988655763,29847.461342811304
25.55180498865576,29847.505502700526
25.552804988655758,29847.549662589747
25.55380498865576,29847.593822478968
25.55480498865576,29847.63798236819
25.55580498865576,29847.68214225741
25.556804988655756,29847.72630214663
25.557804988655757,29847.770462035853
25.55880498865576,29847.814621925074
25.559804988655756,29847.858781814295
25.560804988655754,29847.902941703516
25.561804988655755,29847.947101592737
25.562804988655756,29847.99126148196
25.563804988655754,29848.03542137118
25.56480498865575,29848.0795812604
25.565804988655753,29848.123741149622
25.566804988655754,29848.167901038843
25.56780498865575,29848.212060928065
25.56880498865575,29848.256220817286
25.56980498865575,29848.300380706507
25.570804988655752,29848.344540595728
25.57180498865575,29848.38870048495
25.572804988655747,29848.43286037417
25.57380498865575,29848.47702026339
25.57480498865575,29848.521180152613
25.575804988655747,29848.565340041834
25.576804988655745,29848.60949993105
25.577804988655746,29848.653659820277
25.578804988655747,29848.697819709498
25.579804988655745,29848.741979598715
25.580804988655743,29848.786139487936
25.581804988655744,29848.830299377158
25.582804988655745,29848.87445926638
25.583804988655743,29848.9186191556
25.58480498865574,29848.96277904482
25.58580498865574,29849.006938934042
25.586804988655743,29849.051098823264
25.58780498865574,29849.095258712485
25.58880498865574,29849.139418601706
25.58980498865574,29849.183578490927
25.59080498865574,29849.22773838015
25.59180498865574,29849.27189826937
25.592804988655736,29849.31605815859
25.593804988655737,29849.360218047812
25.59480498865574,29849.404377937033
25.595804988655736,29849.448537826254
25.596804988655734,29849.492697715476
25.597804988655735,29849.536857604697
25.598804988655736,29849.581017493918
25.599804988655734,29849.62517738314
25.60080498865573,29849.66933727236
25.601804988655733,29849.71349716158
25.602804988655734,29849.757657050803
25.60380498865573,29849.801816940024
25.60480498865573,29849.845976829245
25.60580498865573,29849.890136718466
25.606804988655732,29849.934296607687
25.60780498865573,29849.97845649691
25.608804988655727,29850.02261638613
25.60980498865573,29850.06677627535
25.61080498865573,29850.110936164572
25.611804988655727,29850.155096053793
25.612804988655725,29850.199255943015
25.613804988655726,29850.243415832236
25.614804988655727,29850.287575721457
25.615804988655725,29850.331735610678
25.616804988655723,29850.3758954999
25.617804988655724,29850.42005538912
25.618804988655725,29850.46421527834
25.619804988655723,29850.508375167563
25.62080498865572,29850.552535056784
25.62180498865572,29850.596694946005
25.622804988655723,29850.640854835226
25.62380498865572,29850.685014724448
25.62480498865572,29850.72917461367
25.62580498865572,29850.77333450289
25.62680498865572,29850.81749439211
25.62780498865572,29850.861654281332
25.628804988655716,29850.905814170554
25.629804988655717,29850.949974059775
25.63080498865572,29850.994133948996
25.631804988655716,29851.038293838217
25.632804988655714,29851.08245372744
25.633804988655715,29851.12661361666
25.634804988655716,29851.17077350588
25.635804988655714,29851.214933395102
25.63680498865571,29851.259093284323
25.637804988655713,29851.303253173544
25.638804988655714,29851.347413062766
25.639804988655712,29851.391572951987
25.64080498865571,29851.435732841208
25.64180498865571,29851.47989273043
25.642804988655712,29851.52405261965
25.64380498865571,29851.56821250887
25.644804988655707,29851.612372398093
25.64580498865571,29851.656532287314
25.64680498865571,29851.700692176535
25.647804988655707,29851.744852065756
25.648804988655705,29851.789011954977
25.649804988655706,29851.8331718442
25.650804988655707,29851.87733173342
25.651804988655705,29851.92149162264
25.652804988655703,29851.965651511862
25.653804988655704,29852.009811401083
25.654804988655705,29852.053971290305
25.655804988655703,29852.098131179526
25.6568049886557,29852.142291068747
25.657804988655702,29852.18645095797
25.658804988655703,29852.23061084719
25.6598049886557,29852.27477073641
25.6608049886557,29852.31893062563
25.6618049886557,29852.363090514853
25.6628049886557,29852.407250404074
25.6638049886557,29852.451410293295
25.664804988655696,29852.495570182517
25.665804988655697,29852.539730071738
25.6668049886557,29852.58388996096
25.667804988655696,29852.62804985018
25.668804988655694,29852.6722097394
25.669804988655695,29852.716369628622
25.670804988655696,29852.760529517844
25.671804988655694,29852.804689407065
25.67280498865569,29852.848849296286
25.673804988655693,29852.893009185507
25.674804988655694,29852.93716907473
25.675804988655692,29852.98132896395
25.67680498865569,29853.02548885317
25.67780498865569,29853.069648742392
25.678804988655692,29853.113808631613
25.67980498865569,29853.157968520834
25.680804988655687,29853.202128410056
25.68180498865569,29853.269920348554
25.68280498865569,29853.358240126996
25.683804988655687,29853.44655990544
25.684804988655685,29853.534879683877
25.685804988655686,29853.623199462323
25.686804988655688,29853.711519240765
25.687804988655685,29853.799839019204
25.688804988655683,29853.888158797647
25.689804988655684,29853.97647857609
25.690804988655685,29854.06479835453
25.691804988655683,29854.153118132974
25.69280498865568,29854.241437911416
25.693804988655682,29854.32975768986
25.694804988655683,29854.4180774683
25.69580498865568,29854.506397246743
25.69680498865568,29854.594717025186
25.69780498865568,29854.683036803628
25.69880498865568,29854.77135658207
25.69980498865568,29854.859676360513
25.700804988655676,29854.947996138955
25.701804988655677,29855.036315917398
25.70280498865568,29855.12463569584
25.703804988655676,29855.212955474282
25.704804988655674,29855.301275252725
25.705804988655675,29855.389595031167
25.706804988655676,29855.47791480961
25.707804988655674,29855.566234588052
25.70880498865567,29855.654554366494
25.709804988655673,29855.742874144937
25.710804988655674,29855.83119392338
25.711804988655672,29855.91951370182
25.71280498865567,29856.007833480264
25.71380498865567,29856.096153258706
25.714804988655672,29856.18447303715
25.71580498865567,29856.27279281559
25.716804988655667,29856.361112594033
25.71780498865567,29856.449432372476
25.71880498865567,29856.537752150918
25.719804988655667,29856.62607192936
25.720804988655665,29856.714391707803
25.721804988655666,29856.802711486245
25.722804988655668,29856.891031264688
25.723804988655665,29856.97935104313
25.724804988655663,29857.067670821572
25.725804988655664,29857.155990600015
25.726804988655665,29857.244310378457
25.727804988655663,29857.3326301569
25.72880498865566,29857.420949935342
25.729804988655662,29857.509269713784
25.730804988655663,29857.597589492227
25.73180498865566,29857.68590927067
25.73280498865566,29857.77422904911
25.73380498865566,29857.862548827554
25.73480498865566,29857.950868605996
25.73580498865566,29858.03918838444
25.736804988655656,29858.12750816288
25.737804988655657,29858.215827941323
25.73880498865566,29858.304147719766
25.739804988655656,29858.392467498208
25.740804988655654,29858.48078727665
25.741804988655655,29858.569107055093
25.742804988655656,29858.657426833535
25.743804988655654,29858.745746611978
25.744804988655652,29858.83406639042
25.745804988655653,29858.922386168862
25.746804988655654,29859.010705947305
25.747804988655652,29859.099025725747
25.74880498865565,29859.18734550419
25.74980498865565,29859.275665282632
25.750804988655652,29859.363985061074
25.75180498865565,29859.452304839517
25.752804988655647,29859.54062461796
25.75380498865565,29859.6289443964
25.75480498865565,29859.717264174844
25.755804988655647,29859.805583953286
25.756804988655645,29859.89390373173
25.757804988655646,29859.98222351017
25.758804988655648,29860.070543288613
25.759804988655645,29860.158863067056
25.760804988655643,29860.247182845495
25.761804988655644,29860.33550262394
25.762804988655645,29860.423822402383
25.763804988655643,29860.51214218082
25.76480498865564,29860.600461959264
25.765804988655642,29860.688781737706
25.766804988655643,29860.777101516152
25.76780498865564,29860.86542129459
25.76880498865564,29860.953741073034
25.76980498865564,29861.042060851476
25.77080498865564,29861.13038062992
25.77180498865564,29861.21870040836
25.772804988655636,29861.307020186803
25.773804988655638,29861.395339965246
25.77480498865564,29861.483659743688
25.775804988655636,29861.57197952213
25.776804988655634,29861.660299300573
25.777804988655635,29861.748619079015
25.778804988655637,29861.836938857457
25.779804988655634,29861.9252586359
25.780804988655632,29862.013578414342
25.781804988655633,29862.101898192785
25.782804988655634,29862.190217971227
25.783804988655632,29862.27853774967
25.78480498865563,29862.36685752811
25.78580498865563,29862.455177306554
25.786804988655632,29862.543497084996
25.78780498865563,29862.63181686344
25.788804988655627,29862.72013664188
25.78980498865563,29862.808456420324
25.79080498865563,29862.896776198766
25.791804988655628,29862.98509597721
25.792804988655625,29863.07341575565
25.793804988655626,29863.161735534093
25.794804988655628,29863.250055312536
25.795804988655625,29863.338375090978
25.796804988655623,29863.42669486942
25.797804988655624,29863.515014647863
25.798804988655625,29863.603334426305
25.799804988655623,29863.691654204747
25.80080498865562,29863.77997398319
25.801804988655622,29863.868293761632
25.802804988655623,29863.956613540075
25.80380498865562,29864.044933318517
25.80480498865562,29864.13325309696
25.80580498865562,29864.2215728754
25.80680498865562,29864.309892653844
25.80780498865562,29864.398212432287
25.808804988655616,29864.48653221073
25.809804988655618,29864.57485198917
25.81080498865562,29864.663171767614
25.811804988655616,29864.751491546056
25.812804988655614,29864.8398113245
25.813804988655615,29864.92813110294
25.814804988655617,29865.016450881383
25.815804988655614,29865.104770659826
25.816804988655612,29865.193090438268
25.817804988655613,29865.28141021671
25.818804988655614,29865.369729995153
25.819804988655612,29865.458049773595
25.82080498865561,29865.546369552038
25.82180498865561,29865.63468933048
25.822804988655612,29865.723009108922
25.82380498865561,29865.811328887365
25.824804988655607,29865.899648665807
25.82580498865561,29865.98796844425
25.82680498865561,29866.07628822269
25.827804988655608,29866.164608001134
25.828804988655605,29866.252927779577
25.829804988655606,29866.34124755802
25.830804988655608,29866.42956733646
25.831804988655605,29866.517887114904
25.832804988655603,29866.606206893346
25.833804988655604,29866.69452667179
25.834804988655605,29866.78284645023
25.835804988655603,29866.871166228673
25.8368049886556,29866.959486007112
25.837804988655602,29867.047805785554
25.838804988655603,29867.136125564
25.8398049886556,29867.22444534244
25.8408049886556,29867.31276512088
25.8418049886556,29867.401084899324
25.8428049886556,29867.489404677766
25.8438049886556,29867.57772445621
25.844804988655596,29867.66604423465
25.845804988655598,29867.754364013093
25.8468049886556,29867.842683791536
25.847804988655597,29867.93100356998
25.848804988655594,29868.01932334842
25.849804988655595,29868.107643126863
25.850804988655597,29868.195962905305
25.851804988655594,29868.284282683748
25.852804988655592,29868.37260246219
25.853804988655593,29868.460922240632
25.854804988655594,29868.549242019075
25.855804988655592,29868.637561797517
25.85680498865559,29868.72588157596
25.85780498865559,29868.814201354402
25.858804988655592,29868.902521132844
25.85980498865559,29868.990840911287
25.860804988655588,29869.07916068973
25.86180498865559,29869.16748046817
25.86280498865559,29869.255800246614
25.863804988655588,29869.344120025056
25.864804988655585,29869.4324398035
25.865804988655587,29869.52075958194
25.866804988655588,29869.609079360383
25.867804988655585,29869.697399138826
25.868804988655583,29869.78571891727
25.869804988655584,29869.87403869571
25.870804988655586,29869.962358474153
25.871804988655583,29870.050678252595
25.87280498865558,29870.138998031038
25.873804988655582,29870.22731780948
25.874804988655583,29870.315637587923
25.87580498865558,29870.403957366365
25.87680498865558,29870.492277144807
25.87780498865558,29870.58059692325
25.87880498865558,29870.668916701692
25.87980498865558,29870.757236480134
25.880804988655576,29870.845556258577
25.881804988655578,29870.93387603702
25.88280498865558,29871.02219581546
25.883804988655577,29871.110515593904
25.884804988655574,29871.198835372346
25.885804988655575,29871.28715515079
25.886804988655577,29871.37547492923
25.887804988655574,29871.463794707674
25.888804988655572,29871.552114486116
25.889804988655573,29871.64043426456
25.890804988655574,29871.728754043
25.891804988655572,29871.817073821443
25.89280498865557,29871.905393599885
25.89380498865557,29871.993713378328
25.894804988655572,29872.08203315677
25.89580498865557,29872.170352935213
25.896804988655568,29872.258672713655
25.89780498865557,29872.346992492097
25.89880498865557,29872.43531227054
25.899804988655568,29872.523632048982
25.900804988655565,29872.611951827424
25.901804988655567,29872.700271605867
25.902804988655568,29872.78859138431
25.903804988655565,29872.87691116275
25.904804988655563,29872.965230941194
25.905804988655564,29873.053550719636
25.906804988655566,29873.14187049808
25.907804988655563,29873.23019027652
25.90880498865556,29873.31851005496
25.909804988655562,29873.406829833402
25.910804988655563,29873.49514961185
25.91180498865556,29873.583469390287
25.91280498865556,29873.67178916873
25.91380498865556,29873.73046875
25.91480498865556,29873.73046875
25.91580498865556,29873.73046875
25.916804988655556,29873.73046875
25.917804988655558,29873.73046875
25.91880498865556,29873.73046875
25.919804988655557,29873.73046875
25.920804988655554,29873.73046875
25.921804988655555,29873.73046875
25.922804988655557,29873.73046875
25.923804988655554,29873.73046875
25.924804988655552,29873.73046875
25.925804988655553,29873.73046875
25.926804988655554,29873.73046875
25.927804988655552,29873.73046875
25.92880498865555,29873.73046875
25.92980498865555,29873.73046875
25.930804988655552,29873.73046875
25.93180498865555,29873.73046875
25.932804988655548,29873.73046875
25.93380498865555,29873.73046875
25.93480498865555,29873.73046875
25.935804988655548,29873.73046875
25.936804988655545,29873.73046875
25.937804988655547,29873.73046875
25.938804988655548,29873.73046875
25.939804988655546,29873.73046875
25.940804988655543,29873.73046875
25.941804988655544,29873.73046875
25.942804988655546,29873.73046875
25.943804988655543,29873.73046875
25.94480498865554,29873.73046875
25.945804988655542,29873.73046875
25.946804988655543,29873.73046875
25.94780498865554,29873.73046875
25.94880498865554,29873.73046875
25.94980498865554,29873.73046875
25.95080498865554,29873.73046875
25.95180498865554,29873.73046875
25.952804988655537,29873.73046875
25.953804988655538,29873.73046875
25.95480498865554,29873.73046875
25.955804988655537,29873.73046875
25.956804988655534,29873.73046875
25.957804988655536,29873.73046875
25.958804988655537,29873.73046875
25.959804988655534,29873.73046875
25.960804988655532,29873.770022391982
25.961804988655533,29873.814182281203
25.962804988655535,29873.858342170424
25.963804988655532,29873.902502059645
25.96480498865553,29873.946661948867
25.96580498865553,29873.990821838088
25.966804988655532,29874.03498172731
25.96780498865553,29874.07914161653
25.968804988655528,29874.12330150575
25.96980498865553,29874.167461394973
25.97080498865553,29874.211621284194
25.971804988655528,29874.255781173415
25.972804988655525,29874.299941062636
25.973804988655527,29874.344100951857
25.974804988655528,29874.38826084108
25.975804988655526,29874.4324207303
25.976804988655523,29874.47658061952
25.977804988655524,29874.520740508742
25.978804988655526,29874.564900397963
25.979804988655523,29874.609060287185
25.98080498865552,29874.653220176406
25.981804988655522,29874.697380065627
25.982804988655523,29874.741539954848
25.98380498865552,29874.78569984407
25.98480498865552,29874.82985973329
25.98580498865552,29874.87401962251
25.98680498865552,29874.918179511733
25.98780498865552,29874.962339400954
25.988804988655517,29875.006499290175
25.989804988655518,29875.050659179396
25.99080498865552,29875.094819068618
25.991804988655517,29875.13897895784
25.992804988655514,29875.18313884706
25.993804988655516,29875.22729873628
25.994804988655517,29875.271458625502
25.995804988655514,29875.315618514724
25.996804988655512,29875.359778403945
25.997804988655513,29875.403938293166
25.998804988655515,29875.448098182387
25.999804988655512,29875.49225807161
26.00080498865551,29875.53641796083
26.00180498865551,29875.58057785005
26.002804988655512,29875.624737739272
26.00380498865551,29875.668897628493
26.004804988655508,29875.713057517714
26.00580498865551,29875.757217406936
26.00680498865551,29875.78125
26.007804988655508,29875.78125
26.008804988655505,29875.78125
26.009804988655507,29875.78125
26.010804988655508,29875.78125
26.011804988655506,29875.78125
26.012804988655503,29875.78125
26.013804988655505,29875.78125
26.014804988655506,29875.78125
26.015804988655503,29875.78125
26.0168049886555,29875.78125
26.017804988655502,29875.78125
26.018804988655504,29875.78125
26.0198049886555,29875.78125
26.0208049886555,29875.78125
26.0218049886555,29875.78125
26.0228049886555,29875.78125
26.0238049886555,29875.78125
26.024804988655497,29875.78125
26.025804988655498,29875.78125
26.0268049886555,29875.78125
26.027804988655497,29875.78125
26.028804988655494,29875.78125
26.029804988655496,29875.78125
26.030804988655497,29875.78125
26.031804988655495,29875.78125
26.032804988655492,29875.78125
26.033804988655493,29875.78125
26.034804988655495,29875.78125
26.035804988655492,29875.78125
26.03680498865549,29875.78125
26.03780498865549,29875.78125
26.038804988655492,29875.78125
26.03980498865549,29875.78125
26.040804988655488,29875.78125
26.04180498865549,29875.78125
26.04280498865549,29875.78125
26.043804988655488,29875.78125
26.044804988655486,29875.78125
26.045804988655487,29875.78125
26.046804988655488,29875.78125
26.047804988655486,29875.78125
26.048804988655483,29875.78125
26.049804988655485,29875.78125
26.050804988655486,29875.78125
26.051804988655483,29875.78125
26.05280498865548,29875.78125
26.053804988655482,29875.78125
26.054804988655484,29875.78125
26.05580498865548,29875.78125
26.05680498865548,29875.78125
26.05780498865548,29875.78125
26.05880498865548,29875.78125
26.05980498865548,29875.78125
26.060804988655477,29875.78125
26.061804988655478,29875.78125
26.06280498865548,29875.78125
26.063804988655477,29875.78125
26.064804988655474,29875.78125
26.065804988655476,29875.78125
26.066804988655477,29875.78125
26.067804988655475,29875.78125
26.068804988655472,29875.78125
26.069804988655473,29875.78125
26.070804988655475,29875.78125
26.071804988655472,29875.78125
26.07280498865547,29875.78125
26.07380498865547,29875.78125
26.074804988655472,29875.78125
26.07580498865547,29875.78125
26.076804988655468,29875.78125
26.07780498865547,29875.78125
26.07880498865547,29875.78125
26.079804988655468,29875.78125
26.080804988655466,29875.78125
26.081804988655467,29875.78125
26.082804988655468,29875.78125
26.083804988655466,29875.78125
26.084804988655463,29875.78125
26.085804988655465,29875.78125
26.086804988655466,29875.78125
26.087804988655463,29875.78125
26.08880498865546,29875.78125
26.089804988655462,29875.78125
26.090804988655464,29875.78125
26.09180498865546,29875.78125
26.09280498865546,29875.78125
26.09380498865546,29875.78125
26.09480498865546,29875.78125
26.09580498865546,29875.78125
26.096804988655457,29875.78125
26.097804988655458,29875.78125
26.09880498865546,29875.78125
26.099804988655457,29875.730381012552
26.100804988655455,29875.64206123411
26.101804988655456,29875.553741455667
26.102804988655457,29875.465421677225
26.103804988655455,29875.377101898783
26.104804988655452,29875.28878212034
26.105804988655454,29875.200462341898
26.106804988655455,29875.112142563456
26.107804988655452,29875.023822785013
26.10880498865545,29874.93550300657
26.10980498865545,29874.84718322813
26.110804988655453,29874.758863449686
26.11180498865545,29874.670543671244
26.112804988655448,29874.5822238928
26.11380498865545,29874.49390411436
26.11480498865545,29874.405584335917
26.115804988655448,29874.317264557474
26.116804988655446,29874.22894477903
26.117804988655447,29874.14062500059
26.118804988655448,29874.052305222147
26.119804988655446,29873.963985443705
26.120804988655443,29873.875665665262
26.121804988655445,29873.78734588682
26.122804988655446,29873.699026108377
26.123804988655444,29873.610706329935
26.12480498865544,29873.522386551493
26.125804988655442,29873.43406677305
26.126804988655444,29873.345746994608
26.12780498865544,29873.257427216166
26.12880498865544,29873.169107437723
26.12980498865544,29873.08078765928
26.13080498865544,29872.99246788084
26.13180498865544,29872.904148102396
26.132804988655437,29872.815828323957
26.133804988655438,29872.72750854551
26.13480498865544,29872.63918876707
26.135804988655437,29872.55086898863
26.136804988655435,29872.462549210188
26.137804988655436,29872.374229431745
26.138804988655437,29872.285909653303
26.139804988655435,29872.19758987486
26.140804988655432,29872.10927009642
26.141804988655434,29872.020950317976
26.142804988655435,29871.932630539533
26.143804988655432,29871.84431076109
26.14480498865543,29871.75599098265
26.14580498865543,29871.667671204206
26.146804988655433,29871.579351425764
26.14780498865543,29871.49103164732
26.148804988655428,29871.40271186888
26.14980498865543,29871.314392090437
26.15080498865543,29871.226072311994
26.151804988655428,29871.137752533552
26.152804988655426,29871.04943275511
26.153804988655427,29870.961112976667
26.154804988655428,29870.872793198225
26.155804988655426,29870.784473419782
26.156804988655423,29870.69615364134
26.157804988655425,29870.607833862898
26.158804988655426,29870.519514084455
26.159804988655424,29870.431194306013
26.16080498865542,29870.34287452757
26.161804988655422,29870.254554749128
26.162804988655424,29870.166234970686
26.16380498865542,29870.077915192243
26.16480498865542,29869.9895954138
26.16580498865542,29869.90127563536
26.16680498865542,29869.812955856916
26.16780498865542,29869.724636078474
26.168804988655417,29869.63631630003
26.169804988655418,29869.54799652159
26.17080498865542,29869.459676743147
26.171804988655417,29869.371356964704
26.172804988655415,29869.283037186262
26.173804988655416,29869.19471740782
26.174804988655417,29869.106397629377
26.175804988655415,29869.018077850935
26.176804988655412,29868.929758072492
26.177804988655414,29868.84143829405
26.178804988655415,29868.753118515608
26.179804988655413,29868.664798737165
26.18080498865541,29868.576478958723
26.18180498865541,29868.48815918028
26.182804988655413,29868.399839401838
26.18380498865541,29868.311519623396
26.184804988655408,29868.223199844953
26.18580498865541,29868.13488006651
26.18680498865541,29868.04656028807
26.187804988655408,29867.958240509626
26.188804988655406,29867.869920731184
26.189804988655407,29867.78160095274
26.190804988655408,29867.6932811743
26.191804988655406,29867.604961395857
26.192804988655404,29867.516641617414
26.193804988655405,29867.428321838972
26.194804988655406,29867.34000206053
26.195804988655404,29867.251682282087
26.1968049886554,29867.163362503645
26.197804988655403,29867.075042725202
26.198804988655404,29866.98672294676
26.1998049886554,29866.898403168318
26.2008049886554,29866.810083389875
26.2018049886554,29866.721763611433
26.2028049886554,29866.63344383299
26.2038049886554,29866.545124054548
26.204804988655397,29866.45680427611
26.205804988655398,29866.368484497663
26.2068049886554,29866.28016471922
26.207804988655397,29866.191844940782
26.208804988655395,29866.10352516234
26.209804988655396,29866.015205383897
26.210804988655397,29865.926885605455
26.211804988655395,29865.838565827013
26.212804988655392,29865.75024604857
26.213804988655394,29865.661926270128
26.214804988655395,29865.573606491685
26.215804988655393,29865.485286713243
26.21680498865539,29865.3969669348
26.21780498865539,29865.30864715636
26.218804988655393,29865.220327377916
26.21980498865539,29865.132007599474
26.220804988655388,29865.04368782103
26.22180498865539,29864.95536804259
26.22280498865539,29864.867048264146
26.223804988655388,29864.778728485704
26.224804988655386,29864.69040870726
26.225804988655387,29864.60208892882
26.22680498865539,29864.513769150377
26.227804988655386,29864.425449371935
26.228804988655384,29864.337129593492
26.229804988655385,29864.24880981505
26.230804988655386,29864.160490036607
26.231804988655384,29864.072170258165
26.23280498865538,29863.983850479723
26.233804988655383,29863.89553070128
26.234804988655384,29863.807210922838
26.23580498865538,29863.718891144395
26.23680498865538,29863.630571365953
26.23780498865538,29863.54225158751
26.23880498865538,29863.45393180907
26.23980498865538,29863.365612030626
26.240804988655377,29863.277292252184
26.241804988655378,29863.18897247374
26.24280498865538,29863.1006526953
26.243804988655377,29863.012332916856
26.244804988655375,29862.924013138414
26.245804988655376,29862.83569335997
26.246804988655377,29862.74737358153
26.247804988655375,29862.659053803087
26.248804988655372,29862.570734024644
26.249804988655374,29862.482414246202
26.250804988655375,29862.39409446776
26.251804988655373,29862.305774689317
26.25280498865537,29862.217454910875
26.25380498865537,29862.129135132433
26.254804988655373,29862.04081535399
26.25580498865537,29861.952495575548
26.256804988655368,29861.864175797105
26.25780498865537,29861.775856018663
26.25880498865537,29861.68753624022
26.259804988655368,29861.59921646178
26.260804988655366,29861.510896683336
26.261804988655367,29861.422576904894
26.26280498865537,29861.33425712645
26.263804988655366,29861.24593734801
26.264804988655364,29861.157617569566
26.265804988655365,29861.069297791124
26.266804988655366,29860.98097801268
26.267804988655364,29860.89265823424
26.26880498865536,29860.804338455797
26.269804988655363,29860.716018677354
26.270804988655364,29860.627698898912
26.27180498865536,29860.53937912047
26.27280498865536,29860.451059342027
26.27380498865536,29860.362739563585
26.27480498865536,29860.274419785143
26.27580498865536,29860.1861000067
26.276804988655357,29860.097780228258
26.277804988655358,29860.009460449815
26.27880498865536,29859.921140671373
26.279804988655357,29859.83282089293
26.280804988655355,29859.74450111449
26.281804988655356,29859.656181336046
26.282804988655357,29859.567861557603
26.283804988655355,29859.47954177916
26.284804988655353,29859.391222000722
26.285804988655354,29859.266853333418
26.286804988655355,29859.134373665755
26.287804988655353,29859.00189399809
26.28880498865535,29858.869414330427
26.28980498865535,29858.736934662764
26.290804988655353,29858.6044549951
26.29180498865535,29858.471975327437
26.292804988655348,29858.339495659773
26.29380498865535,29858.20701599211
26.29480498865535,29858.074536324446
26.295804988655348,29857.942056656782
26.296804988655346,29857.80957698912
26.297804988655347,29857.677097321455
26.29880498865535,29857.54461765379
26.299804988655346,29857.412137986128
26.300804988655344,29857.279658318464
26.301804988655345,29857.1471786508
26.302804988655346,29857.014698983137
26.303804988655344,29856.882219315474
26.30480498865534,29856.74973964781
26.305804988655343,29856.617259980147
26.306804988655344,29856.484780312483
26.30780498865534,29856.35230064482
26.30880498865534,29856.219820977156
26.30980498865534,29856.087341309492
26.31080498865534,29855.95486164183
26.31180498865534,29855.822381974165
26.312804988655337,29855.6899023065
26.31380498865534,29855.557422638838
26.31480498865534,29855.424942971174
26.315804988655337,29855.29246330351
26.316804988655335,29855.159983635847
26.317804988655336,29855.027503968184
26.318804988655337,29854.89502430052
26.319804988655335,29854.762544632857
26.320804988655333,29854.630064965197
26.321804988655334,29854.497585297533
26.322804988655335,29854.365105629866
26.323804988655333,29854.232625962206
26.32480498865533,29854.100146294542
26.32580498865533,29853.96766662688
26.326804988655333,29853.835186959215
26.32780498865533,29853.70270729155
26.328804988655328,29853.570227623888
26.32980498865533,29853.437747956224
26.33080498865533,29853.30526828856
26.33180498865533,29853.18941116393
26.332804988655326,29853.101091385488
26.333804988655327,29853.012771607046
26.33480498865533,29852.924451828603
26.335804988655326,29852.83613205016
26.336804988655324,29852.74781227172
26.337804988655325,29852.659492493276
26.338804988655326,29852.571172714834
26.339804988655324,29852.48285293639
26.34080498865532,29852.39453315795
26.341804988655323,29852.306213379507
26.342804988655324,29852.217893601064
26.34380498865532,29852.12957382262
26.34480498865532,29852.04125404418
26.34580498865532,29851.952934265737
26.34680498865532,29851.864614487295
26.34780498865532,29851.776294708852
26.348804988655317,29851.68797493041
26.34980498865532,29851.599655151967
26.35080498865532,29851.511335373525
26.351804988655317,29851.423015595083
26.352804988655315,29851.33469581664
26.353804988655316,29851.246376038198
26.354804988655317,29851.158056259756
26.355804988655315,29851.069736481313
26.356804988655313,29850.981416702874
26.357804988655314,29850.893096924432
26.358804988655315,29850.804777145986
26.359804988655313,29850.716457367547
26.36080498865531,29850.628137589105
26.36180498865531,29850.539817810662
26.362804988655313,29850.45149803222
26.36380498865531,29850.363178253778
26.364804988655308,29850.274858475335
26.36580498865531,29850.186538696893
26.36680498865531,29850.09821891845
26.36780498865531,29850.00989914001
26.368804988655306,29849.921579361566
26.369804988655307,29849.833259583123
26.37080498865531,29849.74493980468
26.371804988655306,29849.65662002624
26.372804988655304,29849.568300247796
26.373804988655305,29849.479980469354
26.374804988655306,29849.39166069091
26.375804988655304,29849.30334091247
26.3768049886553,29849.215021134027
26.377804988655303,29849.126701355584
26.378804988655304,29848.997025490713
26.3798049886553,29848.86454582305
26.3808049886553,29848.732066155386
26.3818049886553,29848.599586487722
26.3828049886553,29848.46710682006
26.3838049886553,29848.334627152395
26.384804988655297,29848.20214748473
26.3858049886553,29848.069667817068
26.3868049886553,29847.937188149404
26.387804988655297,29847.80470848174
26.388804988655295,29847.672228814077
26.389804988655296,29847.539749146414
26.390804988655297,29847.40726947875
26.391804988655295,29847.274789811087
26.392804988655293,29847.142310143423
26.393804988655294,29847.00983047576
26.394804988655295,29846.877350808096
26.395804988655293,29846.744871140432
26.39680498865529,29846.61239147277
26.39780498865529,29846.479911805105
26.398804988655293,29846.34743213744
26.39980498865529,29846.214952469778
26.40080498865529,29846.082472802114
26.40180498865529,29845.94999313445
26.40280498865529,29845.817513466787
26.40380498865529,29845.685033799124
26.404804988655286,29845.55255413146
26.405804988655287,29845.420074463796
26.40680498865529,29845.287594796133
26.407804988655286,29845.15511512847
26.408804988655284,29845.022635460806
26.409804988655285,29844.890155793142
26.410804988655286,29844.75767612548
26.411804988655284,29844.625196457815
26.41280498865528,29844.49271679015
26.413804988655283,29844.360237122488
26.414804988655284,29844.227757454824
26.41580498865528,29844.09527778716
26.41680498865528,29843.9627981195
26.41780498865528,29843.830318451837
26.418804988655282,29843.69783878417
26.41980498865528,29843.56535911651
26.420804988655277,29843.432879448847
26.42180498865528,29843.300399781183
26.42280498865528,29843.16792011352
26.423804988655277,29843.035440445856
26.424804988655275,29842.924890518792
26.425804988655276,29842.83657074035
26.426804988655277,29842.748250961908
26.427804988655275,29842.659931183465
26.428804988655273,29842.571611405026
26.429804988655274,29842.483291626584
26.430804988655275,29842.394971848138
26.431804988655273,29842.3066520697
26.43280498865527,29842.218332291257
26.43380498865527,29842.130012512815
26.434804988655273,29842.041692734372
26.43580498865527,29841.95337295593
26.43680498865527,29841.865053177487
26.43780498865527,29841.776733399045
26.43880498865527,29841.688413620603
26.43980498865527,29841.60009384216
26.440804988655266,29841.511774063718
26.441804988655267,29841.423454285276
26.44280498865527,29841.335134506833
26.443804988655266,29841.24681472839
26.444804988655264,29841.15849494995
26.445804988655265,29841.070175171506
26.446804988655266,29840.981855393064
26.447804988655264,29840.89353561462
26.44880498865526,29840.80521583618
26.449804988655263,29840.716896057736
26.450804988655264,29840.628576279294
26.45180498865526,29840.54025650085
26.45280498865526,29840.45193672241
26.45380498865526,29840.363616943967
26.454804988655262,29840.275297165525
26.45580498865526,29840.186977387082
26.456804988655257,29840.09865760864
26.45780498865526,29840.010337830197
26.45880498865526,29839.922018051755
26.459804988655257,29839.833698273313
26.460804988655255,29839.74537849487
26.461804988655256,29839.657058716428
26.462804988655257,29839.568738937985
26.463804988655255,29839.480419159543
26.464804988655253,29839.3920993811
26.465804988655254,29839.30377960266
26.466804988655255,29839.215459824216
26.467804988655253,29839.127140045774
26.46880498865525,29839.03882026733
26.46980498865525,29838.95050048889
26.470804988655253,29838.862180710446
26.47180498865525,29838.773860932004
26.47280498865525,29838.68554115356
26.47380498865525,29838.59722137512
26.47480498865525,29838.508901596677
26.47580498865525,29838.420581818234
26.476804988655246,29838.332262039792
26.477804988655247,29838.24394226135
26.47880498865525,29838.155622482907
26.479804988655246,29838.067302704465
26.480804988655244,29837.978982926023
26.481804988655245,29837.89066314758
26.482804988655246,29837.802343369138
26.483804988655244,29837.714023590695
26.48480498865524,29837.625703812253
26.485804988655243,29837.53738403381
26.486804988655244,29837.44906425537
26.487804988655242,29837.360744476926
26.48880498865524,29837.272424698484
26.48980498865524,29837.18410492004
26.490804988655242,29837.0957851416
26.49180498865524,29837.007465363156
26.492804988655237,29836.919145584714
26.49380498865524,29836.83082580627
26.49480498865524,29836.74250602783
26.495804988655237,29836.654186249387
26.496804988655235,29836.565866470944
26.497804988655236,29836.477546692502
26.498804988655237,29836.38922691406
26.499804988655235,29836.300907135617
26.500804988655233,29836.212587357175
26.501804988655234,29836.124267578733
26.502804988655235,29836.03594780029
26.503804988655233,29835.947628021848
26.50480498865523,29835.85930824341
26.505804988655232,29835.770988464963
26.506804988655233,29835.68266868652
26.50780498865523,29835.594348908082
26.50880498865523,29835.50602912964
26.50980498865523,29835.417709351197
26.51080498865523,29835.329389572755
26.51180498865523,29835.241069794312
26.512804988655226,29835.15275001587
26.513804988655227,29835.064430237428
26.51480498865523,29834.976110458985
26.515804988655226,29834.887790680543
26.516804988655224,29834.7994709021
26.517804988655225,29834.73838806183
26.518804988655226,29834.694228172608
26.519804988655224,29834.650068283387
26.52080498865522,29834.605908394165
26.521804988655223,29834.561748504944
26.522804988655224,29834.517588615723
26.523804988655222,29834.473428726502
26.52480498865522,29834.42926883728
26.52580498865522,29834.38510894806
26.526804988655222,29834.34094905884
26.52780498865522,29834.296789169617
26.528804988655217,29834.252629280396
26.52980498865522,29834.208469391175
26.53080498865522,29834.164309501954
26.531804988655217,29834.120149612732
26.532804988655215,29834.07598972351
26.533804988655216,29834.03182983429
26.534804988655218,29833.98766994507
26.535804988655215,29833.943510055848
26.536804988655213,29833.899350166626
26.537804988655214,29833.855190277405
26.538804988655215,29833.811030388184
26.539804988655213,29833.766870498963
26.54080498865521,29833.72271060974
26.541804988655212,29833.67855072052
26.542804988655213,29833.6343908313
26.54380498865521,29833.590230942078
26.54480498865521,29833.546071052857
26.54580498865521,29833.501911163636
26.54680498865521,29833.457751274414
26.54780498865521,29833.413591385193
26.548804988655206,29833.369431495972
26.549804988655207,29833.32527160675
26.55080498865521,29833.28111171753
26.551804988655206,29833.23695182831
26.552804988655204,29833.192791939087
26.553804988655205,29833.148632049866
26.554804988655206,29833.104472160645
26.555804988655204,29833.060312271424
26.556804988655202,29833.016152382203
26.557804988655203,29832.97199249298
26.558804988655204,29832.92783260376
26.559804988655202,29832.88367271454
26.5608049886552,29832.839512825318
26.5618049886552,29832.795352936097
26.562804988655202,29832.751193046875
26.5638049886552,29832.707033157654
26.564804988655197,29832.662873268433
26.5658049886552,29832.618713379212
26.5668049886552,29832.57455348999
26.567804988655197,29832.53039360077
26.568804988655195,29832.48623371155
26.569804988655196,29832.442073822327
26.570804988655198,29832.397913933106
26.571804988655195,29832.353754043885
26.572804988655193,29832.309594154664
26.573804988655194,29832.265434265442
26.574804988655195,29832.22127437622
26.575804988655193,29832.177114487
26.57680498865519,29832.13295459778
26.577804988655192,29832.088794708558
26.578804988655193,29832.044634819336
26.57980498865519,29832.000474930115
26.58080498865519,29831.956315040894
26.58180498865519,29831.912155151673
26.58280498865519,29831.86799526245
26.58380498865519,29831.82383537323
26.584804988655186,29831.77967548401
26.585804988655187,29831.735515594788
26.58680498865519,29831.691355705567
26.587804988655186,29831.647195816346
26.588804988655184,29831.603035927124
26.589804988655185,29831.558876037903
26.590804988655186,29831.514716148682
26.591804988655184,29831.47055625946
26.592804988655182,29831.42639637024
26.593804988655183,29831.38223648102
26.594804988655184,29831.338076591797
26.595804988655182,29831.293916702576
26.59680498865518,29831.249756813355
26.59780498865518,29831.205596924134
26.598804988655182,29831.161437034913
26.59980498865518,29831.11727714569
26.600804988655177,29831.07311725647
26.60180498865518,29831.02895736725
26.60280498865518,29830.984797478028
26.603804988655178,29830.940637588807
26.604804988655175,29830.896477699585
26.605804988655176,29830.852317810364
26.606804988655178,29830.808157921143
26.607804988655175,29830.76399803192
26.608804988655173,29830.7198381427
26.609804988655174,29830.67567825348
26.610804988655175,29830.63151836426
26.611804988655173,29830.587358475037
26.61280498865517,29830.54319858582
26.613804988655172,29830.499038696595
26.614804988655173,29830.454878807373
26.61580498865517,29830.410718918156
26.61680498865517,29830.366559028935
26.61780498865517,29830.322399139714
26.61880498865517,29830.278239250492
26.61980498865517,29830.23407936127
26.620804988655166,29830.18991947205
26.621804988655168,29830.14575958283
26.62280498865517,29830.101599693608
26.623804988655166,29830.057439804386
26.624804988655164,29830.013279915165
26.625804988655165,29829.969120025944
26.626804988655167,29829.924960136723
26.627804988655164,29829.8808002475
26.628804988655162,29829.83664035828
26.629804988655163,29829.79248046906
26.630804988655164,29829.748320579838
26.631804988655162,29829.704160690617
26.63280498865516,29829.660000801396
26.63380498865516,29829.615840912174
26.634804988655162,29829.571681022953
26.63580498865516,29829.527521133732
26.636804988655157,29829.48336124451
26.63780498865516,29829.43920135529
26.63880498865516,29829.39504146607
26.639804988655158,29829.350881576847
26.640804988655155,29829.306721687626
26.641804988655156,29829.262561798405
26.642804988655158,29829.218401909184
26.643804988655155,29829.174242019963
26.644804988655153,29829.13008213074
26.645804988655154,29829.08592224152
26.646804988655155,29829.0417623523
26.647804988655153,29828.997602463078
26.64880498865515,29828.953442573857
26.649804988655152,29828.909282684635
26.650804988655153,29828.865122795414
26.65180498865515,29828.820962906193
26.65280498865515,29828.776803016972
26.65380498865515,29828.73264312775
26.65480498865515,29828.68848323853
26.65580498865515,29828.64432334931
26.656804988655146,29828.600163460087
26.657804988655148,29828.556003570866
26.65880498865515,29828.511843681645
26.659804988655146,29828.467683792423
26.660804988655144,29828.423523903202
26.661804988655145,29828.37936401398
26.662804988655147,29828.33520412476
26.663804988655144,29828.29104423554
26.664804988655142,29828.246884346318
26.665804988655143,29828.202724457096
26.666804988655144,29828.158564567875
26.667804988655142,29828.114404678654
26.66880498865514,29828.070244789433
26.66980498865514,29828.02608490021
26.670804988655142,29827.98192501099
26.67180498865514,29827.93776512177
26.672804988655137,29827.893605232548
26.67380498865514,29827.849445343327
26.67480498865514,29827.805285454106
26.675804988655138,29827.761125564884
26.676804988655135,29827.716965675663
26.677804988655136,29827.672805786442
26.678804988655138,29827.62864589722
26.679804988655135,29827.584486008
26.680804988655133,29827.54032611878
26.681804988655134,29827.496166229557
26.682804988655136,29827.452006340336
26.683804988655133,29827.407846451115
26.68480498865513,29827.363686561894
26.685804988655132,29827.319526672673
26.686804988655133,29827.27536678345
26.68780498865513,29827.23120689423
26.68880498865513,29827.18704700501
26.68980498865513,29827.142887115788
26.69080498865513,29827.098727226567
26.69180498865513,29827.054567337345
26.692804988655126,29827.010407448124
26.693804988655128,29826.966247558903
26.69480498865513,29826.92208766968
26.695804988655127,29826.87792778046
26.696804988655124,29826.83376789124
26.697804988655125,29826.78960800202
26.698804988655127,29826.745448112797
26.699804988655124,29826.701288223576
26.700804988655122,29826.657128334355
26.701804988655123,29826.612968445133
26.702804988655124,29826.568808555912
26.703804988655122,29826.5625
26.70480498865512,29826.5625
26.70580498865512,29826.5625
26.706804988655122,29826.5625
26.70780498865512,29826.5625
26.708804988655118,29826.5625
26.70980498865512,29826.5625
26.71080498865512,29826.5625
26.711804988655118,29826.5625
26.712804988655115,29826.5625
26.713804988655117,29826.5625
26.714804988655118,29826.5625
26.715804988655115,29826.5625
26.716804988655113,29826.5625
26.717804988655114,29826.5625
26.718804988655116,29826.5625
26.719804988655113,29826.5625
26.72080498865511,29826.5625
26.721804988655112,29826.5625
26.722804988655113,29826.5625
26.72380498865511,29826.5625
26.72480498865511,29826.5625
26.72580498865511,29826.5625
26.72680498865511,29826.5625
26.72780498865511,29826.5625
26.728804988655106,29826.5625
26.729804988655108,29826.5625
26.73080498865511,29826.5625
26.731804988655107,29826.5625
26.732804988655104,29826.5625
26.733804988655105,29826.5625
26.734804988655107,29826.5625
26.735804988655104,29826.5625
26.736804988655102,29826.5625
26.737804988655103,29826.5625
26.738804988655104,29826.5625
26.739804988655102,29826.5625
26.7408049886551,29826.5625
26.7418049886551,29826.5625
26.742804988655102,29826.5625
26.7438049886551,29826.5625
26.744804988655098,29826.5625
26.7458049886551,29826.5625
26.7468049886551,29826.5625
26.747804988655098,29826.5625
26.748804988655095,29826.5625
26.749804988655097,29826.5625
26.750804988655098,29826.5625
26.751804988655095,29826.5625
26.752804988655093,29826.5625
26.753804988655094,29826.5625
26.754804988655096,29826.5625
26.755804988655093,29826.5625
26.75680498865509,29826.5625
26.757804988655092,29826.5625
26.758804988655093,29826.5625
26.75980498865509,29826.5625
26.76080498865509,29826.5625
26.76180498865509,29826.5625
26.76280498865509,29826.5625
26.76380498865509,29826.5625
26.764804988655087,29826.5625
26.765804988655088,29826.5625
26.76680498865509,29826.5625
26.767804988655087,29826.5625
26.768804988655084,29826.5625
26.769804988655086,29826.5625
26.770804988655087,29826.5625
26.771804988655084,29826.5625
26.772804988655082,29826.5625
26.773804988655083,29826.5625
26.774804988655085,29826.5625
26.775804988655082,29826.5625
26.77680498865508,29826.5625
26.77780498865508,29826.5625
26.778804988655082,29826.5625
26.77980498865508,29826.5625
26.780804988655078,29826.5625
26.78180498865508,29826.5625
26.78280498865508,29826.5625
26.783804988655078,29826.5625
26.784804988655075,29826.5625
26.785804988655077,29826.5625
26.786804988655078,29826.5625
26.787804988655076,29826.5625
26.788804988655073,29826.5625
26.789804988655074,29826.5625
26.790804988655076,29826.5625
26.791804988655073,29826.5625
26.79280498865507,29826.5625
26.793804988655072,29826.5625
26.794804988655073,29826.5625
26.79580498865507,29826.5625
26.79680498865507,29826.519341469124
26.79780498865507,29826.475181579903
26.79880498865507,29826.43102169068
26.79980498865507,29826.38686180146
26.800804988655067,29826.34270191224
26.801804988655068,29826.298542023018
26.80280498865507,29826.254382133797
26.803804988655067,29826.210222244576
26.804804988655064,29826.166062355354
26.805804988655066,29826.121902466133
26.806804988655067,29826.077742576912
26.807804988655064,29826.03358268769
26.808804988655062,29825.98942279847
26.809804988655063,29825.94526290925
26.810804988655065,29825.901103020027
26.811804988655062,29825.856943130806
26.81280498865506,29825.812783241585
26.81380498865506,29825.768623352364
26.814804988655062,29825.724463463142
26.81580498865506,29825.68030357392
26.816804988655058,29825.6361436847
26.81780498865506,29825.59198379548
26.81880498865506,29825.547823906258
26.819804988655058,29825.503664017036
26.820804988655055,29825.459504127815
26.821804988655057,29825.415344238594
26.822804988655058,29825.371184349373
26.823804988655056,29825.32702446015
26.824804988655053,29825.28286457093
26.825804988655054,29825.23870468171
26.826804988655056,29825.194544792488
26.827804988655053,29825.150384903267
26.82880498865505,29825.106225014046
26.829804988655052,29825.062065124825
26.830804988655053,29825.017905235603
26.83180498865505,29824.973745346382
26.83280498865505,29824.92958545716
26.83380498865505,29824.88542556794
26.83480498865505,29824.84126567872
26.83580498865505,29824.797105789497
26.836804988655047,29824.752945900276
26.837804988655048,29824.708786011055
26.83880498865505,29824.664626121834
26.839804988655047,29824.620466232613
26.840804988655044,29824.57630634339
26.841804988655046,29824.53214645417
26.842804988655047,29824.48798656495
26.843804988655044,29824.443826675728
26.844804988655042,29824.399666786507
26.845804988655043,29824.355506897286
26.846804988655045,29824.311347008064
26.847804988655042,29824.267187118843
26.84880498865504,29824.223027229622
26.84980498865504,29824.1788673404
26.850804988655042,29824.13470745118
26.85180498865504,29824.09054756196
26.852804988655038,29824.046387672737
26.85380498865504,29824.002227783516
26.85480498865504,29823.958067894295
26.855804988655038,29823.913908005074
26.856804988655036,29823.869748115852
26.857804988655037,29823.82558822663
26.858804988655038,29823.78142833741
26.859804988655036,29823.73726844819
26.860804988655033,29823.693108558968
26.861804988655035,29823.648948669746
26.862804988655036,29823.604788780525
26.863804988655033,29823.560628891304
26.86480498865503,29823.516469002083
26.865804988655032,29823.47230911286
26.866804988655034,29823.42814922364
26.86780498865503,29823.38398933442
26.86880498865503,29823.339829445198
26.86980498865503,29823.295669555977
26.87080498865503,29823.251509666756
26.87180498865503,29823.207349777535
26.872804988655027,29823.163189888313
26.873804988655028,29823.119029999092
26.87480498865503,29823.07487010987
26.875804988655027,29823.03071022065
26.876804988655024,29822.98655033143
26.877804988655026,29822.942390442207
26.878804988655027,29822.898230552986
26.879804988655025,29822.854070663765
26.880804988655022,29822.809910774544
26.881804988655023,29822.765750885323
26.882804988655025,29822.7215909961
26.883804988655022,29822.67743110688
26.88480498865502,29822.63327121766
26.88580498865502,29822.589111328438
26.886804988655022,29822.544951439217
26.88780498865502,29822.500791549995
26.888804988655018,29822.456631660774
26.88980498865502,29822.412471771553
26.89080498865502,29822.368311882332
26.891804988655018,29822.32415199311
26.892804988655016,29822.27999210389
26.893804988655017,29822.23583221467
26.894804988655018,29822.191672325447
26.895804988655016,29822.147512436226
26.896804988655013,29822.103352547005
26.897804988655015,29822.059192657784
26.898804988655016,29822.015032768562
26.899804988655013,29821.97087287934
26.90080498865501,29821.92671299012
26.901804988655012,29821.8825531009
26.902804988655014,29821.838393211678
26.90380498865501,29821.794233322456
26.90480498865501,29821.750073433235
26.90580498865501,29821.705913544014
26.90680498865501,29821.661753654793
26.90780498865501,29821.61759376557
26.908804988655007,29821.57343387635
26.909804988655008,29821.52927398713
26.91080498865501,29821.485114097908
26.911804988655007,29821.440954208687
26.912804988655004,29821.39679431947
26.913804988655006,29821.352634430248
26.914804988655007,29821.308474541023
26.915804988655005,29821.264314651806
26.916804988655002,29821.220154762585
26.917804988655003,29821.175994873363
26.918804988655005,29821.131834984142
26.919804988655002,29821.08767509492
26.920804988655,29821.0435152057
26.921804988655,29820.99935531648
26.922804988655002,29820.955195427257
26.923804988655,29820.911035538036
26.924804988654998,29820.866875648815
26.925804988655,29820.822715759594
26.926804988655,29820.778555870373
26.927804988654998,29820.73439598115
26.928804988654996,29820.69023609193
26.929804988654997,29820.64607620271
26.930804988654998,29820.601916313488
26.931804988654996,29820.557756424267
26.932804988654993,29820.513596535046
26.933804988654995,29820.469436645824
26.934804988654996,29820.425276756603
26.935804988654994,29820.381116867382
26.93680498865499,29820.33695697816
26.937804988654992,29820.29279708894
26.938804988654994,29820.24863719972
26.93980498865499,29820.204477310497
26.94080498865499,29820.160317421276
26.94180498865499,29820.116157532055
26.94280498865499,29820.071997642834
26.94380498865499,29820.027837753612
26.944804988654987,29819.98367786439
26.945804988654988,29819.93951797517
26.94680498865499,29819.89535808595
26.947804988654987,29819.851198196728
26.948804988654985,29819.807038307506
26.949804988654986,29819.762878418285
26.950804988654987,29819.718718529064
26.951804988654985,29819.674558639843
26.952804988654982,29819.63039875062
26.953804988654984,29819.5862388614
26.954804988654985,29819.54207897218
26.955804988654982,29819.497919082958
26.95680498865498,29819.453759193737
26.95780498865498,29819.409599304516
26.958804988654983,29819.365439415295
26.95980498865498,29819.321279526073
26.960804988654978,29819.277119636852
26.96180498865498,29819.23295974763
26.96280498865498,29819.18879985841
26.963804988654978,29819.14463996919
26.964804988654976,29819.100480079967
26.965804988654977,29819.056320190746
26.966804988654978,29819.012160301525
26.967804988654976,29818.968000412304
26.968804988654973,29818.923840523083
26.969804988654975,29818.87968063386
26.970804988654976,29818.83552074464
26.971804988654974,29818.79136085542
26.97280498865497,29818.747200966198
26.973804988654972,29818.703041076977
26.974804988654974,29818.658881187755
26.97580498865497,29818.614721298534
26.97680498865497,29818.570561409313
26.97780498865497,29818.526401520092
26.97880498865497,29818.48224163087
26.97980498865497,29818.43808174165
26.980804988654967,29818.39392185243
26.981804988654968,29818.349761963207
26.98280498865497,29818.305602073986
26.983804988654967,29818.261442184765
26.984804988654965,29818.217282295544
26.985804988654966,29818.173122406322
26.986804988654967,29818.1289625171
26.987804988654965,29818.08480262788
26.988804988654962,29818.04064273866
26.989804988654964,29817.996482849438
26.990804988654965,29817.952322960216
26.991804988654962,29817.908163070995
26.99280498865496,29817.864003181774
26.99380498865496,29817.819843292553
26.994804988654963,29817.77568340333
26.99580498865496,29817.73152351411
26.996804988654958,29817.68736362489
26.99780498865496,29817.643203735668
26.99880498865496,29817.599043846447
26.999804988654958,29817.554883957226
27.000804988654956,29817.510724068004
27.001804988654957,29817.466564178783
27.002804988654958,29817.422404289562
27.003804988654956,29817.37824440034
27.004804988654953,29817.33408451112
27.005804988654955,29817.2899246219
27.006804988654956,29817.245764732677
27.007804988654954,29817.201604843456
27.00880498865495,29817.157444954235
27.009804988654952,29817.113285065014
27.010804988654954,29817.069125175793
27.01180498865495,29817.02496528657
27.01280498865495,29816.98080539735
27.01380498865495,29816.93664550813
27.01480498865495,29816.892485618908
27.01580498865495,29816.848325729687
27.016804988654947,29816.804165840465
27.017804988654948,29816.760005951244
27.01880498865495,29816.715846062023
27.019804988654947,29816.671686172802
27.020804988654945,29816.62752628358
27.021804988654946,29816.58336639436
27.022804988654947,29816.53920650514
27.023804988654945,29816.495046615917
27.024804988654942,29816.450886726696
27.025804988654944,29816.406726837475
27.026804988654945,29816.362566948254
27.027804988654943,29816.318407059032
27.02880498865494,29816.27424716981
27.02980498865494,29816.23008728059
27.030804988654943,29816.18592739137
27.03180498865494,29816.141767502148
27.032804988654938,29816.097607612926
27.03380498865494,29816.053447723705
27.03480498865494,29816.009287834484
27.035804988654938,29815.965127945263
27.036804988654936,29815.92096805604
27.037804988654937,29815.87680816682
27.038804988654938,29815.8326482776
27.039804988654936,29815.788488388378
27.040804988654934,29815.744328499157
27.041804988654935,29815.700168609936
27.042804988654936,29815.656008720714
27.043804988654934,29815.611848831493
27.04480498865493,29815.567688942272
27.045804988654933,29815.52352905305
27.046804988654934,29815.47936916383
27.04780498865493,29815.43520927461
27.04880498865493,29815.391049385387
27.04980498865493,29815.346889496166
27.05080498865493,29815.302729606945
27.05180498865493,29815.258569717724
27.052804988654927,29815.214409828503
27.053804988654928,29815.17024993928
27.05480498865493,29815.12609005006
27.055804988654927,29815.08193016084
27.056804988654925,29815.037770271618
27.057804988654926,29814.993610382397
27.058804988654927,29814.949450493175
27.059804988654925,29814.905290603954
27.060804988654922,29814.861130714737
27.061804988654924,29814.81697082551
27.062804988654925,29814.77281093629
27.063804988654923,29814.728651047073
27.06480498865492,29814.684491157852
27.06580498865492,29814.64033126863
27.066804988654923,29814.59617137941
27.06780498865492,29814.55201149019
27.068804988654918,29814.507851600967
27.06980498865492,29814.463691711746
27.07080498865492,29814.419531822525
27.071804988654918,29814.375371933304
27.072804988654916,29814.331212044082
27.073804988654917,29814.28705215486
27.07480498865492,29814.24289226564
27.075804988654916,29814.19873237642
27.076804988654914,29814.154572487198
27.077804988654915,29814.110412597976
27.078804988654916,29814.066252708755
27.079804988654914,29814.022092819534
27.08080498865491,29813.977932930313
27.081804988654913,29813.93377304109
27.082804988654914,29813.88961315187
27.08380498865491,29813.84545326265
27.08480498865491,29813.801293373428
27.08580498865491,29813.757133484207
27.08680498865491,29813.712973594986
27.08780498865491,29813.668813705764
27.088804988654907,29813.624653816543
27.089804988654908,29813.580493927322
27.09080498865491,29813.5363340381
27.091804988654907,29813.49217414888
27.092804988654905,29813.44801425966
27.093804988654906,29813.403854370437
27.094804988654907,29813.359694481216
27.095804988654905,29813.315534591995
27.096804988654903,29813.271374702774
27.097804988654904,29813.227214813553
27.098804988654905,29813.18305492433
27.099804988654903,29813.13889503511
27.1008049886549,29813.09473514589
27.1018049886549,29813.050575256668
27.102804988654903,29813.006415367447
27.1038049886549,29812.962255478225
27.104804988654898,29812.918095589004
27.1058049886549,29812.873935699783
27.1068049886549,29812.829775810562
27.107804988654898,29812.78561592134
27.108804988654896,29812.74145603212
27.109804988654897,29812.6972961429
27.1108049886549,29812.653136253677
27.111804988654896,29812.608976364456
27.112804988654894,29812.564816475235
27.113804988654895,29812.520656586014
27.114804988654896,29812.476496696792
27.115804988654894,29812.43233680757
27.11680498865489,29812.38817691835
27.117804988654893,29812.34401702913
27.118804988654894,29812.299857139908
27.11980498865489,29812.255697250686
27.12080498865489,29812.211537361465
27.12180498865489,29812.167377472244
27.12280498865489,29812.123217583023
27.12380498865489,29812.0790576938
27.124804988654887,29812.03489780458
27.125804988654888,29811.99073791536
27.12680498865489,29811.946578026138
27.127804988654887,29811.902418136917
27.128804988654885,29811.858258247696
27.129804988654886,29811.814098358474
27.130804988654887,29811.769938469253
27.131804988654885,29811.725778580032
27.132804988654883,29811.68161869081
27.133804988654884,29811.63745880159
27.134804988654885,29811.59329891237
27.135804988654883,29811.549139023147
27.13680498865488,29811.504979133926
27.13780498865488,29811.460819244705
27.138804988654883,29811.416659355484
27.13980498865488,29811.372499466263
27.140804988654878,29811.32833957704
27.14180498865488,29811.28417968782
27.14280498865488,29811.2400197986
27.14380498865488,29811.195859909378
27.144804988654876,29811.151700020157
27.145804988654877,29811.107540130935
27.14680498865488,29811.063380241714
27.147804988654876,29811.019220352493
27.148804988654874,29810.97506046327
27.149804988654875,29810.93090057405
27.150804988654876,29810.88674068483
27.151804988654874,29810.84258079561
27.15280498865487,29810.798420906387
27.153804988654873,29810.754261017166
27.154804988654874,29810.710101127945
27.15580498865487,29810.665941238723
27.15680498865487,29810.621781349502
27.15780498865487,29810.57762146028
27.15880498865487,29810.53346157106
27.15980498865487,29810.48930168184
27.160804988654867,29810.445141792618
27.16180498865487,29810.400981903396
27.16280498865487,29810.356822014175
27.163804988654867,29810.312662124954
27.164804988654865,29810.268502235733
27.165804988654866,29810.22434234651
27.166804988654867,29810.18018245729
27.167804988654865,29810.13602256807
27.168804988654863,29810.091862678848
27.169804988654864,29810.047702789627
27.170804988654865,29810.003542900406
27.171804988654863,29809.959383011184
27.17280498865486,29809.915223121963
27.17380498865486,29809.871063232742
27.174804988654863,29809.82690334352
27.17580498865486,29809.7827434543
27.176804988654858,29809.73858356508
27.17780498865486,29809.694423675857
27.17880498865486,29809.650263786636
27.17980498865486,29809.606103897415
27.180804988654856,29809.561944008194
27.181804988654857,29809.517784118972
27.18280498865486,29809.47362422975
27.183804988654856,29809.42946434053
27.184804988654854,29809.38530445131
27.185804988654855,29809.341144562088
27.186804988654856,29809.296984672867
27.187804988654854,29809.252824783645
27.18880498865485,29809.208664894424
27.189804988654853,29809.164505005203
27.190804988654854,29809.12034511598
27.19180498865485,29809.07618522676
27.19280498865485,29809.03202533754
27.19380498865485,29808.98786544832
27.19480498865485,29808.943705559097
27.19580498865485,29808.899545669876
27.196804988654847,29808.855385780655
27.19780498865485,29808.811225891433
27.19880498865485,29808.767066002212
27.199804988654847,29808.72290611299
27.200804988654845,29808.67874622377
27.201804988654846,29808.63458633455
27.202804988654847,29808.590426445327
27.203804988654845,29808.546266556106
27.204804988654843,29808.502106666885
27.205804988654844,29808.457946777664
27.206804988654845,29808.413786888443
27.207804988654843,29808.36962699922
27.20880498865484,29808.325467110004
27.20980498865484,29808.28130722078
27.210804988654843,29808.237147331558
27.21180498865484,29808.192987442337
27.212804988654838,29808.14882755312
27.21380498865484,29808.102264405585
27.21480498865484,29807.9256248487
27.21580498865484,29807.748985291815
27.216804988654836,29807.57234573493
27.217804988654837,29807.395706178046
27.21880498865484,29807.21906662116
27.219804988654836,29807.042427064276
27.220804988654834,29806.86578750739
27.221804988654835,29806.689147950507
27.222804988654836,29806.512508393622
27.223804988654834,29806.335868836737
27.22480498865483,29806.159229279852
27.225804988654833,29805.982589722968
27.226804988654834,29805.805950166083
27.22780498865483,29805.629310609198
27.22880498865483,29805.452671052317
27.22980498865483,29805.276031495432
27.230804988654832,29805.099391938544
27.23180498865483,29804.922752381663
27.232804988654827,29804.746112824778
27.23380498865483,29804.569473267893
27.23480498865483,29804.39283371101
27.235804988654827,29804.216194154124
27.236804988654825,29804.03955459724
27.237804988654826,29803.862915040354
27.238804988654827,29803.68627548347
27.239804988654825,29803.509635926584
27.240804988654823,29803.3329963697
27.241804988654824,29803.156356812815
27.242804988654825,29802.97971725593
27.243804988654823,29802.803077699045
27.24480498865482,29802.62643814216
27.24580498865482,29802.449798585276
27.246804988654823,29802.27315902839
27.24780498865482,29802.096519471506
27.24880498865482,29801.91987991462
27.24980498865482,29801.743240357737
27.25080498865482,29801.566600800852
27.25180498865482,29801.389961243967
27.252804988654816,29801.213321687082
27.253804988654817,29801.036682130198
27.25480498865482,29800.860042573313
27.255804988654816,29800.68340301643
27.256804988654814,29800.506763459543
27.257804988654815,29800.33012390266
27.258804988654816,29800.153484345774
27.259804988654814,29799.97684478889
27.26080498865481,29799.800205232004
27.261804988654813,29799.62356567512
27.262804988654814,29799.446926118235
27.26380498865481,29799.27028656135
27.26480498865481,29799.09364700447
27.26580498865481,29798.917007447584
27.266804988654812,29798.740367890696
27.26780498865481,29798.563728333815
27.268804988654807,29798.38708877693
27.26980498865481,29798.210449220045
27.27080498865481,29798.03380966316
27.271804988654807,29797.857170106276
27.272804988654805,29797.68053054939
27.273804988654806,29797.503890992506
27.274804988654807,29797.32725143562
27.275804988654805,29797.150611878737
27.276804988654803,29796.97397232185
27.277804988654804,29796.797332764967
27.278804988654805,29796.620693208082
27.279804988654803,29796.444053651197
27.2808049886548,29796.267414094313
27.2818049886548,29796.090774537428
27.282804988654803,29795.914134980543
27.2838049886548,29795.73749542366
27.2848049886548,29795.560855866774
27.2858049886548,29795.38421630989
27.2868049886548,29795.207576753004
27.2878049886548,29795.03093719612
27.288804988654796,29794.854297639235
27.289804988654797,29794.67765808235
27.2908049886548,29794.501018525465
27.291804988654796,29794.32437896858
27.292804988654794,29794.147739411696
27.293804988654795,29793.97109985481
27.294804988654796,29793.794460297926
27.295804988654794,29793.61782074104
27.29680498865479,29793.441181184156
27.297804988654793,29793.26454162727
27.298804988654794,29793.087902070387
27.29980498865479,29792.911262513502
27.30080498865479,29792.73462295662
27.30180498865479,29792.557983399736
27.302804988654792,29792.381343842848
27.30380498865479,29792.204704285967
27.304804988654787,29792.028064729082
27.30580498865479,29791.851425172197
27.30680498865479,29791.705327033673
27.307804988654787,29791.749486922894
27.308804988654785,29791.793646812115
27.309804988654786,29791.837806701336
27.310804988654787,29791.881966590558
27.311804988654785,29791.92612647978
27.312804988654783,29791.970286369
27.313804988654784,29792.01444625822
27.314804988654785,29792.058606147442
27.315804988654783,29792.102766036664
27.31680498865478,29792.146925925885
27.317804988654782,29792.191085815106
27.318804988654783,29792.235245704327
27.31980498865478,29792.27940559355
27.32080498865478,29792.32356548277
27.32180498865478,29792.36772537199
27.32280498865478,29792.411885261212
27.32380498865478,29792.456045150433
27.324804988654776,29792.500205039654
27.325804988654777,29792.544364928875
27.32680498865478,29792.588524818097
27.327804988654776,29792.632684707318
27.328804988654774,29792.67684459654
27.329804988654775,29792.72100448576
27.330804988654776,29792.76516437498
27.331804988654774,29792.809324264203
27.33280498865477,29792.853484153424
27.333804988654773,29792.897644042645
27.334804988654774,29792.941803931866
27.335804988654772,29792.985963821087
27.33680498865477,29793.03012371031
27.33780498865477,29793.07428359953
27.338804988654772,29793.11844348875
27.33980498865477,29793.162603377972
27.340804988654767,29793.206763267193
27.34180498865477,29793.250923156415
27.34280498865477,29793.295083045636
27.343804988654767,29793.339242934857
27.344804988654765,29793.383402824078
27.345804988654766,29793.4275627133
27.346804988654767,29793.47172260252
27.347804988654765,29793.51588249174
27.348804988654763,29793.560042380963
27.349804988654764,29793.604202270184
27.350804988654765,29793.648362159405
27.351804988654763,29793.692522048626
27.35280498865476,29793.736681937848
27.353804988654762,29793.78084182707
27.354804988654763,29793.82500171629
27.35580498865476,29793.86916160551
27.35680498865476,29793.913321494732
27.35780498865476,29793.957481383954
27.35880498865476,29794.001641273175
27.35980498865476,29794.045801162396
27.360804988654756,29794.089961051613
27.361804988654757,29794.134120940835
27.36280498865476,29794.17828083006
27.363804988654756,29794.222440719277
27.364804988654754,29794.2666006085
27.365804988654755,29794.31076049772
27.366804988654756,29794.35492038694
27.367804988654754,29794.399080276162
27.36880498865475,29794.443240165383
27.369804988654753,29794.487400054604
27.370804988654754,29794.531559943825
27.371804988654752,29794.575719833047
27.37280498865475,29794.619879722268
27.37380498865475,29794.66403961149
27.374804988654752,29794.70819950071
27.37580498865475,29794.75235938993
27.376804988654747,29794.796519279153
27.37780498865475,29794.840679168374
27.37880498865475,29794.884839057595
27.379804988654747,29794.928998946816
27.380804988654745,29794.973158836037
27.381804988654746,29795.01731872526
27.382804988654748,29795.06147861448
27.383804988654745,29795.1056385037
27.384804988654743,29795.149798392922
27.385804988654744,29795.193958282143
27.386804988654745,29795.238118171364
27.387804988654743,29795.282278060586
27.38880498865474,29795.326437949807
27.389804988654742,29795.370597839028
27.390804988654743,29795.41475772825
27.39180498865474,29795.45891761747
27.39280498865474,29795.50307750669
27.39380498865474,29795.547237395913
27.39480498865474,29795.591397285134
27.39580498865474,29795.635557174355
27.396804988654736,29795.679717063576
27.397804988654737,29795.723876952798
27.39880498865474,29795.76803684202
27.399804988654736,29795.81219673124
27.400804988654734,29795.85635662046
27.401804988654735,29795.900516509682
27.402804988654736,29795.944676398904
27.403804988654734,29795.988836288125
27.404804988654732,29796.032996177346
27.405804988654733,29796.077156066567
27.406804988654734,29796.12131595579
27.407804988654732,29796.16547584501
27.40880498865473,29796.20963573423
27.40980498865473,29796.253795623452
27.410804988654732,29796.297955512673
27.41180498865473,29796.342115401894
27.412804988654727,29796.386275291115
27.41380498865473,29796.430435180337
27.41480498865473,29796.474595069558
27.415804988654727,29796.51875495878
27.416804988654725,29796.562914848
27.417804988654726,29796.60707473722
27.418804988654728,29796.651234626443
27.419804988654725,29796.695394515664
27.420804988654723,29796.739554404885
27.421804988654724,29796.783714294106
27.422804988654725,29796.827874183327
27.423804988654723,29796.87203407255
27.42480498865472,29796.91619396177
27.425804988654722,29796.96035385099
27.426804988654723,29797.004513740212
27.42780498865472,29797.048673629433
27.42880498865472,29797.092833518655
27.42980498865472,29797.136993407876
27.43080498865472,29797.181153297097
27.43180498865472,29797.225313186318
27.432804988654716,29797.26947307554
27.433804988654718,29797.31363296476
27.43480498865472,29797.35779285398
27.435804988654716,29797.401952743203
27.436804988654714,29797.446112632424
27.437804988654715,29797.490272521645
27.438804988654717,29797.534432410866
27.439804988654714,29797.578592300088
27.440804988654712,29797.62275218931
27.441804988654713,29797.66691207853
27.442804988654714,29797.71107196775
27.443804988654712,29797.755231856972
27.44480498865471,29797.799391746194
27.44580498865471,29797.843551635415
27.446804988654712,29797.706966401456
27.44780498865471,29797.53032684457
27.448804988654707,29797.35368728769
27.44980498865471,29797.177047730802
27.45080498865471,29797.000408173917
27.451804988654708,29796.823768617036
27.452804988654705,29796.64712906015
27.453804988654706,29796.470489503266
27.454804988654708,29796.293849946378
27.455804988654705,29796.117210389497
27.456804988654703,29795.940570832612
27.457804988654704,29795.763931275727
27.458804988654705,29795.587291718843
27.459804988654703,29795.410652161958
27.4608049886547,29795.234012605073
27.461804988654702,29795.05737304819
27.462804988654703,29794.880733491304
27.4638049886547,29794.70409393442
27.4648049886547,29794.527454377534
27.4658049886547,29794.35081482065
27.4668049886547,29794.174175263764
27.4678049886547,29793.99753570688
27.468804988654696,29793.820896149995
27.469804988654698,29793.64425659311
27.4708049886547,29793.467617036225
27.471804988654696,29793.29097747934
27.472804988654694,29793.114337922456
27.473804988654695,29792.93769836557
27.474804988654697,29792.761058808686
27.475804988654694,29792.5844192518
27.476804988654692,29792.407779694917
27.477804988654693,29792.231140138032
27.478804988654694,29792.054500581147
27.479804988654692,29791.877861024263
27.48080498865469,29791.701221467378
27.48180498865469,29791.524581910493
27.482804988654692,29791.34794235361
27.48380498865469,29791.171302796723
27.484804988654687,29790.99466323984
27.48580498865469,29790.818023682954
27.48680498865469,29790.64138412607
27.487804988654688,29790.464744569184
27.488804988654685,29790.2881050123
27.489804988654686,29790.111465455415
27.490804988654688,29789.93482589853
27.491804988654685,29789.758186341645
27.492804988654683,29789.581546784764
27.493804988654684,29789.40490722788
27.494804988654685,29789.22826767099
27.495804988654683,29789.05162811411
27.49680498865468,29788.874988557225
27.497804988654682,29788.69834900034
27.498804988654683,29788.521709443456
27.49980498865468,29788.34506988657
27.50080498865468,29788.168430329686
27.50180498865468,29787.9917907728
27.50280498865468,29787.815151215917
27.50380498865468,29787.63851165903
27.504804988654676,29787.461872102147
27.505804988654678,29787.285232545262
27.50680498865468,29787.108592988377
27.507804988654676,29786.931953431493
27.508804988654674,29786.755313874608
27.509804988654675,29786.578674317723
27.510804988654677,29786.40203476084
27.511804988654674,29786.225395203954
27.512804988654672,29786.04875564707
27.513804988654673,29785.872116090184
27.514804988654674,29785.6954765333
27.515804988654672,29785.518836976415
27.51680498865467,29785.34219741953
27.51780498865467,29785.165557862645
27.518804988654672,29784.98891830576
27.51980498865467,29784.812278748876
27.520804988654668,29784.63563919199
27.52180498865467,29784.458999635106
27.52280498865467,29784.28236007822
27.523804988654668,29784.105720521336
27.524804988654665,29783.92908096445
27.525804988654667,29783.752441407567
27.526804988654668,29783.575801850682
27.527804988654665,29783.399162293797
27.528804988654663,29783.222522736916
27.529804988654664,29783.04588318003
27.530804988654666,29782.869243623143
27.531804988654663,29782.692604066262
27.53280498865466,29782.515964509377
27.533804988654662,29782.339324952492
27.534804988654663,29782.162685395608
27.53580498865466,29781.986045838723
27.53680498865466,29781.809406281838
27.53780498865466,29781.632766724953
27.53880498865466,29781.45612716807
27.53980498865466,29781.23803138898
27.540804988654656,29781.017231942875
27.541804988654658,29780.79643249677
27.54280498865466,29780.575633050663
27.543804988654657,29780.354833604557
27.544804988654654,29780.13403415845
27.545804988654655,29779.913234712345
27.546804988654657,29779.69243526624
27.547804988654654,29779.471635820133
27.548804988654652,29779.250836374027
27.549804988654653,29779.03003692792
27.550804988654654,29778.809237481815
27.551804988654652,29778.58843803571
27.55280498865465,29778.367638589603
27.55380498865465,29778.146839143497
27.554804988654652,29777.92603969739
27.55580498865465,29777.705240251285
27.556804988654648,29777.48444080518
27.55780498865465,29777.263641359074
27.55880498865465,29777.042841912968
27.559804988654648,29776.82204246686
27.560804988654645,29776.601243020756
27.561804988654647,29776.38044357465
27.562804988654648,29776.159644128544
27.563804988654645,29775.938844682438
27.564804988654643,29775.71804523633
27.565804988654644,29775.497245790226
27.566804988654646,29775.27644634412
27.567804988654643,29775.055646898014
27.56880498865464,29774.83484745191
27.569804988654642,29774.614048005806
27.570804988654643,29774.393248559696
27.57180498865464,29774.172449113594
27.57280498865464,29773.951649667488
27.57380498865464,29773.730850221382
27.57480498865464,29773.510050775276
27.57580498865464,29773.28925132917
27.576804988654636,29773.068451883064
27.577804988654638,29772.847652436958
27.57880498865464,29772.626852990852
27.579804988654637,29772.406053544746
27.580804988654634,29772.18525409864
27.581804988654635,29771.964454652534
27.582804988654637,29771.74365520643
27.583804988654634,29771.522855760322
27.584804988654632,29771.302056314216
27.585804988654633,29771.08125686811
27.586804988654634,29770.860457422004
27.587804988654632,29770.6396579759
27.58880498865463,29770.418858529792
27.58980498865463,29770.198059083687
27.590804988654632,29769.97725963758
27.59180498865463,29769.756460191475
27.592804988654628,29769.53566074537
27.59380498865463,29769.314861299263
27.59480498865463,29769.094061853157
27.595804988654628,29768.87326240705
27.596804988654625,29768.65246296095
27.597804988654627,29768.431663514843
27.598804988654628,29768.210864068733
27.599804988654626,29767.99006462263
27.600804988654623,29767.769265176525
27.601804988654624,29767.54846573042
27.602804988654626,29767.327666284313
27.603804988654623,29767.106866838207
27.60480498865462,29766.8860673921
27.605804988654622,29766.665267945995
27.606804988654623,29766.44446849989
27.60780498865462,29766.223669053783
27.60880498865462,29766.002869607677
27.60980498865462,29765.78207016157
27.61080498865462,29765.561270715465
27.61180498865462,29765.34047126936
27.612804988654617,29765.119671823253
27.613804988654618,29764.898872377147
27.61480498865462,29764.67807293104
27.615804988654617,29764.457273484935
27.616804988654614,29764.23647403883
27.617804988654616,29764.015674592723
27.618804988654617,29763.794875146617
27.619804988654614,29763.57407570051
27.620804988654612,29763.353276254406
27.621804988654613,29763.1324768083
27.622804988654615,29762.911677362194
27.623804988654612,29762.690877916088
27.62480498865461,29762.470078469985
27.62580498865461,29762.24927902388
27.626804988654612,29762.02847957777
27.62780498865461,29761.807680131667
27.628804988654608,29761.58688068556
27.62980498865461,29761.366081239456
27.63080498865461,29761.14528179335
27.631804988654608,29760.934896469447
27.632804988654605,29760.890736580226
27.633804988654607,29760.846576691005
27.634804988654608,29760.802416801784
27.635804988654606,29760.758256912563
27.636804988654603,29760.71409702334
27.637804988654604,29760.66993713412
27.638804988654606,29760.6257772449
27.639804988654603,29760.581617355678
27.6408049886546,29760.537457466457
27.641804988654602,29760.493297577235
27.642804988654603,29760.449137688014
27.6438049886546,29760.404977798793
27.6448049886546,29760.36081790957
27.6458049886546,29760.31665802035
27.6468049886546,29760.27249813113
27.6478049886546,29760.22833824191
27.648804988654597,29760.184178352687
27.649804988654598,29760.140018463466
27.6508049886546,29760.095858574245
27.651804988654597,29760.051698685023
27.652804988654594,29760.007538795802
27.653804988654596,29759.96337890658
27.654804988654597,29759.91921901736
27.655804988654594,29759.87505912814
27.656804988654592,29759.83089923892
27.657804988654593,29759.7867393497
27.658804988654595,29759.742579460475
27.659804988654592,29759.698419571258
27.66080498865459,29759.654259682036
27.66180498865459,29759.610099792815
27.662804988654592,29759.565939903594
27.66380498865459,29759.521780014373
27.664804988654588,29759.47762012515
27.66580498865459,29759.43346023593
27.66680498865459,29759.38930034671
27.667804988654588,29759.345140457488
27.668804988654585,29759.300980568267
27.669804988654587,29759.256820679046
27.670804988654588,29759.212660789824
27.671804988654586,29759.168500900603
27.672804988654583,29759.124341011382
27.673804988654584,29759.08018112216
27.674804988654586,29759.03602123294
27.675804988654583,29758.99186134372
27.67680498865458,29758.947701454497
27.677804988654582,29758.903541565276
27.678804988654583,29758.859381676055
27.67980498865458,29758.815221786834
27.68080498865458,29758.771061897613
27.68180498865458,29758.72690200839
27.68280498865458,29758.68274211917
27.68380498865458,29758.63858222995
27.684804988654577,29758.594422340728
27.685804988654578,29758.550262451507
27.68680498865458,29758.506102562285
27.687804988654577,29758.461942673064
27.688804988654574,29758.417782783843
27.689804988654576,29758.37362289462
27.690804988654577,29758.3294630054
27.691804988654575,29758.28530311618
27.692804988654572,29758.24114322696
27.693804988654573,29758.196983337737
27.694804988654575,29758.152823448516
27.695804988654572,29758.108663559295
27.69680498865457,29758.064503670073
27.69780498865457,29758.020343780852
27.698804988654572,29757.97618389163
27.69980498865457,29757.93202400241
27.700804988654568,29757.88786411319
27.70180498865457,29757.843704223968
27.70280498865457,29757.799544334746
27.703804988654568,29757.755384445525
27.704804988654566,29757.711224556304
27.705804988654567,29757.667064667083
27.706804988654568,29757.62290477786
27.707804988654566,29757.57874488864
27.708804988654563,29757.53458499942
27.709804988654565,29757.490425110198
27.710804988654566,29757.446265220977
27.711804988654563,29757.402105331756
27.71280498865456,29757.357945442534
27.713804988654562,29757.313785553313
27.714804988654564,29757.269625664092
27.71580498865456,29757.22546577487
27.71680498865456,29757.18130588565
27.71780498865456,29757.13714599643
27.71880498865456,29757.092986107207
27.71980498865456,29757.048826217986
27.720804988654557,29757.004666328765
27.721804988654558,29756.960506439544
27.72280498865456,29756.916346550322
27.723804988654557,29756.8721866611
27.724804988654554,29756.78847313128
27.725804988654556,29756.523513795953
27.726804988654557,29756.258554460626
27.727804988654555,29755.9935951253
27.728804988654552,29755.728635789972
27.729804988654553,29755.463676454645
27.730804988654555,29755.198717119318
27.731804988654552,29754.93375778399
27.73280498865455,29754.668798448663
27.73380498865455,29754.403839113336
27.734804988654552,29754.13887977801
27.73580498865455,29753.873920442682
27.736804988654548,29753.608961107355
27.73780498865455,29753.344001772028
27.73880498865455,29753.0790424367
27.739804988654548,29752.814083101373
27.740804988654546,29752.549123766046
27.741804988654547,29752.28416443072
27.742804988654548,29752.019205095392
27.743804988654546,29751.754245760065
27.744804988654543,29751.48928642474
27.745804988654545,29751.224327089414
27.746804988654546,29750.959367754083
27.747804988654543,29750.69440841876
27.74880498865454,29750.429449083433
27.749804988654542,29750.164489748106
27.750804988654544,29749.89953041278
27.75180498865454,29749.63457107745
27.75280498865454,29749.369611742124
27.75380498865454,29749.104652406797
27.75480498865454,29748.83969307147
27.75580498865454,29748.574733736143
27.756804988654537,29748.309774400816
27.757804988654538,29748.04481506549
27.75880498865454,29747.77985573016
27.759804988654537,29747.514896394834
27.760804988654534,29747.249937059507
27.761804988654536,29746.98497772418
27.762804988654537,29746.720018388853
27.763804988654535,29746.455059053525
27.764804988654532,29746.1900997182
27.765804988654534,29745.92514038287
27.766804988654535,29745.660181047544
27.767804988654532,29745.395221712217
27.76880498865453,29745.130262376893
27.76980498865453,29744.865303041566
27.770804988654533,29744.600343706235
27.77180498865453,29744.335384370912
27.772804988654528,29744.070425035585
27.77380498865453,29743.805465700258
27.77480498865453,29743.54050636493
27.775804988654528,29743.275547029603
27.776804988654526,29743.010587694276
27.777804988654527,29742.74562835895
27.778804988654528,29742.480669023622
27.779804988654526,29742.215709688295
27.780804988654523,29741.950750352968
27.781804988654525,29741.68579101764
27.782804988654526,29741.420831682313
27.783804988654524,29741.155872346986
27.78480498865452,29740.89091301166
27.785804988654522,29740.625953676332
27.786804988654524,29740.360994341005
27.78780498865452,29740.096035005678
27.78880498865452,29739.831075670354
27.78980498865452,29739.566116335023
27.79080498865452,29739.301156999696
27.79180498865452,29739.03619766437
27.792804988654517,29738.771238329045
27.793804988654518,29738.50627899372
27.79480498865452,29738.241319658388
27.795804988654517,29737.976360323064
27.796804988654515,29737.711400987737
27.797804988654516,29737.44644165241
27.798804988654517,29737.181482317083
27.799804988654515,29736.916522981755
27.800804988654512,29736.65156364643
27.801804988654514,29736.3866043111
27.802804988654515,29736.121644975774
27.803804988654512,29735.856685640447
27.80480498865451,29735.59172630512
27.80580498865451,29735.326766969793
27.806804988654513,29735.061807634465
27.80780498865451,29734.79684829914
27.808804988654508,29734.53188896381
27.80980498865451,29734.266929628484
27.81080498865451,29734.001970293157
27.811804988654508,29733.73701095783
27.812804988654506,29733.472051622506
27.813804988654507,29733.207092287175
27.814804988654508,29732.942132951848
27.815804988654506,29732.677173616525
27.816804988654503,29732.412214281198
27.817804988654505,29732.14725494587
27.818804988654506,29731.88229561054
27.819804988654504,29731.617336275216
27.8208049886545,29731.35237693989
27.821804988654502,29731.08741760456
27.822804988654504,29730.822458269235
27.8238049886545,29730.557498933907
27.8248049886545,29730.29253959858
27.8258049886545,29730.027580263253
27.8268049886545,29729.762620927926
27.8278049886545,29729.4976615926
27.828804988654497,29729.23270225727
27.829804988654498,29728.967742921945
27.8308049886545,29728.702783586617
27.831804988654497,29728.43782425129
27.832804988654495,29728.172864915963
27.833804988654496,29727.907905580636
27.834804988654497,29727.64294624531
27.835804988654495,29727.37798690998
27.836804988654492,29727.113027574655
27.837804988654494,29726.848068239327
27.838804988654495,29726.583108904
27.839804988654492,29726.318149568673
27.84080498865449,29726.05319023335
27.84180498865449,29725.78823089802
27.842804988654493,29725.52327156269
27.84380498865449,29725.258312227368
27.844804988654488,29724.99335289204
27.84580498865449,29724.728393556714
27.84680498865449,29724.463434221387
27.847804988654488,29724.19847488606
27.848804988654486,29723.933515550732
27.849804988654487,29723.668556215405
27.850804988654488,29723.403596880078
27.851804988654486,29723.13863754475
27.852804988654484,29722.873678209424
27.853804988654485,29722.608718874097
27.854804988654486,29722.34375953877
27.855804988654484,29722.078800203442
27.85680498865448,29721.813840868115
27.857804988654483,29721.548881532788
27.858804988654484,29721.28392219746
27.85980498865448,29721.018962862134
27.86080498865448,29720.754003526807
27.86180498865448,29720.48904419148
27.86280498865448,29720.224084856152
27.86380498865448,29719.959125520825
27.864804988654477,29719.88866746455
27.865804988654478,29719.850027561482
27.86680498865448,29719.811387658414
27.867804988654477,29719.772747755345
27.868804988654475,29719.734107852277
27.869804988654476,29719.69546794921
27.870804988654477,29719.65682804614
27.871804988654475,29719.61818814307
27.872804988654472,29719.579548240003
27.873804988654474,29719.540908336934
27.874804988654475,29719.502268433866
27.875804988654473,29719.463628530797
27.87680498865447,29719.42498862773
27.87780498865447,29719.38634872466
27.878804988654473,29719.34770882159
27.87980498865447,29719.309068918523
27.880804988654468,29719.270429015454
27.88180498865447,29719.231789112386
27.88280498865447,29719.193149209317
27.883804988654468,29719.15450930625
27.884804988654466,29719.11586940318
27.885804988654467,29719.07722950011
27.886804988654468,29719.038589597043
27.887804988654466,29718.999949693974
27.888804988654464,29718.961309790906
27.889804988654465,29718.922669887837
27.890804988654466,29718.88402998477
27.891804988654464,29718.8453900817
27.89280498865446,29718.80675017863
27.893804988654463,29718.768110275563
27.894804988654464,29718.729470372495
27.89580498865446,29718.690830469426
27.89680498865446,29718.652190566358
27.89780498865446,29718.61355066329
27.89880498865446,29718.57491076022
27.89980498865446,29718.536270857152
27.900804988654457,29718.497630954087
27.901804988654458,29718.458991051015
27.90280498865446,29718.420351147946
27.903804988654457,29718.38171124488
27.904804988654455,29718.343071341813
27.905804988654456,29718.304431438744
27.906804988654457,29718.265791535676
27.907804988654455,29718.227151632607
27.908804988654452,29718.18851172954
27.909804988654454,29718.14987182647
27.910804988654455,29718.106600642586
27.911804988654453,29718.056920767212
27.91280498865445,29718.00724089184
27.91380498865445,29717.957561016465
27.914804988654453,29717.90788114109
27.91580498865445,29717.858201265717
27.916804988654448,29717.808521390343
27.91780498865445,29717.75884151497
27.91880498865445,29717.709161639596
27.919804988654448,29717.65948176422
27.920804988654446,29717.609801888848
27.921804988654447,29717.560122013474
27.92280498865445,29717.5104421381
27.923804988654446,29717.460762262726
27.924804988654444,29717.411082387353
27.925804988654445,29717.36140251198
27.926804988654446,29717.311722636605
27.927804988654444,29717.26204276123
27.92880498865444,29717.212362885857
27.929804988654443,29717.162683010483
27.930804988654444,29717.11300313511
27.93180498865444,29717.063323259736
27.93280498865444,29717.01364338436
27.93380498865444,29716.963963508988
27.93480498865444,29716.914283633614
27.93580498865444,29716.86460375824
27.936804988654437,29716.814923882866
27.937804988654438,29716.765244007493
27.93880498865444,29716.71556413212
27.939804988654437,29716.665884256745
27.940804988654435,29716.61620438137
27.941804988654436,29716.566524505997
27.942804988654437,29716.516844630623
27.943804988654435,29716.46716475525
27.944804988654433,29716.417484879876
27.945804988654434,29716.367805004502
27.946804988654435,29716.318125129128
27.947804988654433,29716.268445253754
27.94880498865443,29716.21876537838
27.94980498865443,29716.169085503006
27.950804988654433,29716.119405627633
27.95180498865443,29716.06972575226
27.952804988654428,29716.020045876885
27.95380498865443,29715.97036600151
27.95480498865443,29715.920686126137
27.955804988654428,29715.871006250763
27.956804988654426,29715.82132637539
27.957804988654427,29715.8203125
27.95880498865443,29715.8203125
27.959804988654426,29715.8203125
27.960804988654424,29715.8203125
27.961804988654425,29715.8203125
27.962804988654426,29715.8203125
27.963804988654424,29715.8203125
27.96480498865442,29715.8203125
27.965804988654423,29715.8203125
27.966804988654424,29715.8203125
27.96780498865442,29715.8203125
27.96880498865442,29715.8203125
27.96980498865442,29715.8203125
27.97080498865442,29715.8203125
27.97180498865442,29715.8203125
27.972804988654417,29715.8203125
27.97380498865442,29715.8203125
27.97480498865442,29715.8203125
27.975804988654417,29715.8203125
27.976804988654415,29715.8203125
27.977804988654416,29715.8203125
27.978804988654417,29715.8203125
27.979804988654415,29715.8203125
27.980804988654413,29715.8203125
27.981804988654414,29715.8203125
27.982804988654415,29715.8203125
27.983804988654413,29715.8203125
27.98480498865441,29715.8203125
27.98580498865441,29715.8203125
27.986804988654413,29715.8203125
27.98780498865441,29715.8203125
27.988804988654408,29715.8203125
27.98980498865441,29715.8203125
27.99080498865441,29715.8203125
27.99180498865441,29715.8203125
27.992804988654406,29715.8203125
27.993804988654407,29715.8203125
27.99480498865441,29715.8203125
27.995804988654406,29715.8203125
27.996804988654404,29715.8203125
27.997804988654405,29715.8203125
27.998804988654406,29715.8203125
27.999804988654404,29715.8203125
28.0008049886544,29715.8203125
28.001804988654403,29715.8203125
28.002804988654404,29715.8203125
28.0038049886544,29715.8203125
28.0048049886544,29715.8203125
28.0058049886544,29715.8203125
28.0068049886544,29715.8203125
28.0078049886544,29715.8203125
28.008804988654397,29715.8203125
28.0098049886544,29715.8203125
28.0108049886544,29715.8203125
28.011804988654397,29715.8203125
28.012804988654395,29715.8203125
28.013804988654396,29715.8203125
28.014804988654397,29715.8203125
28.015804988654395,29715.8203125
28.016804988654393,29715.8203125
28.017804988654394,29715.8203125
28.018804988654395,29715.8203125
28.019804988654393,29715.8203125
28.02080498865439,29715.8203125
28.02180498865439,29715.8203125
28.022804988654393,29715.8203125
28.02380498865439,29715.8203125
28.024804988654388,29715.8203125
28.02580498865439,29715.8203125
28.02680498865439,29715.8203125
28.02780498865439,29715.8203125
28.028804988654386,29715.8203125
28.029804988654387,29715.8203125
28.03080498865439,29715.8203125
28.031804988654386,29715.8203125
28.032804988654384,29715.8203125
28.033804988654385,29715.8203125
28.034804988654386,29715.8203125
28.035804988654384,29715.8203125
28.03680498865438,29715.8203125
28.037804988654383,29715.8203125
28.038804988654384,29715.8203125
28.03980498865438,29715.8203125
28.04080498865438,29715.8203125
28.04180498865438,29715.8203125
28.04280498865438,29715.8203125
28.04380498865438,29715.8203125
28.044804988654377,29715.8203125
28.04580498865438,29715.8203125
28.04680498865438,29715.8203125
28.047804988654377,29715.8203125
28.048804988654375,29715.8203125
28.049804988654376,29715.8203125
28.050804988654377,29715.8203125
28.051804988654375,29715.8203125
28.052804988654373,29715.8203125
28.053804988654374,29715.8203125
28.054804988654375,29715.8203125
28.055804988654373,29715.8203125
28.05680498865437,29715.8203125
28.05780498865437,29715.8203125
28.058804988654373,29715.8203125
28.05980498865437,29715.8203125
28.06080498865437,29715.8203125
28.06180498865437,29715.8203125
28.06280498865437,29715.8203125
28.06380498865437,29715.8203125
28.064804988654366,29715.8203125
28.065804988654367,29715.8203125
28.06680498865437,29715.8203125
28.067804988654366,29715.8203125
28.068804988654364,29715.8203125
28.069804988654365,29715.8203125
28.070804988654366,29715.8203125
28.071804988654364,29715.8203125
28.07280498865436,29715.8203125
28.073804988654363,29715.8203125
28.074804988654364,29715.8203125
28.07580498865436,29715.8203125
28.07680498865436,29715.8203125
28.07780498865436,29715.8203125
28.078804988654362,29715.8203125
28.07980498865436,29715.8203125
28.080804988654357,29715.8203125
28.08180498865436,29715.8203125
28.08280498865436,29715.8203125
28.083804988654357,29715.8203125
28.084804988654355,29715.8203125
28.085804988654356,29715.8203125
28.086804988654357,29715.8203125
28.087804988654355,29715.8203125
28.088804988654353,29715.8203125
28.089804988654354,29715.8203125
28.090804988654355,29715.8203125
28.091804988654353,29715.8203125
28.09280498865435,29715.8203125
28.09380498865435,29715.8203125
28.094804988654353,29715.8203125
28.09580498865435,29715.8203125
28.09680498865435,29715.8203125
28.09780498865435,29715.8203125
28.09880498865435,29715.8203125
28.09980498865435,29715.8203125
28.100804988654346,29715.8203125
28.101804988654347,29715.8203125
28.10280498865435,29715.8203125
28.103804988654346,29715.8203125
28.104804988654344,29715.8203125
28.105804988654345,29715.8203125
28.106804988654346,29715.8203125
28.107804988654344,29715.8203125
28.10880498865434,29715.8203125
28.109804988654343,29715.8203125
28.110804988654344,29715.8203125
28.11180498865434,29715.8203125
28.11280498865434,29715.8203125
28.11380498865434,29715.8203125
28.114804988654342,29715.8203125
28.11580498865434,29715.8203125
28.116804988654337,29715.8203125
28.11780498865434,29715.8203125
28.11880498865434,29715.8203125
28.119804988654337,29715.8203125
28.120804988654335,29715.8203125
28.121804988654336,29715.8203125
28.122804988654337,29715.8203125
28.123804988654335,29715.8203125
28.124804988654333,29715.8203125
28.125804988654334,29715.8203125
28.126804988654335,29715.8203125
28.127804988654333,29715.8203125
28.12880498865433,29715.8203125
28.12980498865433,29715.8203125
28.130804988654333,29715.8203125
28.13180498865433,29715.8203125
28.13280498865433,29715.8203125
28.13380498865433,29715.8203125
28.13480498865433,29715.8203125
28.13580498865433,29715.8203125
28.136804988654326,29715.8203125
28.137804988654327,29715.8203125
28.13880498865433,29715.8203125
28.139804988654326,29715.8203125
28.140804988654324,29715.8203125
28.141804988654325,29715.8203125
